id,zip_code,name_th,name_en,district_id,lat,long,created_at,updated_at,deleted_at
100101,10200,แขวงพระบรมมหาราชวัง,Kwaeng Phra Borom Maha Ratchawang,1001,,,2019-08-09T03:33:09.000+07:00,2025-09-20T06:31:26.000+07:00,
100102,10200,แขวงวังบูรพาภิรมย์,Kwaeng Wang Burapha Phirom,1001,,,2019-08-09T03:33:09.000+07:00,2025-09-20T06:31:26.000+07:00,
100103,10200,แขวงวัดราชบพิธ,Kwaeng Wat Ratchabophit,1001,,,2019-08-09T03:33:09.000+07:00,2025-09-20T06:31:26.000+07:00,
100104,10200,แขวงสำราญราษฎร์,Kwaeng Samran Rat,1001,,,2019-08-09T03:33:09.000+07:00,2025-09-20T06:31:26.000+07:00,
100105,10200,แขวงศาลเจ้าพ่อเสือ,Kwaeng San Chao Pho Suea,1001,,,2019-08-09T03:33:09.000+07:00,2025-09-20T06:31:26.000+07:00,
100106,10200,แขวงเสาชิงช้า,Kwaeng Sao Chingcha,1001,,,2019-08-09T03:33:09.000+07:00,2025-09-20T06:31:26.000+07:00,
100107,10200,แขวงบวรนิเวศ,Kwaeng Bowon Niwet,1001,,,2019-08-09T03:33:09.000+07:00,2025-09-20T06:31:26.000+07:00,
100108,10200,แขวงตลาดยอด,Kwaeng Talat Yot,1001,,,2019-08-09T03:33:09.000+07:00,2025-09-20T06:31:26.000+07:00,
100109,10200,แขวงชนะสงคราม,Kwaeng Chana Songkhram,1001,,,2019-08-09T03:33:09.000+07:00,2025-09-20T06:31:26.000+07:00,
100110,10200,แขวงบ้านพานถม,Kwaeng Ban Phan Thom,1001,,,2019-08-09T03:33:09.000+07:00,2025-09-20T06:31:26.000+07:00,
100111,10200,แขวงบางขุนพรหม,Kwaeng Bang Khun Phrom,1001,,,2019-08-09T03:33:09.000+07:00,2025-09-20T06:31:26.000+07:00,
100112,10200,แขวงวัดสามพระยา,Kwaeng Wat Sam Phraya,1001,,,2019-08-09T03:33:09.000+07:00,2025-09-20T06:31:26.000+07:00,
100201,10300,แขวงดุสิต,Kwaeng Dusit,1002,,,2019-08-09T03:33:09.000+07:00,2025-09-20T06:31:26.000+07:00,
100202,10300,แขวงวชิรพยาบาล,Kwaeng Wachiraphayaban,1002,,,2019-08-09T03:33:09.000+07:00,2025-09-20T06:31:26.000+07:00,
100203,10300,แขวงสวนจิตรลดา,Kwaeng Suan Chit Lada,1002,,,2019-08-09T03:33:09.000+07:00,2025-09-20T06:31:26.000+07:00,
100204,10300,แขวงสี่แยกมหานาค,Kwaeng Si Yaek Maha Nak,1002,,,2019-08-09T03:33:09.000+07:00,2025-09-20T06:31:26.000+07:00,
100206,10300,แขวงถนนนครไชยศรี,Kwaeng Thanon Nakhon Chai Si,1002,,,2019-08-09T03:33:09.000+07:00,2025-09-20T06:31:26.000+07:00,
100301,10530,แขวงกระทุ่มราย,Kwaeng Krathum Rai,1003,,,2019-08-09T03:33:09.000+07:00,2025-09-20T06:31:26.000+07:00,
100302,10530,แขวงหนองจอก,Kwaeng Nong Chok,1003,,,2019-08-09T03:33:09.000+07:00,2025-09-20T06:31:26.000+07:00,
100303,10530,แขวงคลองสิบ,Kwaeng Khlong Sip,1003,,,2019-08-09T03:33:09.000+07:00,2025-09-20T06:31:26.000+07:00,
100304,10530,แขวงคลองสิบสอง,Kwaeng Khlong Sip Song,1003,,,2019-08-09T03:33:09.000+07:00,2025-09-20T06:31:26.000+07:00,
100305,10530,แขวงโคกแฝด,Kwaeng Khok Faet,1003,,,2019-08-09T03:33:09.000+07:00,2025-09-20T06:31:26.000+07:00,
100306,10530,แขวงคู้ฝั่งเหนือ,Kwaeng Khu Fang Nuea,1003,,,2019-08-09T03:33:09.000+07:00,2025-09-20T06:31:26.000+07:00,
100307,10530,แขวงลำผักชี,Kwaeng Lam Phak Chi,1003,,,2019-08-09T03:33:09.000+07:00,2025-09-20T06:31:26.000+07:00,
100308,10530,แขวงลำต้อยติ่ง,Kwaeng Lam Toiting,1003,,,2019-08-09T03:33:09.000+07:00,2025-09-20T06:31:26.000+07:00,
100401,10500,แขวงมหาพฤฒาราม,Kwaeng Maha Phruettharam,1004,,,2019-08-09T03:33:09.000+07:00,2025-09-20T06:31:26.000+07:00,
100402,10500,แขวงสีลม,Kwaeng Si Lom,1004,,,2019-08-09T03:33:09.000+07:00,2025-09-20T06:31:26.000+07:00,
100403,10500,แขวงสุริยวงศ์,Kwaeng Suriyawong,1004,,,2019-08-09T03:33:09.000+07:00,2025-09-20T06:31:26.000+07:00,
100404,10500,แขวงบางรัก,Kwaeng Bang Rak,1004,,,2019-08-09T03:33:09.000+07:00,2025-09-20T06:31:26.000+07:00,
100405,10500,แขวงสี่พระยา,Kwaeng Si Phraya,1004,,,2019-08-09T03:33:09.000+07:00,2025-09-20T06:31:26.000+07:00,
100502,10220,แขวงอนุสาวรีย์,Kwaeng Anusawari,1005,,,2019-08-09T03:33:09.000+07:00,2025-09-20T06:31:26.000+07:00,
100508,10220,แขวงท่าแร้ง,Kwaeng Tha Raeng,1005,,,2019-08-09T03:33:09.000+07:00,2025-09-20T06:31:26.000+07:00,
100601,10240,แขวงคลองจั่น,Kwaeng Khlong Chan,1006,,,2019-08-09T03:33:09.000+07:00,2025-09-20T06:31:26.000+07:00,
100608,10240,แขวงหัวหมาก,Kwaeng Hua Mak,1006,,,2019-08-09T03:33:09.000+07:00,2025-09-20T06:31:26.000+07:00,
100701,10330,แขวงรองเมือง,Kwaeng Rong Mueang,1007,,,2019-08-09T03:33:09.000+07:00,2025-09-20T06:31:26.000+07:00,
100702,10330,แขวงวังใหม่,Kwaeng Wang Mai,1007,,,2019-08-09T03:33:09.000+07:00,2025-09-20T06:31:26.000+07:00,
100703,10330,แขวงปทุมวัน,Kwaeng Pathum Wan,1007,,,2019-08-09T03:33:09.000+07:00,2025-09-20T06:31:26.000+07:00,
100704,10330,แขวงลุมพินี,Kwaeng Lumphini,1007,,,2019-08-09T03:33:09.000+07:00,2025-09-20T06:31:26.000+07:00,
100801,10100,แขวงป้อมปราบ,Kwaeng Pom Prap,1008,,,2019-08-09T03:33:09.000+07:00,2025-09-20T06:31:26.000+07:00,
100802,10100,แขวงวัดเทพศิรินทร์,Kwaeng Wat Thep Sirin,1008,,,2019-08-09T03:33:09.000+07:00,2025-09-20T06:31:26.000+07:00,
100803,10100,แขวงคลองมหานาค,Kwaeng Khlong Maha Nak,1008,,,2019-08-09T03:33:09.000+07:00,2025-09-20T06:31:26.000+07:00,
100804,10100,แขวงบ้านบาตร,Kwaeng Ban Bat,1008,,,2019-08-09T03:33:09.000+07:00,2025-09-20T06:31:26.000+07:00,
100805,10100,แขวงวัดโสมนัส,Kwaeng Wat Sommanat,1008,,,2019-08-09T03:33:09.000+07:00,2025-09-20T06:31:26.000+07:00,
100905,10260,แขวงบางจาก,Kwaeng Bang Chak,1009,,,2019-08-09T03:33:09.000+07:00,2025-09-20T06:31:26.000+07:00,
101001,10510,แขวงมีนบุรี,Kwaeng Min Buri,1010,,,2019-08-09T03:33:09.000+07:00,2025-09-20T06:31:26.000+07:00,
101002,10510,แขวงแสนแสบ,Kwaeng Saen Saep,1010,,,2019-08-09T03:33:09.000+07:00,2025-09-20T06:31:26.000+07:00,
101101,10520,แขวงลาดกระบัง,Kwaeng Lat Krabang,1011,,,2019-08-09T03:33:09.000+07:00,2025-09-20T06:31:26.000+07:00,
101102,10520,แขวงคลองสองต้นนุ่น,Kwaeng Khlong Song Ton Nun,1011,,,2019-08-09T03:33:09.000+07:00,2025-09-20T06:31:26.000+07:00,
101103,10520,แขวงคลองสามประเวศ,Kwaeng Khlong Sam Prawet,1011,,,2019-08-09T03:33:09.000+07:00,2025-09-20T06:31:26.000+07:00,
101104,10520,แขวงลำปลาทิว,Kwaeng Lam Pla Thio,1011,,,2019-08-09T03:33:09.000+07:00,2025-09-20T06:31:26.000+07:00,
101105,10520,แขวงทับยาว,Kwaeng Thap Yao,1011,,,2019-08-09T03:33:09.000+07:00,2025-09-20T06:31:26.000+07:00,
101106,10520,แขวงขุมทอง,Kwaeng Khum Thong,1011,,,2019-08-09T03:33:09.000+07:00,2025-09-20T06:31:26.000+07:00,
101203,10120,แขวงช่องนนทรี,Kwaeng Chong Nonsi,1012,,,2019-08-09T03:33:09.000+07:00,2025-09-20T06:31:26.000+07:00,
101204,10120,แขวงบางโพงพาง,Kwaeng Bang Phongphang,1012,,,2019-08-09T03:33:09.000+07:00,2025-09-20T06:31:26.000+07:00,
101301,10100,แขวงจักรวรรดิ,Kwaeng Chakkrawat,1013,,,2019-08-09T03:33:09.000+07:00,2025-09-20T06:31:26.000+07:00,
101302,10100,แขวงสัมพันธวงศ์,Kwaeng Samphanthawong,1013,,,2019-08-09T03:33:09.000+07:00,2025-09-20T06:31:26.000+07:00,
101303,10100,แขวงตลาดน้อย,Kwaeng Talat Noi,1013,,,2019-08-09T03:33:09.000+07:00,2025-09-20T06:31:26.000+07:00,
101401,10400,แขวงสามเสนใน,Kwaeng Samsen Nai,1014,,,2019-08-09T03:33:09.000+07:00,2025-09-20T06:31:26.000+07:00,
101501,10600,แขวงวัดกัลยาณ์,Kwaeng Wat Kanlaya,1015,,,2019-08-09T03:33:09.000+07:00,2025-09-20T06:31:26.000+07:00,
101502,10600,แขวงหิรัญรูจี,Kwaeng Hiran Ruchi,1015,,,2019-08-09T03:33:09.000+07:00,2025-09-20T06:31:26.000+07:00,
101503,10600,แขวงบางยี่เรือ,Kwaeng Bang Yi Ruea,1015,,,2019-08-09T03:33:09.000+07:00,2025-09-20T06:31:26.000+07:00,
101504,10600,แขวงบุคคโล,Kwaeng Bukkhalo,1015,,,2019-08-09T03:33:09.000+07:00,2025-09-20T06:31:26.000+07:00,
101505,10600,แขวงตลาดพลู,Kwaeng Talat Phlu,1015,,,2019-08-09T03:33:09.000+07:00,2025-09-20T06:31:26.000+07:00,
101506,10600,แขวงดาวคะนอง,Kwaeng Dao Khanong,1015,,,2019-08-09T03:33:09.000+07:00,2025-09-20T06:31:26.000+07:00,
101507,10600,แขวงสำเหร่,Kwaeng Samre,1015,,,2019-08-09T03:33:09.000+07:00,2025-09-20T06:31:26.000+07:00,
101601,10600,แขวงวัดอรุณ,Kwaeng Wat Arun,1016,,,2019-08-09T03:33:09.000+07:00,2025-09-20T06:31:26.000+07:00,
101602,10600,แขวงวัดท่าพระ,Kwaeng Wat Tha Phra,1016,,,2019-08-09T03:33:09.000+07:00,2025-09-20T06:31:26.000+07:00,
101701,10310,แขวงห้วยขวาง,Kwaeng Huai Khwang,1017,,,2019-08-09T03:33:09.000+07:00,2025-09-20T06:31:26.000+07:00,
101702,10310,แขวงบางกะปิ,Kwaeng Bang Kapi,1017,,,2019-08-09T03:33:09.000+07:00,2025-09-20T06:31:26.000+07:00,
101704,10310,แขวงสามเสนนอก,Kwaeng Samsen Nok,1017,,,2019-08-09T03:33:09.000+07:00,2025-09-20T06:31:26.000+07:00,
101801,10600,แขวงสมเด็จเจ้าพระยา,Kwaeng Somdet Chao Phraya,1018,,,2019-08-09T03:33:09.000+07:00,2025-09-20T06:31:26.000+07:00,
101802,10600,แขวงคลองสาน,Kwaeng Khlong San,1018,,,2019-08-09T03:33:09.000+07:00,2025-09-20T06:31:26.000+07:00,
101803,10600,แขวงบางลำภูล่าง,Kwaeng Bang Lamphu Lang,1018,,,2019-08-09T03:33:09.000+07:00,2025-09-20T06:31:26.000+07:00,
101804,10600,แขวงคลองต้นไทร,Kwaeng Khlong Ton Sai,1018,,,2019-08-09T03:33:09.000+07:00,2025-09-20T06:31:26.000+07:00,
101901,10170,แขวงคลองชักพระ,Kwaeng Khlong Chak Phra,1019,,,2019-08-09T03:33:09.000+07:00,2025-09-20T06:31:26.000+07:00,
101902,10170,แขวงตลิ่งชัน,Kwaeng Taling Chan,1019,,,2019-08-09T03:33:09.000+07:00,2025-09-20T06:31:26.000+07:00,
101903,10170,แขวงฉิมพลี,Kwaeng Chimphli,1019,,,2019-08-09T03:33:09.000+07:00,2025-09-20T06:31:26.000+07:00,
101904,10170,แขวงบางพรม,Kwaeng Bang Phrom,1019,,,2019-08-09T03:33:09.000+07:00,2025-09-20T06:31:26.000+07:00,
101905,10170,แขวงบางระมาด,Kwaeng Bang Ramat,1019,,,2019-08-09T03:33:09.000+07:00,2025-09-20T06:31:26.000+07:00,
101907,10170,แขวงบางเชือกหนัง,Kwaeng Bang Chueak Nang,1019,,,2019-08-09T03:33:09.000+07:00,2025-09-20T06:31:26.000+07:00,
102004,10700,แขวงศิริราช,Kwaeng Siri Rat,1020,,,2019-08-09T03:33:09.000+07:00,2025-09-20T06:31:26.000+07:00,
102005,10700,แขวงบ้านช่างหล่อ,Kwaeng Ban Chang Lo,1020,,,2019-08-09T03:33:09.000+07:00,2025-09-20T06:31:26.000+07:00,
102006,10700,แขวงบางขุนนนท์,Kwaeng Bang Khun Non,1020,,,2019-08-09T03:33:09.000+07:00,2025-09-20T06:31:26.000+07:00,
102007,10700,แขวงบางขุนศรี,Kwaeng Bang Khun Si,1020,,,2019-08-09T03:33:09.000+07:00,2025-09-20T06:31:26.000+07:00,
102009,10700,แขวงอรุณอมรินทร์,Kwaeng Arun Ammarin,1020,,,2019-08-09T03:33:09.000+07:00,2025-09-20T06:31:26.000+07:00,
102105,10150,แขวงท่าข้าม,Kwaeng Tha Kham,1021,,,2019-08-09T03:33:09.000+07:00,2025-09-20T06:31:26.000+07:00,
102107,10150,แขวงแสมดำ,Kwaeng Samae Dam,1021,,,2019-08-09T03:33:09.000+07:00,2025-09-20T06:31:26.000+07:00,
102201,10160,แขวงบางหว้า,Kwaeng Bang Wa,1022,,,2019-08-09T03:33:09.000+07:00,2025-09-20T06:31:26.000+07:00,
102202,10160,แขวงบางด้วน,Kwaeng Bang Duan,1022,,,2019-08-09T03:33:09.000+07:00,2025-09-20T06:31:26.000+07:00,
102203,10160,แขวงบางแค,Kwaeng Bang Kae,1022,,,2019-08-09T03:33:09.000+07:00,2025-09-20T06:31:26.000+07:00,
102204,10160,แขวงบางแคเหนือ,Kwaeng Bang Kae Nua,1022,,,2019-08-09T03:33:09.000+07:00,2025-09-20T06:31:26.000+07:00,
102205,10160,แขวงบางไผ่,Kwaeng Bang Phai,1022,,,2019-08-09T03:33:09.000+07:00,2025-09-20T06:31:26.000+07:00,
102206,10160,แขวงบางจาก,Kwaeng Bang Chak,1022,,,2019-08-09T03:33:09.000+07:00,2025-09-20T06:31:26.000+07:00,
102207,10160,แขวงบางแวก,Kwaeng Bang Waek,1022,,,2019-08-09T03:33:09.000+07:00,2025-09-20T06:31:26.000+07:00,
102208,10160,แขวงคลองขวาง,Kwaeng Khlong Khwang,1022,,,2019-08-09T03:33:09.000+07:00,2025-09-20T06:31:26.000+07:00,
102209,10160,แขวงปากคลองภาษีเจริญ,Kwaeng Pak Khlong Phasi Charoen,1022,,,2019-08-09T03:33:09.000+07:00,2025-09-20T06:31:26.000+07:00,
102210,10160,แขวงคูหาสวรรค์,Kwaeng Khuha Sawan,1022,,,2019-08-09T03:33:09.000+07:00,2025-09-20T06:31:26.000+07:00,
102302,10160,แขวงหนองแขม,Kwaeng Nong Khaem,1023,,,2019-08-09T03:33:09.000+07:00,2025-09-20T06:31:26.000+07:00,
102303,10160,แขวงหนองค้างพลู,Kwaeng Nong Khang Phlu,1023,,,2019-08-09T03:33:09.000+07:00,2025-09-20T06:31:26.000+07:00,
102401,10140,แขวงราษฎร์บูรณะ,Kwaeng Rat Burana,1024,,,2019-08-09T03:33:09.000+07:00,2025-09-20T06:31:26.000+07:00,
102402,10140,แขวงบางปะกอก,Kwaeng Bang Pakok,1024,,,2019-08-09T03:33:09.000+07:00,2025-09-20T06:31:26.000+07:00,
102501,10700,แขวงบางพลัด,Kwaeng Bang Phlat,1025,,,2019-08-09T03:33:09.000+07:00,2025-09-20T06:31:26.000+07:00,
102502,10700,แขวงบางอ้อ,Kwaeng Bang O,1025,,,2019-08-09T03:33:09.000+07:00,2025-09-20T06:31:26.000+07:00,
102503,10700,แขวงบางบำหรุ,Kwaeng Bang Bamru,1025,,,2019-08-09T03:33:09.000+07:00,2025-09-20T06:31:26.000+07:00,
102504,10700,แขวงบางยี่ขัน,Kwaeng Bang Yi Khan,1025,,,2019-08-09T03:33:09.000+07:00,2025-09-20T06:31:26.000+07:00,
102601,10400,แขวงดินแดง,Kwaeng Din Daeng,1026,,,2019-08-09T03:33:09.000+07:00,2025-09-20T06:31:26.000+07:00,
102701,10240,แขวงคลองกุ่ม,Kwaeng Khlong Kum,1027,,,2019-08-09T03:33:09.000+07:00,2025-09-20T06:31:26.000+07:00,
102702,10240,แขวงสะพานสูง,Kwaeng Saphan Sung,1027,,,2019-08-09T03:33:09.000+07:00,2025-09-20T06:31:26.000+07:00,
102703,10240,แขวงคันนายาว,Kwaeng Khan Na Yao,1027,,,2019-08-09T03:33:09.000+07:00,2025-09-20T06:31:26.000+07:00,
102801,10120,แขวงทุ่งวัดดอน,Kwaeng Thung Wat Don,1028,,,2019-08-09T03:33:09.000+07:00,2025-09-20T06:31:26.000+07:00,
102802,10120,แขวงยานนาวา,Kwaeng Yan Nawa,1028,,,2019-08-09T03:33:09.000+07:00,2025-09-20T06:31:26.000+07:00,
102803,10120,แขวงทุ่งมหาเมฆ,Kwaeng Thung Maha Mek,1028,,,2019-08-09T03:33:09.000+07:00,2025-09-20T06:31:26.000+07:00,
102901,10800,แขวงบางซื่อ,Kwaeng Bang Sue,1029,,,2019-08-09T03:33:09.000+07:00,2025-09-20T06:31:26.000+07:00,
103001,10900,แขวงลาดยาว,Kwaeng Lat Yao,1030,,,2019-08-09T03:33:09.000+07:00,2025-09-20T06:31:26.000+07:00,
103002,10900,แขวงเสนานิคม,Kwaeng Sena Nikhom,1030,,,2019-08-09T03:33:09.000+07:00,2025-09-20T06:31:26.000+07:00,
103003,10900,แขวงจันทรเกษม,Kwaeng Chan Kasem,1030,,,2019-08-09T03:33:09.000+07:00,2025-09-20T06:31:26.000+07:00,
103004,10900,แขวงจอมพล,Kwaeng Chom Phon,1030,,,2019-08-09T03:33:09.000+07:00,2025-09-20T06:31:26.000+07:00,
103005,10900,แขวงจตุจักร,Kwaeng Chatuchak,1030,,,2019-08-09T03:33:09.000+07:00,2025-09-20T06:31:26.000+07:00,
103101,10120,แขวงบางคอแหลม,Kwaeng Bang Kho Laem,1031,,,2019-08-09T03:33:09.000+07:00,2025-09-20T06:31:26.000+07:00,
103102,10120,แขวงวัดพระยาไกร,Kwaeng Wat Phraya Krai,1031,,,2019-08-09T03:33:09.000+07:00,2025-09-20T06:31:26.000+07:00,
103103,10120,แขวงบางโคล่,Kwaeng Bang Khlo,1031,,,2019-08-09T03:33:09.000+07:00,2025-09-20T06:31:26.000+07:00,
103201,10250,แขวงประเวศ,Kwaeng Prawet,1032,,,2019-08-09T03:33:09.000+07:00,2025-09-20T06:31:26.000+07:00,
103202,10250,แขวงหนองบอน,Kwaeng Nong Bon,1032,,,2019-08-09T03:33:09.000+07:00,2025-09-20T06:31:26.000+07:00,
103203,10250,แขวงดอกไม้,Kwaeng Dokmai,1032,,,2019-08-09T03:33:09.000+07:00,2025-09-20T06:31:26.000+07:00,
103204,10250,แขวงสวนหลวง,Kwaeng Suan Luang,1032,,,2019-08-09T03:33:09.000+07:00,2025-09-20T06:31:26.000+07:00,
103301,10110,แขวงคลองเตย,Kwaeng Khlong Toei,1033,,,2019-08-09T03:33:09.000+07:00,2025-09-20T06:31:26.000+07:00,
103302,10110,แขวงคลองตัน,Kwaeng Khlong Tan,1033,,,2019-08-09T03:33:09.000+07:00,2025-09-20T06:31:26.000+07:00,
103303,10110,แขวงพระโขนง,Kwaeng Phra Khanong,1033,,,2019-08-09T03:33:09.000+07:00,2025-09-20T06:31:26.000+07:00,
103304,10110,แขวงคลองเตยเหนือ,Kwaeng Khlong Toei Nua,1033,,,2019-08-09T03:33:09.000+07:00,2025-09-20T06:31:26.000+07:00,
103305,10110,แขวงคลองตันเหนือ,Kwaeng Khlong Tan Nua,1033,,,2019-08-09T03:33:09.000+07:00,2025-09-20T06:31:26.000+07:00,
103306,10110,แขวงพระโขนงเหนือ,Kwaeng Phra Khanong Nua,1033,,,2019-08-09T03:33:09.000+07:00,2025-09-20T06:31:26.000+07:00,
103401,10250,แขวงสวนหลวง,Kwaeng Suan Luang,1034,,,2019-08-09T03:33:09.000+07:00,2025-09-20T06:31:26.000+07:00,
103501,10150,แขวงบางขุนเทียน,Kwaeng Bang Khun Thian,1035,,,2019-08-09T03:33:09.000+07:00,2025-09-20T06:31:26.000+07:00,
103502,10150,แขวงบางค้อ,Kwaeng Bang Kho,1035,,,2019-08-09T03:33:09.000+07:00,2025-09-20T06:31:26.000+07:00,
103503,10150,แขวงบางมด,Kwaeng Bang Mot,1035,,,2019-08-09T03:33:09.000+07:00,2025-09-20T06:31:26.000+07:00,
103504,10150,แขวงจอมทอง,Kwaeng Chom Thong,1035,,,2019-08-09T03:33:09.000+07:00,2025-09-20T06:31:26.000+07:00,
103602,10210,แขวงสีกัน,Kwaeng Si Kan,1036,,,2019-08-09T03:33:09.000+07:00,2025-09-20T06:31:26.000+07:00,
103701,10400,แขวงทุ่งพญาไท,Kwaeng Thung Phaya Thai,1037,,,2019-08-09T03:33:09.000+07:00,2025-09-20T06:31:26.000+07:00,
103702,10400,แขวงถนนพญาไท,Kwaeng Thanon Phaya Thai,1037,,,2019-08-09T03:33:09.000+07:00,2025-09-20T06:31:26.000+07:00,
103703,10400,แขวงถนนเพชรบุรี,Kwaeng Thanon Phetchaburi,1037,,,2019-08-09T03:33:09.000+07:00,2025-09-20T06:31:26.000+07:00,
103704,10400,แขวงมักกะสัน,Kwaeng Makkasan,1037,,,2019-08-09T03:33:09.000+07:00,2025-09-20T06:31:26.000+07:00,
103801,10230,แขวงลาดพร้าว,Kwaeng Lat Phrao,1038,,,2019-08-09T03:33:09.000+07:00,2025-09-20T06:31:26.000+07:00,
103802,10230,แขวงจรเข้บัว,Kwaeng Chorakhe Bua,1038,,,2019-08-09T03:33:09.000+07:00,2025-09-20T06:31:26.000+07:00,
103901,10110,แขวงคลองเตยเหนือ,Kwaeng Khlong Toei Nuea,1039,,,2019-08-09T03:33:09.000+07:00,2025-09-20T06:31:26.000+07:00,
103902,10110,แขวงคลองตันเหนือ,Kwaeng Khlong Tan Nuea,1039,,,2019-08-09T03:33:09.000+07:00,2025-09-20T06:31:26.000+07:00,
103903,10110,แขวงพระโขนงเหนือ,Kwaeng Phra Khanong Nuea,1039,,,2019-08-09T03:33:09.000+07:00,2025-09-20T06:31:26.000+07:00,
104001,10160,แขวงบางแค,Kwaeng Bang Khae,1040,,,2019-08-09T03:33:09.000+07:00,2025-09-20T06:31:26.000+07:00,
104002,10160,แขวงบางแคเหนือ,Kwaeng Bang Khae Nuea,1040,,,2019-08-09T03:33:09.000+07:00,2025-09-20T06:31:26.000+07:00,
104003,10160,แขวงบางไผ่,Kwaeng Bang Phai,1040,,,2019-08-09T03:33:09.000+07:00,2025-09-20T06:31:26.000+07:00,
104004,10160,แขวงหลักสอง,Kwaeng Lak Song,1040,,,2019-08-09T03:33:09.000+07:00,2025-09-20T06:31:26.000+07:00,
104101,10210,แขวงทุ่งสองห้อง,Kwaeng Thung Song Hong,1041,,,2019-08-09T03:33:09.000+07:00,2025-09-20T06:31:26.000+07:00,
104102,10210,แขวงตลาดบางเขน,Kwaeng Talat Bang Khen,1041,,,2019-08-09T03:33:09.000+07:00,2025-09-20T06:31:26.000+07:00,
104201,10220,แขวงสายไหม,Kwaeng Sai Mai,1042,,,2019-08-09T03:33:09.000+07:00,2025-09-20T06:31:26.000+07:00,
104202,10220,แขวงออเงิน,Kwaeng O Ngoen,1042,,,2019-08-09T03:33:09.000+07:00,2025-09-20T06:31:26.000+07:00,
104203,10220,แขวงคลองถนน,Kwaeng Khlong Thanon,1042,,,2019-08-09T03:33:09.000+07:00,2025-09-20T06:31:26.000+07:00,
104301,10230,แขวงคันนายาว,Kwaeng Khan Na Yao,1043,,,2019-08-09T03:33:09.000+07:00,2025-09-20T06:31:26.000+07:00,
104401,10240,แขวงสะพานสูง,Kwaeng Sapan Sung,1044,,,2019-08-09T03:33:09.000+07:00,2025-09-20T06:31:26.000+07:00,
104501,10310,แขวงวังทองหลาง,Kwaeng Wang Thonglang,1045,,,2019-08-09T03:33:09.000+07:00,2025-09-20T06:31:26.000+07:00,
104601,10510,แขวงสามวาตะวันตก,Kwaeng Sam Wa Tawantok,1046,,,2019-08-09T03:33:09.000+07:00,2025-09-20T06:31:26.000+07:00,
104602,10510,แขวงสามวาตะวันออก,Kwaeng Sam Wa Tawan-ok,1046,,,2019-08-09T03:33:09.000+07:00,2025-09-20T06:31:26.000+07:00,
104603,10510,แขวงบางชัน,Kwaeng Bang Chan,1046,,,2019-08-09T03:33:09.000+07:00,2025-09-20T06:31:26.000+07:00,
104604,10510,แขวงทรายกองดิน,Kwaeng Sai Kong Din,1046,,,2019-08-09T03:33:09.000+07:00,2025-09-20T06:31:26.000+07:00,
104605,10510,แขวงทรายกองดินใต้,Kwaeng Sai Kong Din Tai,1046,,,2019-08-09T03:33:09.000+07:00,2025-09-20T06:31:26.000+07:00,
104701,10260,แขวงบางนา,Kwaeng Bang Na,1047,,,2019-08-09T03:33:09.000+07:00,2025-09-20T06:31:26.000+07:00,
104801,10170,แขวงทวีวัฒนา,Kwaeng Thawi Watthana,1048,,,2019-08-09T03:33:09.000+07:00,2025-09-20T06:31:26.000+07:00,
104802,10170,แขวงศาลาธรรมสพน์,Kwaeng Sala Thammasop,1048,,,2019-08-09T03:33:09.000+07:00,2025-09-20T06:31:26.000+07:00,
104901,10140,แขวงบางมด,Kwaeng Bang Mot,1049,,,2019-08-09T03:33:09.000+07:00,2025-09-20T06:31:26.000+07:00,
104902,10140,แขวงทุ่งครุ,Kwaeng Thung Khru,1049,,,2019-08-09T03:33:09.000+07:00,2025-09-20T06:31:26.000+07:00,
105001,10150,แขวงบางบอน,Kwaeng Bang Bon,1050,,,2019-08-09T03:33:09.000+07:00,2025-09-20T06:31:26.000+07:00,
110101,10270,ตำบลปากน้ำ,Tambon Pak Nam,1101,,,2019-08-09T03:33:09.000+07:00,2025-09-20T06:31:26.000+07:00,
110102,10270,ตำบลสำโรงเหนือ,Tambon Samrong Nuea,1101,13.649,100.617,2019-08-09T03:33:09.000+07:00,2025-09-20T06:31:26.000+07:00,
110103,10270,ตำบลบางเมือง,Tambon Bang Mueang,1101,13.601,100.622,2019-08-09T03:33:09.000+07:00,2025-09-20T06:31:26.000+07:00,
110104,10280,ตำบลท้ายบ้าน,Tambon Thai Ban,1101,13.556,100.599,2019-08-09T03:33:09.000+07:00,2025-09-20T06:31:26.000+07:00,
110108,10280,ตำบลบางปูใหม่,Tambon Bang Pu Mai,1101,13.526,100.67,2019-08-09T03:33:09.000+07:00,2025-09-20T06:31:26.000+07:00,
110110,10280,ตำบลแพรกษา,Tambon Phraek Sa,1101,13.564,100.653,2019-08-09T03:33:09.000+07:00,2025-09-20T06:31:26.000+07:00,
110111,10270,ตำบลบางโปรง,Tambon Bang Prong,1101,13.623,100.565,2019-08-09T03:33:09.000+07:00,2025-09-20T06:31:26.000+07:00,
110112,10270,ตำบลบางปู,Tambon Bang Pu,1101,,,2019-08-09T03:33:09.000+07:00,2025-09-20T06:31:26.000+07:00,
110113,10270,ตำบลบางด้วน,Tambon Bang Duan,1101,13.622,100.581,2019-08-09T03:33:09.000+07:00,2025-09-20T06:31:26.000+07:00,
110114,10270,ตำบลบางเมืองใหม่,Tambon Bang Mueang Mai,1101,,,2019-08-09T03:33:09.000+07:00,2025-09-20T06:31:26.000+07:00,
110115,10270,ตำบลเทพารักษ์,Tambon Thepharak,1101,13.634,100.61,2019-08-09T03:33:09.000+07:00,2025-09-20T06:31:26.000+07:00,
110116,10280,ตำบลท้ายบ้านใหม่,Tambon Thai Ban Mai,1101,13.572,100.621,2019-08-09T03:33:09.000+07:00,2025-09-20T06:31:26.000+07:00,
110117,10280,ตำบลแพรกษาใหม่,Tambon Phraek Sa Mai,1101,13.559,100.691,2019-08-09T03:33:09.000+07:00,2025-09-20T06:31:26.000+07:00,
110201,10560,ตำบลบางบ่อ,Tambon Bang Bo,1102,13.611,100.862,2019-08-09T03:33:09.000+07:00,2025-09-20T06:31:26.000+07:00,
110202,10560,ตำบลบ้านระกาศ,Tambon Ban Rakat,1102,13.639,100.904,2019-08-09T03:33:09.000+07:00,2025-09-20T06:31:26.000+07:00,
110203,10560,ตำบลบางพลีน้อย,Tambon Bang Phli Noi,1102,13.574,100.9,2019-08-09T03:33:09.000+07:00,2025-09-20T06:31:26.000+07:00,
110204,10560,ตำบลบางเพรียง,Tambon Bang Phriang,1102,13.545,100.805,2019-08-09T03:33:09.000+07:00,2025-09-20T06:31:26.000+07:00,
110205,10550,ตำบลคลองด่าน,Tambon Khlong Dan,1102,13.511,100.835,2019-08-09T03:33:09.000+07:00,2025-09-20T06:31:26.000+07:00,
110206,10560,ตำบลคลองสวน,Tambon Khlong Suan,1102,13.659,100.925,2019-08-09T03:33:09.000+07:00,2025-09-20T06:31:26.000+07:00,
110207,10560,ตำบลเปร็ง,Tambon Preng,1102,13.672,100.881,2019-08-09T03:33:09.000+07:00,2025-09-20T06:31:26.000+07:00,
110208,10560,ตำบลคลองนิยมยาตรา,Tambon Khlong Niyom Yattra,1102,13.624,100.935,2019-08-09T03:33:09.000+07:00,2025-09-20T06:31:26.000+07:00,
110301,10540,ตำบลบางพลีใหญ่,Tambon Bang Phli Yai,1103,13.618,100.694,2019-08-09T03:33:09.000+07:00,2025-09-20T06:31:26.000+07:00,
110302,10540,ตำบลบางแก้ว,Tambon Bang Kaeo,1103,13.642,100.662,2019-08-09T03:33:09.000+07:00,2025-09-20T06:31:26.000+07:00,
110303,10540,ตำบลบางปลา,Tambon Bang Pla,1103,13.561,100.739,2019-08-09T03:33:09.000+07:00,2025-09-20T06:31:26.000+07:00,
110304,10540,ตำบลบางโฉลง,Tambon Bang Chalong,1103,13.623,100.755,2019-08-09T03:33:09.000+07:00,2025-09-20T06:31:26.000+07:00,
110308,10540,ตำบลราชาเทวะ,Tambon Racha Thewa,1103,13.681,100.733,2019-08-09T03:33:09.000+07:00,2025-09-20T06:31:26.000+07:00,
110309,10540,ตำบลหนองปรือ,Tambon Nong Prue,1103,13.678,100.75,2019-08-09T03:33:09.000+07:00,2025-09-20T06:31:26.000+07:00,
110401,10130,ตำบลตลาด,Tambon Talat,1104,13.671,100.52,2019-08-09T03:33:09.000+07:00,2025-09-20T06:31:26.000+07:00,
110402,10130,ตำบลบางพึ่ง,Tambon Bang Phueng,1104,,,2019-08-09T03:33:09.000+07:00,2025-09-20T06:31:26.000+07:00,
110403,10130,ตำบลบางจาก,Tambon Bang Chak,1104,13.616,100.536,2019-08-09T03:33:09.000+07:00,2025-09-20T06:31:26.000+07:00,
110404,10130,ตำบลบางครุ,Tambon Bang Khru,1104,13.631,100.526,2019-08-09T03:33:09.000+07:00,2025-09-20T06:31:26.000+07:00,
110405,10130,ตำบลบางหญ้าแพรก,Tambon Bang Ya Phraek,1104,13.645,100.546,2019-08-09T03:33:09.000+07:00,2025-09-20T06:31:26.000+07:00,
110406,10130,ตำบลบางหัวเสือ,Tambon Bang Hua Suea,1104,13.625,100.549,2019-08-09T03:33:09.000+07:00,2025-09-20T06:31:26.000+07:00,
110407,10130,ตำบลสำโรงใต้,Tambon Samrong Tai,1104,,,2019-08-09T03:33:09.000+07:00,2025-09-20T06:31:26.000+07:00,
110408,10130,ตำบลบางยอ,Tambon Bang Yo,1104,13.679,100.558,2019-08-09T03:33:09.000+07:00,2025-09-20T06:31:26.000+07:00,
110409,10130,ตำบลบางกะเจ้า,Tambon Bang Kachao,1104,13.697,100.561,2019-08-09T03:33:09.000+07:00,2025-09-20T06:31:26.000+07:00,
110410,10130,ตำบลบางน้ำผึ้ง,Tambon Bang Namphueng,1104,13.679,100.578,2019-08-09T03:33:09.000+07:00,2025-09-20T06:31:26.000+07:00,
110411,10130,ตำบลบางกระสอบ,Tambon Bang Krasop,1104,13.666,100.566,2019-08-09T03:33:09.000+07:00,2025-09-20T06:31:26.000+07:00,
110412,10130,ตำบลบางกอบัว,Tambon Bang Ko Bua,1104,13.693,100.577,2019-08-09T03:33:09.000+07:00,2025-09-20T06:31:26.000+07:00,
110413,10130,ตำบลทรงคนอง,Tambon Song Khanong,1104,13.665,100.545,2019-08-09T03:33:09.000+07:00,2025-09-20T06:31:26.000+07:00,
110414,10130,ตำบลสำโรง,Tambon Samrong,1104,13.659,100.584,2019-08-09T03:33:09.000+07:00,2025-09-20T06:31:26.000+07:00,
110415,10130,ตำบลสำโรงกลาง,Tambon Samrong Klang,1104,13.653,100.564,2019-08-09T03:33:09.000+07:00,2025-09-20T06:31:26.000+07:00,
110501,10290,ตำบลนาเกลือ,Tambon Na Kluea,1105,13.53,100.494,2019-08-09T03:33:09.000+07:00,2025-09-20T06:31:26.000+07:00,
110502,10290,ตำบลบ้านคลองสวน,Tambon Ban Khlong Suan,1105,13.571,100.476,2019-08-09T03:33:09.000+07:00,2025-09-20T06:31:26.000+07:00,
110503,10290,ตำบลแหลมฟ้าผ่า,Tambon Laem Fa Pha,1105,13.539,100.559,2019-08-09T03:33:09.000+07:00,2025-09-20T06:31:26.000+07:00,
110504,10290,ตำบลปากคลองบางปลากด,Tambon Pak Klong Bang Pla Kot,1105,13.606,100.567,2019-08-09T03:33:09.000+07:00,2025-09-20T06:31:26.000+07:00,
110505,10290,ตำบลในคลองบางปลากด,Tambon Nai Khlong Bang Pla Kot,1105,13.588,100.541,2019-08-09T03:33:09.000+07:00,2025-09-20T06:31:26.000+07:00,
110601,10540,ตำบลบางเสาธง,Tambon Bang Sao Thong,1106,13.6,100.815,2019-08-09T03:33:09.000+07:00,2025-09-20T06:31:26.000+07:00,
110602,10540,ตำบลศีรษะจรเข้น้อย,Tambon Sisa Chorakhe Noi,1106,,,2019-08-09T03:33:09.000+07:00,2025-09-20T06:31:26.000+07:00,
110603,10540,ตำบลศีรษะจรเข้ใหญ่,Tambon Sisa Chorakhe Yai,1106,,,2019-08-09T03:33:09.000+07:00,2025-09-20T06:31:26.000+07:00,
120101,11000,ตำบลสวนใหญ่,Tambon Suan Yai,1201,13.842,100.494,2019-08-09T03:33:09.000+07:00,2025-09-20T06:31:26.000+07:00,
120102,11000,ตำบลตลาดขวัญ,Tambon Talat Khwan,1201,13.85,100.509,2019-08-09T03:33:09.000+07:00,2025-09-20T06:31:26.000+07:00,
120103,11000,ตำบลบางเขน,Tambon Bang Khen,1201,13.835,100.516,2019-08-09T03:33:09.000+07:00,2025-09-20T06:31:26.000+07:00,
120104,11000,ตำบลบางกระสอ,Tambon Bang Kraso,1201,13.869,100.491,2019-08-09T03:33:09.000+07:00,2025-09-20T06:31:26.000+07:00,
120105,11000,ตำบลท่าทราย,Tambon Tha Sai,1201,13.884,100.501,2019-08-09T03:33:09.000+07:00,2025-09-20T06:31:26.000+07:00,
120106,11000,ตำบลบางไผ่,Tambon Bang Phai,1201,13.823,100.492,2019-08-09T03:33:09.000+07:00,2025-09-20T06:31:26.000+07:00,
120107,11000,ตำบลบางศรีเมือง,Tambon Bang Si Mueang,1201,13.841,100.475,2019-08-09T03:33:09.000+07:00,2025-09-20T06:31:26.000+07:00,
120108,11000,ตำบลบางกร่าง,Tambon Bang Krang,1201,13.835,100.438,2019-08-09T03:33:09.000+07:00,2025-09-20T06:31:26.000+07:00,
120109,11000,ตำบลไทรม้า,Tambon Sai Ma,1201,13.87,100.472,2019-08-09T03:33:09.000+07:00,2025-09-20T06:31:26.000+07:00,
120110,11000,ตำบลบางรักน้อย,Tambon Bang Rak Noi,1201,13.859,100.464,2019-08-09T03:33:09.000+07:00,2025-09-20T06:31:26.000+07:00,
120201,11130,ตำบลวัดชลอ,Tambon Wat Chalo,1202,13.802,100.476,2019-08-09T03:33:09.000+07:00,2025-09-20T06:31:26.000+07:00,
120202,11130,ตำบลบางกรวย,Tambon Bang Kruai,1202,13.809,100.499,2019-08-09T03:33:09.000+07:00,2025-09-20T06:31:26.000+07:00,
120203,11130,ตำบลบางสีทอง,Tambon Bang Si Thong,1202,13.818,100.479,2019-08-09T03:33:09.000+07:00,2025-09-20T06:31:26.000+07:00,
120204,11130,ตำบลบางขนุน,Tambon Bang Khanun,1202,13.811,100.453,2019-08-09T03:33:09.000+07:00,2025-09-20T06:31:26.000+07:00,
120205,11130,ตำบลบางขุนกอง,Tambon Bang Khun Kong,1202,13.821,100.444,2019-08-09T03:33:09.000+07:00,2025-09-20T06:31:26.000+07:00,
120206,11130,ตำบลบางคูเวียง,Tambon Bang Khu Wiang,1202,13.822,100.417,2019-08-09T03:33:09.000+07:00,2025-09-20T06:31:26.000+07:00,
120207,11130,ตำบลมหาสวัสดิ์,Tambon Maha Sawat,1202,13.806,100.434,2019-08-09T03:33:09.000+07:00,2025-09-20T06:31:26.000+07:00,
120208,11130,ตำบลปลายบาง,Tambon Plai Bang,1202,13.814,100.402,2019-08-09T03:33:09.000+07:00,2025-09-20T06:31:26.000+07:00,
120209,11130,ตำบลศาลากลาง,Tambon Sala Klang,1202,13.81,100.358,2019-08-09T03:33:09.000+07:00,2025-09-20T06:31:26.000+07:00,
120301,11140,ตำบลบางม่วง,Tambon Bang Muang,1203,13.838,100.406,2019-08-09T03:33:09.000+07:00,2025-09-20T06:31:26.000+07:00,
120302,11140,ตำบลบางแม่นาง,Tambon Bang Mae Nang,1203,13.868,100.381,2019-08-09T03:33:09.000+07:00,2025-09-20T06:31:26.000+07:00,
120303,11140,ตำบลบางเลน,Tambon Bang Len,1203,13.854,100.434,2019-08-09T03:33:09.000+07:00,2025-09-20T06:31:26.000+07:00,
120304,11140,ตำบลเสาธงหิน,Tambon Sao Thong Hin,1203,13.875,100.404,2019-08-09T03:33:09.000+07:00,2025-09-20T06:31:26.000+07:00,
120305,11140,ตำบลบางใหญ่,Tambon Bang Yai,1203,13.837,100.375,2019-08-09T03:33:09.000+07:00,2025-09-20T06:31:26.000+07:00,
120306,11140,ตำบลบ้านใหม่,Tambon Ban Mai,1203,13.861,100.333,2019-08-09T03:33:09.000+07:00,2025-09-20T06:31:26.000+07:00,
120401,11110,ตำบลโสนลอย,Tambon Sano Loi,1204,13.914,100.422,2019-08-09T03:33:09.000+07:00,2025-09-20T06:31:26.000+07:00,
120402,11110,ตำบลบางบัวทอง,Tambon Bang Bua Thong,1204,13.944,100.39,2019-08-09T03:33:09.000+07:00,2025-09-20T06:31:26.000+07:00,
120403,11110,ตำบลบางรักใหญ่,Tambon Bang Rak Yai,1204,13.878,100.438,2019-08-09T03:33:09.000+07:00,2025-09-20T06:31:26.000+07:00,
120404,11110,ตำบลบางคูรัด,Tambon Bang Khu Rat,1204,13.907,100.351,2019-08-09T03:33:09.000+07:00,2025-09-20T06:31:26.000+07:00,
120405,11110,ตำบลละหาร,Tambon Lahan,1204,13.964,100.401,2019-08-09T03:33:09.000+07:00,2025-09-20T06:31:26.000+07:00,
120406,11110,ตำบลลำโพ,Tambon Lam Pho,1204,13.97,100.416,2019-08-09T03:33:09.000+07:00,2025-09-20T06:31:26.000+07:00,
120407,11110,ตำบลพิมลราช,Tambon Phimon Rat,1204,13.934,100.366,2019-08-09T03:33:09.000+07:00,2025-09-20T06:31:26.000+07:00,
120408,11110,ตำบลบางรักพัฒนา,Tambon Bang Rak Phatthana,1204,13.894,100.41,2019-08-09T03:33:09.000+07:00,2025-09-20T06:31:26.000+07:00,
120501,11150,ตำบลไทรน้อย,Tambon Sai Noi,1205,13.976,100.344,2019-08-09T03:33:09.000+07:00,2025-09-20T06:31:26.000+07:00,
120502,11150,ตำบลราษฎร์นิยม,Tambon Rat Niyom,1205,14.088,100.329,2019-08-09T03:33:09.000+07:00,2025-09-20T06:31:26.000+07:00,
120503,11150,ตำบลหนองเพรางาย,Tambon Nong Phrao Ngai,1205,13.906,100.322,2019-08-09T03:33:09.000+07:00,2025-09-20T06:31:26.000+07:00,
120504,11150,ตำบลไทรใหญ่,Tambon Sai Yai,1205,14.085,100.292,2019-08-09T03:33:09.000+07:00,2025-09-20T06:31:26.000+07:00,
120505,11150,ตำบลขุนศรี,Tambon Khun Si,1205,14.005,100.287,2019-08-09T03:33:09.000+07:00,2025-09-20T06:31:26.000+07:00,
120506,11150,ตำบลคลองขวาง,Tambon Khlong Khwang,1205,14.004,100.306,2019-08-09T03:33:09.000+07:00,2025-09-20T06:31:26.000+07:00,
120507,11150,ตำบลทวีวัฒนา,Tambon Thawi Watthana,1205,13.942,100.312,2019-08-09T03:33:09.000+07:00,2025-09-20T06:31:26.000+07:00,
120601,11120,ตำบลปากเกร็ด,Tambon Pak Kret,1206,13.912,100.506,2019-08-09T03:33:09.000+07:00,2025-09-20T06:31:26.000+07:00,
120602,11120,ตำบลบางตลาด,Tambon Bang Talat,1206,13.896,100.521,2019-08-09T03:33:09.000+07:00,2025-09-20T06:31:26.000+07:00,
120603,11120,ตำบลบ้านใหม่,Tambon Ban Mai,1206,13.93,100.546,2019-08-09T03:33:09.000+07:00,2025-09-20T06:31:26.000+07:00,
120604,11120,ตำบลบางพูด,Tambon Bang Phut,1206,13.927,100.516,2019-08-09T03:33:09.000+07:00,2025-09-20T06:31:26.000+07:00,
120605,11120,ตำบลบางตะไนย์,Tambon Bang Tanai,1206,13.931,100.492,2019-08-09T03:33:09.000+07:00,2025-09-20T06:31:26.000+07:00,
120606,11120,ตำบลคลองพระอุดม,Tambon Khlong Phra Udom,1206,13.93,100.479,2019-08-09T03:33:09.000+07:00,2025-09-20T06:31:26.000+07:00,
120607,11120,ตำบลท่าอิฐ,Tambon Tha It,1206,13.894,100.48,2019-08-09T03:33:09.000+07:00,2025-09-20T06:31:26.000+07:00,
120608,11120,ตำบลเกาะเกร็ด,Tambon Ko Kret,1206,13.91,100.472,2019-08-09T03:33:09.000+07:00,2025-09-20T06:31:26.000+07:00,
120609,11120,ตำบลอ้อมเกร็ด,Tambon Om Kret,1206,13.909,100.453,2019-08-09T03:33:09.000+07:00,2025-09-20T06:31:26.000+07:00,
120610,11120,ตำบลคลองข่อย,Tambon Khlong Khoi,1206,13.959,100.45,2019-08-09T03:33:09.000+07:00,2025-09-20T06:31:26.000+07:00,
120611,11120,ตำบลบางพลับ,Tambon Bang Phlap,1206,13.929,100.458,2019-08-09T03:33:09.000+07:00,2025-09-20T06:31:26.000+07:00,
120612,11120,ตำบลคลองเกลือ,Tambon Khlong Kluea,1206,13.902,100.55,2019-08-09T03:33:09.000+07:00,2025-09-20T06:31:26.000+07:00,
130101,12000,ตำบลบางปรอก,Tambon Bang Parok,1301,14.012,100.528,2019-08-09T03:33:09.000+07:00,2025-09-20T06:31:26.000+07:00,
130102,12000,ตำบลบ้านใหม่,Tambon Ban Mai,1301,13.963,100.553,2019-08-09T03:33:09.000+07:00,2025-09-20T06:31:26.000+07:00,
130103,12000,ตำบลบ้านกลาง,Tambon Ban Klang,1301,14.001,100.558,2019-08-09T03:33:09.000+07:00,2025-09-20T06:31:26.000+07:00,
130104,12000,ตำบลบ้านฉาง,Tambon Ban Chang,1301,14.029,100.507,2019-08-09T03:33:09.000+07:00,2025-09-20T06:31:26.000+07:00,
130105,12000,ตำบลบ้านกระแชง,Tambon Ban Krachaeng,1301,14.031,100.552,2019-08-09T03:33:09.000+07:00,2025-09-20T06:31:26.000+07:00,
130106,12000,ตำบลบางขะแยง,Tambon Bang Khayaeng,1301,13.967,100.523,2019-08-09T03:33:09.000+07:00,2025-09-20T06:31:26.000+07:00,
130107,12000,ตำบลบางคูวัด,Tambon Bang Khu Wat,1301,13.963,100.495,2019-08-09T03:33:09.000+07:00,2025-09-20T06:31:26.000+07:00,
130108,12000,ตำบลบางหลวง,Tambon Bang Luang,1301,14.007,100.509,2019-08-09T03:33:09.000+07:00,2025-09-20T06:31:26.000+07:00,
130109,12000,ตำบลบางเดื่อ,Tambon Bang Duea,1301,13.99,100.487,2019-08-09T03:33:09.000+07:00,2025-09-20T06:31:26.000+07:00,
130110,12000,ตำบลบางพูด,Tambon Bang Phut,1301,14.035,100.572,2019-08-09T03:33:09.000+07:00,2025-09-20T06:31:26.000+07:00,
130111,12000,ตำบลบางพูน,Tambon Bang Phun,1301,13.988,100.594,2019-08-09T03:33:09.000+07:00,2025-09-20T06:31:26.000+07:00,
130112,12000,ตำบลบางกะดี,Tambon Bang Kadi,1301,13.983,100.537,2019-08-09T03:33:09.000+07:00,2025-09-20T06:31:26.000+07:00,
130113,12000,ตำบลสวนพริกไทย,Tambon Suan Phrikthai,1301,14.018,100.568,2019-08-09T03:33:09.000+07:00,2025-09-20T06:31:26.000+07:00,
130114,12000,ตำบลหลักหก,Tambon Lak Hok,1301,13.963,100.59,2019-08-09T03:33:09.000+07:00,2025-09-20T06:31:26.000+07:00,
130201,12120,ตำบลคลองหนึ่ง,Tambon Khlong Nueng,1302,14.066,100.607,2019-08-09T03:33:09.000+07:00,2025-09-20T06:31:26.000+07:00,
130202,12120,ตำบลคลองสอง,Tambon Khlong Song,1302,14.079,100.642,2019-08-09T03:33:09.000+07:00,2025-09-20T06:31:26.000+07:00,
130203,12120,ตำบลคลองสาม,Tambon Khlong Sam,1302,14.087,100.664,2019-08-09T03:33:09.000+07:00,2025-09-20T06:31:26.000+07:00,
130204,12120,ตำบลคลองสี่,Tambon Khlong Si,1302,14.097,100.687,2019-08-09T03:33:09.000+07:00,2025-09-20T06:31:26.000+07:00,
130205,12120,ตำบลคลองห้า,Tambon Khlong Ha,1302,14.106,100.71,2019-08-09T03:33:09.000+07:00,2025-09-20T06:31:26.000+07:00,
130206,12120,ตำบลคลองหก,Tambon Khlong Hok,1302,14.117,100.733,2019-08-09T03:33:09.000+07:00,2025-09-20T06:31:26.000+07:00,
130207,12120,ตำบลคลองเจ็ด,Tambon Khlong Chet,1302,14.125,100.75,2019-08-09T03:33:09.000+07:00,2025-09-20T06:31:26.000+07:00,
130301,12130,ตำบลประชาธิปัตย์,Tambon Prachathipat,1303,13.987,100.632,2019-08-09T03:33:09.000+07:00,2025-09-20T06:31:26.000+07:00,
130302,12130,ตำบลบึงยี่โถ,Tambon Bueng Yitho,1303,13.999,100.687,2019-08-09T03:33:09.000+07:00,2025-09-20T06:31:26.000+07:00,
130303,12110,ตำบลรังสิต,Tambon Rangsit,1303,14.018,100.731,2019-08-09T03:33:09.000+07:00,2025-09-20T06:31:26.000+07:00,
130304,12110,ตำบลลำผักกูด,Tambon Lam Phak Kut,1303,14.036,100.779,2019-08-09T03:33:09.000+07:00,2025-09-20T06:31:26.000+07:00,
130305,12110,ตำบลบึงสนั่น,Tambon Bueng Sanan,1303,14.052,100.824,2019-08-09T03:33:09.000+07:00,2025-09-20T06:31:26.000+07:00,
130306,12110,ตำบลบึงน้ำรักษ์,Tambon Bueng Nam Rak,1303,14.071,100.88,2019-08-09T03:33:09.000+07:00,2025-09-20T06:31:26.000+07:00,
130401,12170,ตำบลบึงบา,Tambon Bueng Ba,1304,14.112,100.824,2019-08-09T03:33:09.000+07:00,2025-09-20T06:31:26.000+07:00,
130402,12170,ตำบลบึงบอน,Tambon Bueng Bon,1304,14.087,100.778,2019-08-09T03:33:09.000+07:00,2025-09-20T06:31:26.000+07:00,
130403,12170,ตำบลบึงกาสาม,Tambon Bueng Ka Sam,1304,14.2,100.824,2019-08-09T03:33:09.000+07:00,2025-09-20T06:31:26.000+07:00,
130404,12170,ตำบลบึงชำอ้อ,Tambon Bueng Cham O,1304,14.172,100.778,2019-08-09T03:33:09.000+07:00,2025-09-20T06:31:26.000+07:00,
130405,12170,ตำบลหนองสามวัง,Tambon Nong Sam Wang,1304,14.13,100.881,2019-08-09T03:33:09.000+07:00,2025-09-20T06:31:26.000+07:00,
130406,12170,ตำบลศาลาครุ,Tambon Sala Khru,1304,14.244,100.928,2019-08-09T03:33:09.000+07:00,2025-09-20T06:31:26.000+07:00,
130407,12170,ตำบลนพรัตน์,Tambon Noppharat,1304,14.223,100.866,2019-08-09T03:33:09.000+07:00,2025-09-20T06:31:26.000+07:00,
130501,12140,ตำบลระแหง,Tambon Rahaeng,1305,14.059,100.396,2019-08-09T03:33:09.000+07:00,2025-09-20T06:31:26.000+07:00,
130502,12140,ตำบลลาดหลุมแก้ว,Tambon Lat Lum Kaeo,1305,14.006,100.41,2019-08-09T03:33:09.000+07:00,2025-09-20T06:31:26.000+07:00,
130503,12140,ตำบลคูบางหลวง,Tambon Khu Bang Luang,1305,14.047,100.467,2019-08-09T03:33:09.000+07:00,2025-09-20T06:31:26.000+07:00,
130504,12140,ตำบลคูขวาง,Tambon Khu Khwang,1305,14.068,100.437,2019-08-09T03:33:09.000+07:00,2025-09-20T06:31:26.000+07:00,
130505,12140,ตำบลคลองพระอุดม,Tambon Khlong Phra Udom,1305,13.99,100.449,2019-08-09T03:33:09.000+07:00,2025-09-20T06:31:26.000+07:00,
130506,12140,ตำบลบ่อเงิน,Tambon Bo Ngoen,1305,14.102,100.383,2019-08-09T03:33:09.000+07:00,2025-09-20T06:31:26.000+07:00,
130507,12140,ตำบลหน้าไม้,Tambon Na Mai,1305,14.034,100.359,2019-08-09T03:33:09.000+07:00,2025-09-20T06:31:26.000+07:00,
130601,12130,ตำบลคูคต,Tambon Khu Khot,1306,13.955,100.641,2019-08-09T03:33:09.000+07:00,2025-09-20T06:31:26.000+07:00,
130602,12150,ตำบลลาดสวาย,Tambon Lat Sawai,1306,13.958,100.685,2019-08-09T03:33:09.000+07:00,2025-09-20T06:31:26.000+07:00,
130603,12150,ตำบลบึงคำพร้อย,Tambon Bueng Kham Phroi,1306,13.961,100.731,2019-08-09T03:33:09.000+07:00,2025-09-20T06:31:26.000+07:00,
130604,12150,ตำบลลำลูกกา,Tambon Lam Luk Ka,1306,13.972,100.774,2019-08-09T03:33:09.000+07:00,2025-09-20T06:31:26.000+07:00,
130605,12150,ตำบลบึงทองหลาง,Tambon Bueng Thonglang,1306,13.984,100.82,2019-08-09T03:33:09.000+07:00,2025-09-20T06:31:26.000+07:00,
130606,12150,ตำบลลำไทร,Tambon Lam Sai,1306,13.973,100.861,2019-08-09T03:33:09.000+07:00,2025-09-20T06:31:26.000+07:00,
130607,12150,ตำบลบึงคอไห,Tambon Bueng Kho Hai,1306,14.029,100.862,2019-08-09T03:33:09.000+07:00,2025-09-20T06:31:26.000+07:00,
130608,12150,ตำบลพืชอุดม,Tambon Phuet Udom,1306,13.975,100.896,2019-08-09T03:33:09.000+07:00,2025-09-20T06:31:26.000+07:00,
130701,12160,ตำบลบางเตย,Tambon Bang Toei,1307,14.062,100.504,2019-08-09T03:33:09.000+07:00,2025-09-20T06:31:26.000+07:00,
130702,12160,ตำบลคลองควาย,Tambon Khlong Khwai,1307,14.097,100.478,2019-08-09T03:33:09.000+07:00,2025-09-20T06:31:26.000+07:00,
130703,12160,ตำบลสามโคก,Tambon Sam Khok,1307,14.052,100.529,2019-08-09T03:33:09.000+07:00,2025-09-20T06:31:26.000+07:00,
130704,12160,ตำบลกระแชง,Tambon Krachaeng,1307,14.043,100.544,2019-08-09T03:33:09.000+07:00,2025-09-20T06:31:26.000+07:00,
130705,12160,ตำบลบางโพธิ์เหนือ,Tambon Bang Pho Nuea,1307,14.042,100.515,2019-08-09T03:33:09.000+07:00,2025-09-20T06:31:26.000+07:00,
130706,12160,ตำบลเชียงรากใหญ่,Tambon Chiang Rak Yai,1307,14.057,100.574,2019-08-09T03:33:09.000+07:00,2025-09-20T06:31:26.000+07:00,
130707,12160,ตำบลบ้านปทุม,Tambon Ban Pathum,1307,14.067,100.546,2019-08-09T03:33:09.000+07:00,2025-09-20T06:31:26.000+07:00,
130708,12160,ตำบลบ้านงิ้ว,Tambon Ban Ngio,1307,14.084,100.539,2019-08-09T03:33:09.000+07:00,2025-09-20T06:31:26.000+07:00,
130709,12160,ตำบลเชียงรากน้อย,Tambon Chiang Rak Noi,1307,14.105,100.567,2019-08-09T03:33:09.000+07:00,2025-09-20T06:31:26.000+07:00,
130710,12160,ตำบลบางกระบือ,Tambon Bang Krabue,1307,14.103,100.538,2019-08-09T03:33:09.000+07:00,2025-09-20T06:31:26.000+07:00,
130711,12160,ตำบลท้ายเกาะ,Tambon Thai Ko,1307,14.105,100.496,2019-08-09T03:33:09.000+07:00,2025-09-20T06:31:26.000+07:00,
140101,13000,ตำบลประตูชัย,Tambon Pratu Chai,1401,14.349,100.551,2019-08-09T03:33:09.000+07:00,2025-09-20T06:31:26.000+07:00,
140102,13000,ตำบลกะมัง,Tambon Kamang,1401,14.341,100.581,2019-08-09T03:33:09.000+07:00,2025-09-20T06:31:26.000+07:00,
140103,13000,ตำบลหอรัตนไชย,Tambon Ho Rattanachai,1401,14.354,100.578,2019-08-09T03:33:09.000+07:00,2025-09-20T06:31:26.000+07:00,
140104,13000,ตำบลหัวรอ,Tambon Hua Ro,1401,14.368,100.578,2019-08-09T03:33:09.000+07:00,2025-09-20T06:31:26.000+07:00,
140105,13000,ตำบลท่าวาสุกรี,Tambon Tha Wasukri,1401,14.361,100.552,2019-08-09T03:33:09.000+07:00,2025-09-20T06:31:26.000+07:00,
140106,13000,ตำบลไผ่ลิง,Tambon Phai Ling,1401,14.356,100.589,2019-08-09T03:33:09.000+07:00,2025-09-20T06:31:26.000+07:00,
140107,13000,ตำบลปากกราน,Tambon Pak Kran,1401,14.31,100.532,2019-08-09T03:33:09.000+07:00,2025-09-20T06:31:26.000+07:00,
140108,13000,ตำบลภูเขาทอง,Tambon Phukhao Thong,1401,14.365,100.542,2019-08-09T03:33:09.000+07:00,2025-09-20T06:31:26.000+07:00,
140109,13000,ตำบลสำเภาล่ม,Tambon Samphao Lom,1401,14.34,100.57,2019-08-09T03:33:09.000+07:00,2025-09-20T06:31:26.000+07:00,
140110,13000,ตำบลสวนพริก,Tambon Suan Phrik,1401,14.391,100.558,2019-08-09T03:33:09.000+07:00,2025-09-20T06:31:26.000+07:00,
140111,13000,ตำบลคลองตะเคียน,Tambon Khlong Takhian,1401,14.331,100.554,2019-08-09T03:33:09.000+07:00,2025-09-20T06:31:26.000+07:00,
140112,13000,ตำบลวัดตูม,Tambon Wat Tum,1401,14.39,100.539,2019-08-09T03:33:09.000+07:00,2025-09-20T06:31:26.000+07:00,
140113,13000,ตำบลหันตรา,Tambon Hantra,1401,14.371,100.6,2019-08-09T03:33:09.000+07:00,2025-09-20T06:31:26.000+07:00,
140114,13000,ตำบลลุมพลี,Tambon Lumphli,1401,14.376,100.548,2019-08-09T03:33:09.000+07:00,2025-09-20T06:31:26.000+07:00,
140115,13000,ตำบลบ้านใหม่,Tambon Ban Mai,1401,14.39,100.521,2019-08-09T03:33:09.000+07:00,2025-09-20T06:31:26.000+07:00,
140116,13000,ตำบลบ้านเกาะ,Tambon Ban Ko,1401,14.389,100.582,2019-08-09T03:33:09.000+07:00,2025-09-20T06:31:26.000+07:00,
140117,13000,ตำบลคลองสวนพลู,Tambon Khlong Suan Phlu,1401,14.334,100.595,2019-08-09T03:33:09.000+07:00,2025-09-20T06:31:26.000+07:00,
140118,13000,ตำบลคลองสระบัว,Tambon Khlong Sa Bua,1401,14.371,100.563,2019-08-09T03:33:09.000+07:00,2025-09-20T06:31:26.000+07:00,
140119,13000,ตำบลเกาะเรียน,Tambon Ko Rian,1401,14.318,100.579,2019-08-09T03:33:09.000+07:00,2025-09-20T06:31:26.000+07:00,
140120,13000,ตำบลบ้านป้อม,Tambon Ban Pom,1401,14.347,100.529,2019-08-09T03:33:09.000+07:00,2025-09-20T06:31:26.000+07:00,
140121,13000,ตำบลบ้านรุน,Tambon Ban Run,1401,,,2019-08-09T03:33:09.000+07:00,2025-09-20T06:31:26.000+07:00,
140201,13130,ตำบลท่าเรือ,Tambon Tha Ruea,1402,14.566,100.719,2019-08-09T03:33:09.000+07:00,2025-09-20T06:31:26.000+07:00,
140202,13130,ตำบลจำปา,Tambon Champa,1402,14.55,100.741,2019-08-09T03:33:09.000+07:00,2025-09-20T06:31:26.000+07:00,
140203,13130,ตำบลท่าหลวง,Tambon Tha Luang,1402,14.548,100.764,2019-08-09T03:33:09.000+07:00,2025-09-20T06:31:26.000+07:00,
140204,13130,ตำบลบ้านร่อม,Tambon Ban Rom,1402,14.567,100.698,2019-08-09T03:33:09.000+07:00,2025-09-20T06:31:26.000+07:00,
140205,13130,ตำบลศาลาลอย,Tambon Sala Loi,1402,14.532,100.7,2019-08-09T03:33:09.000+07:00,2025-09-20T06:31:26.000+07:00,
140206,13130,ตำบลวังแดง,Tambon Wang Daeng,1402,14.541,100.67,2019-08-09T03:33:09.000+07:00,2025-09-20T06:31:26.000+07:00,
140207,13130,ตำบลโพธิ์เอน,Tambon Pho En,1402,14.519,100.676,2019-08-09T03:33:09.000+07:00,2025-09-20T06:31:26.000+07:00,
140208,13130,ตำบลปากท่า,Tambon Pak Tha,1402,14.504,100.692,2019-08-09T03:33:09.000+07:00,2025-09-20T06:31:26.000+07:00,
140209,13130,ตำบลหนองขนาก,Tambon Nong Khanak,1402,14.512,100.732,2019-08-09T03:33:09.000+07:00,2025-09-20T06:31:26.000+07:00,
140210,13130,ตำบลท่าเจ้าสนุก,Tambon Tha Chao Sanuk,1402,14.543,100.717,2019-08-09T03:33:09.000+07:00,2025-09-20T06:31:26.000+07:00,
140301,13260,ตำบลนครหลวง,Tambon Nakhon Luang,1403,14.469,100.622,2019-08-09T03:33:09.000+07:00,2025-09-20T06:31:26.000+07:00,
140302,13260,ตำบลท่าช้าง,Tambon Tha Chang,1403,14.511,100.652,2019-08-09T03:33:09.000+07:00,2025-09-20T06:31:26.000+07:00,
140303,13260,ตำบลบ่อโพง,Tambon Bo Phong,1403,14.406,100.603,2019-08-09T03:33:09.000+07:00,2025-09-20T06:31:26.000+07:00,
140304,13260,ตำบลบ้านชุ้ง,Tambon Ban Chung,1403,14.458,100.655,2019-08-09T03:33:09.000+07:00,2025-09-20T06:31:26.000+07:00,
140305,13260,ตำบลปากจั่น,Tambon Pak Chan,1403,14.44,100.62,2019-08-09T03:33:09.000+07:00,2025-09-20T06:31:26.000+07:00,
140306,13260,ตำบลบางระกำ,Tambon Bang Rakam,1403,14.466,100.589,2019-08-09T03:33:09.000+07:00,2025-09-20T06:31:26.000+07:00,
140307,13260,ตำบลบางพระครู,Tambon Bang Phra Khru,1403,14.483,100.613,2019-08-09T03:33:09.000+07:00,2025-09-20T06:31:26.000+07:00,
140308,13260,ตำบลแม่ลา,Tambon Mae La,1403,14.503,100.619,2019-08-09T03:33:09.000+07:00,2025-09-20T06:31:26.000+07:00,
140309,13260,ตำบลหนองปลิง,Tambon Nong Pling,1403,14.423,100.64,2019-08-09T03:33:09.000+07:00,2025-09-20T06:31:26.000+07:00,
140310,13260,ตำบลคลองสะแก,Tambon Khlong Sakae,1403,14.424,100.604,2019-08-09T03:33:09.000+07:00,2025-09-20T06:31:26.000+07:00,
140311,13260,ตำบลสามไถ,Tambon Sam Thai,1403,14.489,100.675,2019-08-09T03:33:09.000+07:00,2025-09-20T06:31:26.000+07:00,
140312,13260,ตำบลพระนอน,Tambon Phra Non,1403,14.485,100.65,2019-08-09T03:33:09.000+07:00,2025-09-20T06:31:26.000+07:00,
140401,13190,ตำบลบางไทร,Tambon Bang Sai,1404,14.191,100.48,2019-08-09T03:33:09.000+07:00,2025-09-20T06:31:26.000+07:00,
140402,13190,ตำบลบางพลี,Tambon Bang Phli,1404,14.212,100.465,2019-08-09T03:33:09.000+07:00,2025-09-20T06:31:26.000+07:00,
140403,13190,ตำบลสนามชัย,Tambon Sanam Chai,1404,14.213,100.522,2019-08-09T03:33:09.000+07:00,2025-09-20T06:31:26.000+07:00,
140404,13190,ตำบลบ้านแป้ง,Tambon Ban Paeng,1404,14.232,100.507,2019-08-09T03:33:09.000+07:00,2025-09-20T06:31:26.000+07:00,
140405,13190,ตำบลหน้าไม้,Tambon Na Mai,1404,14.315,100.462,2019-08-09T03:33:09.000+07:00,2025-09-20T06:31:26.000+07:00,
140406,13190,ตำบลบางยี่โท,Tambon Bang Yi Tho,1404,14.299,100.445,2019-08-09T03:33:09.000+07:00,2025-09-20T06:31:26.000+07:00,
140407,13190,ตำบลแคออก,Tambon Khae Ok,1404,14.305,100.472,2019-08-09T03:33:09.000+07:00,2025-09-20T06:31:26.000+07:00,
140408,13190,ตำบลแคตก,Tambon Khae Tok,1404,14.287,100.48,2019-08-09T03:33:09.000+07:00,2025-09-20T06:31:26.000+07:00,
140409,13190,ตำบลช่างเหล็ก,Tambon Chang Lek,1404,14.278,100.453,2019-08-09T03:33:09.000+07:00,2025-09-20T06:31:26.000+07:00,
140410,13190,ตำบลกระแชง,Tambon Krachaeng,1404,14.279,100.505,2019-08-09T03:33:09.000+07:00,2025-09-20T06:31:26.000+07:00,
140411,13190,ตำบลบ้านกลึง,Tambon Ban Klueng,1404,,,2019-08-09T03:33:09.000+07:00,2025-09-20T06:31:26.000+07:00,
140412,13190,ตำบลช้างน้อย,Tambon Chang Noi,1404,14.252,100.505,2019-08-09T03:33:09.000+07:00,2025-09-20T06:31:26.000+07:00,
140413,13190,ตำบลห่อหมก,Tambon Homok,1404,14.259,100.474,2019-08-09T03:33:09.000+07:00,2025-09-20T06:31:26.000+07:00,
140414,13190,ตำบลไผ่พระ,Tambon Phai Phra,1404,14.222,100.432,2019-08-09T03:33:09.000+07:00,2025-09-20T06:31:26.000+07:00,
140415,13190,ตำบลกกแก้วบูรพา,Tambon Kok Kaeo Burapha,1404,14.188,100.435,2019-08-09T03:33:09.000+07:00,2025-09-20T06:31:26.000+07:00,
140416,13190,ตำบลไม้ตรา,Tambon Mai Tra,1404,14.164,100.473,2019-08-09T03:33:09.000+07:00,2025-09-20T06:31:26.000+07:00,
140417,13190,ตำบลบ้านม้า,Tambon Ban Ma,1404,14.141,100.49,2019-08-09T03:33:09.000+07:00,2025-09-20T06:31:26.000+07:00,
140418,13190,ตำบลบ้านเกาะ,Tambon Ban Ko,1404,14.236,100.46,2019-08-09T03:33:09.000+07:00,2025-09-20T06:31:26.000+07:00,
140419,13290,ตำบลราชคราม,Tambon Ratchakhram,1404,14.186,100.519,2019-08-09T03:33:09.000+07:00,2025-09-20T06:31:26.000+07:00,
140420,13290,ตำบลช้างใหญ่,Tambon Chang Yai,1404,14.161,100.522,2019-08-09T03:33:09.000+07:00,2025-09-20T06:31:26.000+07:00,
140421,13290,ตำบลโพแตง,Tambon Pho Taeng,1404,,,2019-08-09T03:33:09.000+07:00,2025-09-20T06:31:26.000+07:00,
140422,13290,ตำบลเชียงรากน้อย,Tambon Chiang Rak Noi,1404,14.134,100.561,2019-08-09T03:33:09.000+07:00,2025-09-20T06:31:26.000+07:00,
140423,13190,ตำบลโคกช้าง,Tambon Khok Chang,1404,14.123,100.492,2019-08-09T03:33:09.000+07:00,2025-09-20T06:31:26.000+07:00,
140501,13250,ตำบลบางบาล,Tambon Bang Ban,1405,14.41,100.464,2019-08-09T03:33:09.000+07:00,2025-09-20T06:31:26.000+07:00,
140502,13250,ตำบลวัดยม,Tambon Wat Yom,1405,14.39,100.497,2019-08-09T03:33:09.000+07:00,2025-09-20T06:31:26.000+07:00,
140503,13250,ตำบลไทรน้อย,Tambon Sai Noi,1405,14.407,100.486,2019-08-09T03:33:09.000+07:00,2025-09-20T06:31:26.000+07:00,
140504,13250,ตำบลสะพานไทย,Tambon Saphan Thai,1405,14.363,100.486,2019-08-09T03:33:09.000+07:00,2025-09-20T06:31:26.000+07:00,
140505,13250,ตำบลมหาพราหมณ์,Tambon Maha Phram,1405,14.364,100.505,2019-08-09T03:33:09.000+07:00,2025-09-20T06:31:26.000+07:00,
140506,13250,ตำบลกบเจา,Tambon Kop Chao,1405,14.347,100.485,2019-08-09T03:33:09.000+07:00,2025-09-20T06:31:26.000+07:00,
140507,13250,ตำบลบ้านคลัง,Tambon Ban Khlang,1405,14.347,100.457,2019-08-09T03:33:09.000+07:00,2025-09-20T06:31:26.000+07:00,
140508,13250,ตำบลพระขาว,Tambon Phra Khao,1405,14.328,100.482,2019-08-09T03:33:09.000+07:00,2025-09-20T06:31:26.000+07:00,
140509,13250,ตำบลน้ำเต้า,Tambon Namtao,1405,14.339,100.438,2019-08-09T03:33:09.000+07:00,2025-09-20T06:31:26.000+07:00,
140510,13250,ตำบลทางช้าง,Tambon Thang Chang,1405,14.375,100.432,2019-08-09T03:33:09.000+07:00,2025-09-20T06:31:26.000+07:00,
140511,13250,ตำบลวัดตะกู,Tambon Wat Taku,1405,14.388,100.424,2019-08-09T03:33:09.000+07:00,2025-09-20T06:31:26.000+07:00,
140512,13250,ตำบลบางหลวง,Tambon Bang Luang,1405,14.403,100.433,2019-08-09T03:33:09.000+07:00,2025-09-20T06:31:26.000+07:00,
140513,13250,ตำบลบางหลวงโดด,Tambon Bang Luang Dot,1405,14.419,100.43,2019-08-09T03:33:09.000+07:00,2025-09-20T06:31:26.000+07:00,
140514,13250,ตำบลบางหัก,Tambon Bang Hak,1405,14.436,100.439,2019-08-09T03:33:09.000+07:00,2025-09-20T06:31:26.000+07:00,
140515,13250,ตำบลบางชะนี,Tambon Bang Chani,1405,14.429,100.461,2019-08-09T03:33:09.000+07:00,2025-09-20T06:31:26.000+07:00,
140516,13250,ตำบลบ้านกุ่ม,Tambon Ban Kum,1405,14.436,100.492,2019-08-09T03:33:09.000+07:00,2025-09-20T06:31:26.000+07:00,
140601,13160,ตำบลบ้านเลน,Tambon Ban Len,1406,14.241,100.598,2019-08-09T03:33:09.000+07:00,2025-09-20T06:31:26.000+07:00,
140602,13180,ตำบลเชียงรากน้อย,Tambon Chiang Rak Noi,1406,14.16,100.594,2019-08-09T03:33:09.000+07:00,2025-09-20T06:31:26.000+07:00,
140603,13160,ตำบลบ้านโพ,Tambon Ban Pho,1406,14.272,100.588,2019-08-09T03:33:09.000+07:00,2025-09-20T06:31:26.000+07:00,
140604,13160,ตำบลบ้านกรด,Tambon Ban Krot,1406,14.307,100.604,2019-08-09T03:33:09.000+07:00,2025-09-20T06:31:26.000+07:00,
140605,13160,ตำบลบางกระสั้น,Tambon Bang Krasan,1406,14.189,100.565,2019-08-09T03:33:09.000+07:00,2025-09-20T06:31:26.000+07:00,
140606,13160,ตำบลคลองจิก,Tambon Khlong Chik,1406,14.214,100.597,2019-08-09T03:33:09.000+07:00,2025-09-20T06:31:26.000+07:00,
140607,13160,ตำบลบ้านหว้า,Tambon Ban Wa,1406,14.258,100.616,2019-08-09T03:33:09.000+07:00,2025-09-20T06:31:26.000+07:00,
140608,13160,ตำบลวัดยม,Tambon Wat Yom,1406,14.26,100.568,2019-08-09T03:33:09.000+07:00,2025-09-20T06:31:26.000+07:00,
140609,13160,ตำบลบางประแดง,Tambon Bang Pradaeng,1406,14.288,100.544,2019-08-09T03:33:09.000+07:00,2025-09-20T06:31:26.000+07:00,
140610,13160,ตำบลสามเรือน,Tambon Sam Ruean,1406,14.292,100.647,2019-08-09T03:33:09.000+07:00,2025-09-20T06:31:26.000+07:00,
140611,13160,ตำบลเกาะเกิด,Tambon Ko Koet,1406,14.206,100.539,2019-08-09T03:33:09.000+07:00,2025-09-20T06:31:26.000+07:00,
140612,13160,ตำบลบ้านพลับ,Tambon Ban Phlap,1406,14.223,100.552,2019-08-09T03:33:09.000+07:00,2025-09-20T06:31:26.000+07:00,
140613,13160,ตำบลบ้านแป้ง,Tambon Ban Paeng,1406,14.239,100.557,2019-08-09T03:33:09.000+07:00,2025-09-20T06:31:26.000+07:00,
140614,13160,ตำบลคุ้งลาน,Tambon Khung Lan,1406,14.295,100.621,2019-08-09T03:33:09.000+07:00,2025-09-20T06:31:26.000+07:00,
140615,13160,ตำบลตลิ่งชัน,Tambon Taling Chan,1406,14.25,100.642,2019-08-09T03:33:09.000+07:00,2025-09-20T06:31:26.000+07:00,
140616,13170,ตำบลบ้านสร้าง,Tambon Ban Sang,1406,14.289,100.668,2019-08-09T03:33:09.000+07:00,2025-09-20T06:31:26.000+07:00,
140617,13160,ตำบลตลาดเกรียบ,Tambon Talat Kriap,1406,,,2019-08-09T03:33:09.000+07:00,2025-09-20T06:31:26.000+07:00,
140618,13160,ตำบลขนอนหลวง,Tambon Khanon Luang,1406,14.266,100.542,2019-08-09T03:33:09.000+07:00,2025-09-20T06:31:26.000+07:00,
140701,13220,ตำบลบางปะหัน,Tambon Bang Pahan,1407,14.458,100.558,2019-08-09T03:33:09.000+07:00,2025-09-20T06:31:26.000+07:00,
140702,13220,ตำบลขยาย,Tambon Khayai,1407,14.414,100.564,2019-08-09T03:33:09.000+07:00,2025-09-20T06:31:26.000+07:00,
140703,13220,ตำบลบางเดื่อ,Tambon Bang Duea,1407,14.436,100.576,2019-08-09T03:33:09.000+07:00,2025-09-20T06:31:26.000+07:00,
140704,13220,ตำบลเสาธง,Tambon Sao Thong,1407,14.496,100.549,2019-08-09T03:33:09.000+07:00,2025-09-20T06:31:26.000+07:00,
140705,13220,ตำบลทางกลาง,Tambon Thang Klang,1407,14.513,100.544,2019-08-09T03:33:09.000+07:00,2025-09-20T06:31:26.000+07:00,
140706,13220,ตำบลบางเพลิง,Tambon Bang Phloeng,1407,14.5,100.577,2019-08-09T03:33:09.000+07:00,2025-09-20T06:31:26.000+07:00,
140707,13220,ตำบลหันสัง,Tambon Hansang,1407,14.512,100.517,2019-08-09T03:33:09.000+07:00,2025-09-20T06:31:26.000+07:00,
140708,13220,ตำบลบางนางร้า,Tambon Bang Nang Ra,1407,14.474,100.531,2019-08-09T03:33:09.000+07:00,2025-09-20T06:31:26.000+07:00,
140709,13220,ตำบลตานิม,Tambon Ta Nim,1407,14.491,100.532,2019-08-09T03:33:09.000+07:00,2025-09-20T06:31:26.000+07:00,
140710,13220,ตำบลทับน้ำ,Tambon Thap Nam,1407,14.464,100.508,2019-08-09T03:33:09.000+07:00,2025-09-20T06:31:26.000+07:00,
140711,13220,ตำบลบ้านม้า,Tambon Ban Ma,1407,14.492,100.51,2019-08-09T03:33:09.000+07:00,2025-09-20T06:31:26.000+07:00,
140712,13220,ตำบลขวัญเมือง,Tambon Khwan Mueang,1407,14.444,100.536,2019-08-09T03:33:09.000+07:00,2025-09-20T06:31:26.000+07:00,
140713,13220,ตำบลบ้านลี่,Tambon Ban Li,1407,14.449,100.521,2019-08-09T03:33:09.000+07:00,2025-09-20T06:31:26.000+07:00,
140714,13220,ตำบลโพธิ์สามต้น,Tambon Pho Sam Ton,1407,14.421,100.547,2019-08-09T03:33:09.000+07:00,2025-09-20T06:31:26.000+07:00,
140715,13220,ตำบลพุทเลา,Tambon Phutlao,1407,14.419,100.525,2019-08-09T03:33:09.000+07:00,2025-09-20T06:31:26.000+07:00,
140716,13220,ตำบลตาลเอน,Tambon Tan En,1407,14.524,100.563,2019-08-09T03:33:09.000+07:00,2025-09-20T06:31:26.000+07:00,
140717,13220,ตำบลบ้านขล้อ,Tambon Ban Khlo,1407,14.532,100.586,2019-08-09T03:33:09.000+07:00,2025-09-20T06:31:26.000+07:00,
140801,13120,ตำบลผักไห่,Tambon Phak Hai,1408,14.462,100.379,2019-08-09T03:33:09.000+07:00,2025-09-20T06:31:26.000+07:00,
140802,13120,ตำบลอมฤต,Tambon Ammarit,1408,14.472,100.361,2019-08-09T03:33:09.000+07:00,2025-09-20T06:31:26.000+07:00,
140803,13120,ตำบลบ้านแค,Tambon Ban Khae,1408,14.495,100.405,2019-08-09T03:33:09.000+07:00,2025-09-20T06:31:26.000+07:00,
140804,13120,ตำบลลาดน้ำเค็ม,Tambon Lat Nam Khem,1408,14.482,100.393,2019-08-09T03:33:09.000+07:00,2025-09-20T06:31:26.000+07:00,
140805,13120,ตำบลตาลาน,Tambon Ta Lan,1408,14.446,100.387,2019-08-09T03:33:09.000+07:00,2025-09-20T06:31:26.000+07:00,
140806,13120,ตำบลท่าดินแดง,Tambon Tha Din Daeng,1408,14.416,100.388,2019-08-09T03:33:09.000+07:00,2025-09-20T06:31:26.000+07:00,
140807,13280,ตำบลดอนลาน,Tambon Don Lan,1408,14.433,100.286,2019-08-09T03:33:09.000+07:00,2025-09-20T06:31:26.000+07:00,
140808,13280,ตำบลนาคู,Tambon Na Khu,1408,14.468,100.272,2019-08-09T03:33:09.000+07:00,2025-09-20T06:31:26.000+07:00,
140809,13120,ตำบลกุฎี,Tambon Kudi,1408,14.439,100.407,2019-08-09T03:33:09.000+07:00,2025-09-20T06:31:26.000+07:00,
140810,13280,ตำบลลำตะเคียน,Tambon Lam Takhian,1408,14.419,100.318,2019-08-09T03:33:09.000+07:00,2025-09-20T06:31:26.000+07:00,
140811,13120,ตำบลโคกช้าง,Tambon Khok Chang,1408,14.5,100.388,2019-08-09T03:33:09.000+07:00,2025-09-20T06:31:26.000+07:00,
140812,13280,ตำบลจักราช,Tambon Chakkarat,1408,14.447,100.34,2019-08-09T03:33:09.000+07:00,2025-09-20T06:31:26.000+07:00,
140813,13280,ตำบลหนองน้ำใหญ่,Tambon Nong Nam Yai,1408,14.474,100.311,2019-08-09T03:33:09.000+07:00,2025-09-20T06:31:26.000+07:00,
140814,13120,ตำบลลาดชิด,Tambon Lat Chit,1408,14.422,100.358,2019-08-09T03:33:09.000+07:00,2025-09-20T06:31:26.000+07:00,
140815,13120,ตำบลหน้าโคก,Tambon Na Khok,1408,14.49,100.351,2019-08-09T03:33:09.000+07:00,2025-09-20T06:31:26.000+07:00,
140816,13120,ตำบลบ้านใหญ่,Tambon Ban Yai,1408,14.435,100.384,2019-08-09T03:33:09.000+07:00,2025-09-20T06:31:26.000+07:00,
140901,13140,ตำบลภาชี,Tambon Phachi,1409,14.442,100.725,2019-08-09T03:33:09.000+07:00,2025-09-20T06:31:26.000+07:00,
140902,13140,ตำบลโคกม่วง,Tambon Khok Muang,1409,14.428,100.75,2019-08-09T03:33:09.000+07:00,2025-09-20T06:31:26.000+07:00,
140903,13140,ตำบลระโสม,Tambon Rasom,1409,14.39,100.77,2019-08-09T03:33:09.000+07:00,2025-09-20T06:31:26.000+07:00,
140904,13140,ตำบลหนองน้ำใส,Tambon Nong Nam Sai,1409,14.457,100.751,2019-08-09T03:33:09.000+07:00,2025-09-20T06:31:26.000+07:00,
140905,13140,ตำบลดอนหญ้านาง,Tambon Don Ya Nang,1409,14.478,100.739,2019-08-09T03:33:09.000+07:00,2025-09-20T06:31:26.000+07:00,
140906,13140,ตำบลไผ่ล้อม,Tambon Phai Lom,1409,14.474,100.693,2019-08-09T03:33:09.000+07:00,2025-09-20T06:31:26.000+07:00,
140907,13140,ตำบลกระจิว,Tambon Krachio,1409,14.42,100.69,2019-08-09T03:33:09.000+07:00,2025-09-20T06:31:26.000+07:00,
140908,13140,ตำบลพระแก้ว,Tambon Phra Kaeo,1409,14.44,100.675,2019-08-09T03:33:09.000+07:00,2025-09-20T06:31:26.000+07:00,
141001,13230,ตำบลลาดบัวหลวง,Tambon Lat Bua Luang,1410,14.193,100.319,2019-08-09T03:33:09.000+07:00,2025-09-20T06:31:26.000+07:00,
141002,13230,ตำบลหลักชัย,Tambon Lak Chai,1410,14.195,100.277,2019-08-09T03:33:09.000+07:00,2025-09-20T06:31:26.000+07:00,
141003,13230,ตำบลสามเมือง,Tambon Sam Mueang,1410,14.153,100.297,2019-08-09T03:33:09.000+07:00,2025-09-20T06:31:26.000+07:00,
141004,13230,ตำบลพระยาบันลือ,Tambon Phraya Banlue,1410,14.161,100.395,2019-08-09T03:33:09.000+07:00,2025-09-20T06:31:26.000+07:00,
141005,13230,ตำบลสิงหนาท,Tambon Singhanat,1410,14.132,100.423,2019-08-09T03:33:09.000+07:00,2025-09-20T06:31:26.000+07:00,
141006,13230,ตำบลคู้สลอด,Tambon Khu Salot,1410,14.196,100.369,2019-08-09T03:33:09.000+07:00,2025-09-20T06:31:26.000+07:00,
141007,13230,ตำบลคลองพระยาบันลือ,Tambon Khlong Phraya Banlue,1410,14.134,100.368,2019-08-09T03:33:09.000+07:00,2025-09-20T06:31:26.000+07:00,
141101,13170,ตำบลลำตาเสา,Tambon Lam Ta Sao,1411,14.275,100.708,2019-08-09T03:33:09.000+07:00,2025-09-20T06:31:26.000+07:00,
141102,13170,ตำบลบ่อตาโล่,Tambon Bo Ta Lo,1411,14.241,100.674,2019-08-09T03:33:09.000+07:00,2025-09-20T06:31:26.000+07:00,
141103,13170,ตำบลวังน้อย,Tambon Wang Noi,1411,14.201,100.699,2019-08-09T03:33:09.000+07:00,2025-09-20T06:31:26.000+07:00,
141104,13170,ตำบลลำไทร,Tambon Lam Sai,1411,14.2,100.641,2019-08-09T03:33:09.000+07:00,2025-09-20T06:31:26.000+07:00,
141105,13170,ตำบลสนับทึบ,Tambon Sanap Thuep,1411,14.298,100.813,2019-08-09T03:33:09.000+07:00,2025-09-20T06:31:26.000+07:00,
141106,13170,ตำบลพยอม,Tambon Phayom,1411,14.166,100.632,2019-08-09T03:33:09.000+07:00,2025-09-20T06:31:26.000+07:00,
141107,13170,ตำบลหันตะเภา,Tambon Han Taphao,1411,14.304,100.78,2019-08-09T03:33:09.000+07:00,2025-09-20T06:31:26.000+07:00,
141108,13170,ตำบลวังจุฬา,Tambon Wang Chula,1411,14.249,100.8,2019-08-09T03:33:09.000+07:00,2025-09-20T06:31:26.000+07:00,
141109,13170,ตำบลข้าวงาม,Tambon Khao Ngam,1411,14.229,100.758,2019-08-09T03:33:09.000+07:00,2025-09-20T06:31:26.000+07:00,
141110,13170,ตำบลชะแมบ,Tambon Chamaep,1411,14.257,100.748,2019-08-09T03:33:09.000+07:00,2025-09-20T06:31:26.000+07:00,
141201,13110,ตำบลเสนา,Tambon Sena,1412,14.328,100.404,2019-08-09T03:33:09.000+07:00,2025-09-20T06:31:26.000+07:00,
141202,13110,ตำบลบ้านแพน,Tambon Ban Phaen,1412,14.342,100.417,2019-08-09T03:33:09.000+07:00,2025-09-20T06:31:26.000+07:00,
141203,13110,ตำบลเจ้าเจ็ด,Tambon Chao Chet,1412,14.303,100.378,2019-08-09T03:33:09.000+07:00,2025-09-20T06:31:26.000+07:00,
141204,13110,ตำบลสามกอ,Tambon Sam Ko,1412,14.306,100.399,2019-08-09T03:33:09.000+07:00,2025-09-20T06:31:26.000+07:00,
141205,13110,ตำบลบางนมโค,Tambon Bang Nom Kho,1412,14.292,100.424,2019-08-09T03:33:09.000+07:00,2025-09-20T06:31:26.000+07:00,
141206,13110,ตำบลหัวเวียง,Tambon Hua Wiang,1412,14.376,100.402,2019-08-09T03:33:09.000+07:00,2025-09-20T06:31:26.000+07:00,
141207,13110,ตำบลมารวิชัย,Tambon Manrawichai,1412,14.24,100.371,2019-08-09T03:33:09.000+07:00,2025-09-20T06:31:26.000+07:00,
141208,13110,ตำบลบ้านโพธิ์,Tambon Ban Pho,1412,14.351,100.394,2019-08-09T03:33:09.000+07:00,2025-09-20T06:31:26.000+07:00,
141209,13110,ตำบลรางจรเข้,Tambon Rang Chorakhe,1412,14.351,100.366,2019-08-09T03:33:09.000+07:00,2025-09-20T06:31:26.000+07:00,
141210,13110,ตำบลบ้านกระทุ่ม,Tambon Ban Krathum,1412,14.39,100.383,2019-08-09T03:33:09.000+07:00,2025-09-20T06:31:26.000+07:00,
141211,13110,ตำบลบ้านแถว,Tambon Ban Thaeo,1412,14.301,100.348,2019-08-09T03:33:09.000+07:00,2025-09-20T06:31:26.000+07:00,
141212,13110,ตำบลชายนา,Tambon Chai Na,1412,14.258,100.348,2019-08-09T03:33:09.000+07:00,2025-09-20T06:31:26.000+07:00,
141213,13110,ตำบลสามตุ่ม,Tambon Sam Tum,1412,14.24,100.406,2019-08-09T03:33:09.000+07:00,2025-09-20T06:31:26.000+07:00,
141214,13110,ตำบลลาดงา,Tambon Lat Nga,1412,14.372,100.358,2019-08-09T03:33:09.000+07:00,2025-09-20T06:31:26.000+07:00,
141215,13110,ตำบลดอนทอง,Tambon Don Thong,1412,14.24,100.306,2019-08-09T03:33:09.000+07:00,2025-09-20T06:31:26.000+07:00,
141216,13110,ตำบลบ้านหลวง,Tambon Ban Luang,1412,14.278,100.401,2019-08-09T03:33:09.000+07:00,2025-09-20T06:31:26.000+07:00,
141217,13110,ตำบลเจ้าเสด็จ,Tambon Chao Sadet,1412,14.331,100.363,2019-08-09T03:33:09.000+07:00,2025-09-20T06:31:26.000+07:00,
141301,13270,ตำบลบางซ้าย,Tambon Bang Sai,1413,14.314,100.286,2019-08-09T03:33:09.000+07:00,2025-09-20T06:31:26.000+07:00,
141302,13270,ตำบลแก้วฟ้า,Tambon Kaeo Fa,1413,14.313,100.326,2019-08-09T03:33:09.000+07:00,2025-09-20T06:31:26.000+07:00,
141303,13270,ตำบลเต่าเล่า,Tambon Tao Lao,1413,14.34,100.319,2019-08-09T03:33:09.000+07:00,2025-09-20T06:31:26.000+07:00,
141304,13270,ตำบลปลายกลัด,Tambon Plai Klat,1413,14.382,100.315,2019-08-09T03:33:09.000+07:00,2025-09-20T06:31:26.000+07:00,
141305,13270,ตำบลเทพมงคล,Tambon Thep Mongkhon,1413,14.236,100.258,2019-08-09T03:33:09.000+07:00,2025-09-20T06:31:26.000+07:00,
141306,13270,ตำบลวังพัฒนา,Tambon Wang Phatthana,1413,14.272,100.296,2019-08-09T03:33:09.000+07:00,2025-09-20T06:31:26.000+07:00,
141401,13210,ตำบลคานหาม,Tambon Khan Ham,1414,14.335,100.641,2019-08-09T03:33:09.000+07:00,2025-09-20T06:31:26.000+07:00,
141402,13210,ตำบลบ้านช้าง,Tambon Ban Chang,1414,14.322,100.68,2019-08-09T03:33:09.000+07:00,2025-09-20T06:31:26.000+07:00,
141403,13210,ตำบลสามบัณฑิต,Tambon Sam Bandit,1414,14.349,100.742,2019-08-09T03:33:09.000+07:00,2025-09-20T06:31:26.000+07:00,
141404,13210,ตำบลบ้านหีบ,Tambon Ban Hip,1414,14.372,100.712,2019-08-09T03:33:09.000+07:00,2025-09-20T06:31:26.000+07:00,
141405,13210,ตำบลหนองไม้ซุง,Tambon Nong Mai Sung,1414,14.376,100.751,2019-08-09T03:33:09.000+07:00,2025-09-20T06:31:26.000+07:00,
141406,13210,ตำบลอุทัย,Tambon Uthai,1414,14.373,100.655,2019-08-09T03:33:09.000+07:00,2025-09-20T06:31:26.000+07:00,
141407,13210,ตำบลเสนา,Tambon Sena,1414,14.392,100.689,2019-08-09T03:33:09.000+07:00,2025-09-20T06:31:26.000+07:00,
141408,13210,ตำบลหนองน้ำส้ม,Tambon Nong Nam Som,1414,14.32,100.714,2019-08-09T03:33:09.000+07:00,2025-09-20T06:31:26.000+07:00,
141409,13210,ตำบลโพสาวหาญ,Tambon Pho Sao Han,1414,14.332,100.759,2019-08-09T03:33:09.000+07:00,2025-09-20T06:31:26.000+07:00,
141410,13210,ตำบลธนู,Tambon Thanu,1414,14.355,100.622,2019-08-09T03:33:09.000+07:00,2025-09-20T06:31:26.000+07:00,
141411,13210,ตำบลข้าวเม่า,Tambon Khao Mao,1414,14.379,100.624,2019-08-09T03:33:09.000+07:00,2025-09-20T06:31:26.000+07:00,
141501,13150,ตำบลหัวไผ่,Tambon Hua Phai,1415,14.532,100.525,2019-08-09T03:33:09.000+07:00,2025-09-20T06:31:26.000+07:00,
141502,13150,ตำบลกะทุ่ม,Tambon Kathum,1415,14.546,100.556,2019-08-09T03:33:09.000+07:00,2025-09-20T06:31:26.000+07:00,
141503,13150,ตำบลมหาราช,Tambon Maha Rat,1415,14.552,100.528,2019-08-09T03:33:09.000+07:00,2025-09-20T06:31:26.000+07:00,
141504,13150,ตำบลน้ำเต้า,Tambon Namtao,1415,14.566,100.542,2019-08-09T03:33:09.000+07:00,2025-09-20T06:31:26.000+07:00,
141505,13150,ตำบลบางนา,Tambon Bang Na,1415,14.576,100.581,2019-08-09T03:33:09.000+07:00,2025-09-20T06:31:26.000+07:00,
141506,13150,ตำบลโรงช้าง,Tambon Rong Chang,1415,14.602,100.563,2019-08-09T03:33:09.000+07:00,2025-09-20T06:31:26.000+07:00,
141507,13150,ตำบลเจ้าปลุก,Tambon Chao Pluk,1415,14.584,100.538,2019-08-09T03:33:09.000+07:00,2025-09-20T06:31:26.000+07:00,
141508,13150,ตำบลพิตเพียน,Tambon Phitphian,1415,14.608,100.544,2019-08-09T03:33:09.000+07:00,2025-09-20T06:31:26.000+07:00,
141509,13150,ตำบลบ้านนา,Tambon Ban Na,1415,14.606,100.51,2019-08-09T03:33:09.000+07:00,2025-09-20T06:31:26.000+07:00,
141510,13150,ตำบลบ้านขวาง,Tambon Ban Khwang,1415,14.576,100.518,2019-08-09T03:33:09.000+07:00,2025-09-20T06:31:26.000+07:00,
141511,13150,ตำบลท่าตอ,Tambon Tha To,1415,14.556,100.511,2019-08-09T03:33:09.000+07:00,2025-09-20T06:31:26.000+07:00,
141512,13150,ตำบลบ้านใหม่,Tambon Ban Mai,1415,14.531,100.5,2019-08-09T03:33:09.000+07:00,2025-09-20T06:31:26.000+07:00,
141601,13240,ตำบลบ้านแพรก,Tambon Ban Phraek,1416,14.64,100.585,2019-08-09T03:33:09.000+07:00,2025-09-20T06:31:26.000+07:00,
141602,13240,ตำบลบ้านใหม่,Tambon Ban Mai,1416,14.655,100.586,2019-08-09T03:33:09.000+07:00,2025-09-20T06:31:26.000+07:00,
141603,13240,ตำบลสำพะเนียง,Tambon Sam Phaniang,1416,14.638,100.567,2019-08-09T03:33:09.000+07:00,2025-09-20T06:31:26.000+07:00,
141604,13240,ตำบลคลองน้อย,Tambon Khlong Noi,1416,14.627,100.553,2019-08-09T03:33:09.000+07:00,2025-09-20T06:31:26.000+07:00,
141605,13240,ตำบลสองห้อง,Tambon Song Hong,1416,14.646,100.519,2019-08-09T03:33:09.000+07:00,2025-09-20T06:31:26.000+07:00,
150101,14000,ตำบลตลาดหลวง,Tambon Talat Luang,1501,14.592,100.453,2019-08-09T03:33:09.000+07:00,2025-09-20T06:31:26.000+07:00,
150102,14000,ตำบลบางแก้ว,Tambon Bang Kaeo,1501,14.588,100.459,2019-08-09T03:33:09.000+07:00,2025-09-20T06:31:26.000+07:00,
150103,14000,ตำบลศาลาแดง,Tambon Sala Daeng,1501,14.599,100.445,2019-08-09T03:33:09.000+07:00,2025-09-20T06:31:26.000+07:00,
150104,14000,ตำบลป่างิ้ว,Tambon Pa Ngio,1501,14.612,100.413,2019-08-09T03:33:09.000+07:00,2025-09-20T06:31:26.000+07:00,
150105,14000,ตำบลบ้านแห,Tambon Ban Hae,1501,14.565,100.434,2019-08-09T03:33:09.000+07:00,2025-09-20T06:31:26.000+07:00,
150106,14000,ตำบลตลาดกรวด,Tambon Talat Kruat,1501,14.619,100.478,2019-08-09T03:33:09.000+07:00,2025-09-20T06:31:26.000+07:00,
150107,14000,ตำบลมหาดไทย,Tambon Mahatthai,1501,14.568,100.4,2019-08-09T03:33:09.000+07:00,2025-09-20T06:31:26.000+07:00,
150108,14000,ตำบลบ้านอิฐ,Tambon Ban It,1501,14.583,100.476,2019-08-09T03:33:09.000+07:00,2025-09-20T06:31:26.000+07:00,
150109,14000,ตำบลหัวไผ่,Tambon Hua Phai,1501,14.553,100.474,2019-08-09T03:33:09.000+07:00,2025-09-20T06:31:26.000+07:00,
150110,14000,ตำบลจำปาหล่อ,Tambon Champa Lo,1501,14.539,100.433,2019-08-09T03:33:09.000+07:00,2025-09-20T06:31:26.000+07:00,
150111,14000,ตำบลโพสะ,Tambon Phosa,1501,14.542,100.457,2019-08-09T03:33:09.000+07:00,2025-09-20T06:31:26.000+07:00,
150112,14000,ตำบลบ้านรี,Tambon Ban Ri,1501,14.605,100.485,2019-08-09T03:33:09.000+07:00,2025-09-20T06:31:26.000+07:00,
150113,14000,ตำบลคลองวัว,Tambon Khlong Wua,1501,14.578,100.432,2019-08-09T03:33:09.000+07:00,2025-09-20T06:31:26.000+07:00,
150114,14000,ตำบลย่านซื่อ,Tambon Yan Sue,1501,14.619,100.447,2019-08-09T03:33:09.000+07:00,2025-09-20T06:31:26.000+07:00,
150201,14140,ตำบลจรเข้ร้อง,Tambon Chorakhe Rong,1502,14.658,100.482,2019-08-09T03:33:09.000+07:00,2025-09-20T06:31:26.000+07:00,
150202,14140,ตำบลไชยภูมิ,Tambon Chaiyaphum,1502,14.705,100.465,2019-08-09T03:33:09.000+07:00,2025-09-20T06:31:26.000+07:00,
150203,14140,ตำบลชัยฤทธิ์,Tambon Chaiyarit,1502,14.637,100.472,2019-08-09T03:33:09.000+07:00,2025-09-20T06:31:26.000+07:00,
150204,14140,ตำบลเทวราช,Tambon Thewarat,1502,14.646,100.449,2019-08-09T03:33:09.000+07:00,2025-09-20T06:31:26.000+07:00,
150205,14140,ตำบลราชสถิตย์,Tambon Ratchasathit,1502,14.672,100.456,2019-08-09T03:33:09.000+07:00,2025-09-20T06:31:26.000+07:00,
150206,14140,ตำบลไชโย,Tambon Chaiyo,1502,14.707,100.436,2019-08-09T03:33:09.000+07:00,2025-09-20T06:31:26.000+07:00,
150207,14140,ตำบลหลักฟ้า,Tambon Lak Fa,1502,14.684,100.462,2019-08-09T03:33:09.000+07:00,2025-09-20T06:31:26.000+07:00,
150208,14140,ตำบลชะไว,Tambon Chawai,1502,14.687,100.494,2019-08-09T03:33:09.000+07:00,2025-09-20T06:31:26.000+07:00,
150209,14140,ตำบลตรีณรงค์,Tambon Tri Narong,1502,14.676,100.498,2019-08-09T03:33:09.000+07:00,2025-09-20T06:31:26.000+07:00,
150301,14130,ตำบลบางปลากด,Tambon Bang Pla Kot,1503,14.509,100.461,2019-08-09T03:33:09.000+07:00,2025-09-20T06:31:26.000+07:00,
150302,14130,ตำบลป่าโมก,Tambon Pa Mok,1503,14.501,100.437,2019-08-09T03:33:09.000+07:00,2025-09-20T06:31:26.000+07:00,
150303,14130,ตำบลสายทอง,Tambon Sai Thong,1503,14.513,100.484,2019-08-09T03:33:09.000+07:00,2025-09-20T06:31:26.000+07:00,
150304,14130,ตำบลโรงช้าง,Tambon Rong Chang,1503,14.488,100.472,2019-08-09T03:33:09.000+07:00,2025-09-20T06:31:26.000+07:00,
150305,14130,ตำบลบางเสด็จ,Tambon Bang Sadet,1503,14.461,100.473,2019-08-09T03:33:09.000+07:00,2025-09-20T06:31:26.000+07:00,
150306,14130,ตำบลนรสิงห์,Tambon Norasing,1503,14.518,100.431,2019-08-09T03:33:09.000+07:00,2025-09-20T06:31:26.000+07:00,
150307,14130,ตำบลเอกราช,Tambon Ekkarat,1503,14.477,100.426,2019-08-09T03:33:09.000+07:00,2025-09-20T06:31:26.000+07:00,
150308,14130,ตำบลโผงเผง,Tambon Phong Pheng,1503,14.455,100.442,2019-08-09T03:33:09.000+07:00,2025-09-20T06:31:26.000+07:00,
150401,14120,ตำบลอ่างแก้ว,Tambon Ang Kaeo,1504,14.666,100.393,2019-08-09T03:33:09.000+07:00,2025-09-20T06:31:26.000+07:00,
150402,14120,ตำบลอินทประมูล,Tambon Inthapramun,1504,14.651,100.425,2019-08-09T03:33:09.000+07:00,2025-09-20T06:31:26.000+07:00,
150403,14120,ตำบลบางพลับ,Tambon Bang Phlap,1504,14.641,100.406,2019-08-09T03:33:09.000+07:00,2025-09-20T06:31:26.000+07:00,
150404,14120,ตำบลหนองแม่ไก่,Tambon Nong Mae Kai,1504,14.708,100.351,2019-08-09T03:33:09.000+07:00,2025-09-20T06:31:26.000+07:00,
150405,14120,ตำบลรำมะสัก,Tambon Ram Ma Sak,1504,14.679,100.242,2019-08-09T03:33:09.000+07:00,2025-09-20T06:31:26.000+07:00,
150406,14120,ตำบลบางระกำ,Tambon Bang Rakam,1504,14.691,100.428,2019-08-09T03:33:09.000+07:00,2025-09-20T06:31:26.000+07:00,
150407,14120,ตำบลโพธิ์รังนก,Tambon Pho Rang Nok,1504,14.614,100.378,2019-08-09T03:33:09.000+07:00,2025-09-20T06:31:26.000+07:00,
150408,14120,ตำบลองครักษ์,Tambon Ongkharak,1504,14.731,100.398,2019-08-09T03:33:09.000+07:00,2025-09-20T06:31:26.000+07:00,
150409,14120,ตำบลโคกพุทรา,Tambon Khok Phutsa,1504,14.689,100.375,2019-08-09T03:33:09.000+07:00,2025-09-20T06:31:26.000+07:00,
150410,14120,ตำบลยางช้าย,Tambon Yang Chai,1504,,,2019-08-09T03:33:09.000+07:00,2025-09-20T06:31:26.000+07:00,
150411,14120,ตำบลบ่อแร่,Tambon Bo Rae,1504,14.637,100.372,2019-08-09T03:33:09.000+07:00,2025-09-20T06:31:26.000+07:00,
150412,14120,ตำบลทางพระ,Tambon Thang Phra,1504,14.677,100.36,2019-08-09T03:33:09.000+07:00,2025-09-20T06:31:26.000+07:00,
150413,14120,ตำบลสามง่าม,Tambon Sam Ngam,1504,14.638,100.389,2019-08-09T03:33:09.000+07:00,2025-09-20T06:31:26.000+07:00,
150414,14120,ตำบลบางเจ้าฉ่า,Tambon Bang Chao Cha,1504,14.695,100.398,2019-08-09T03:33:09.000+07:00,2025-09-20T06:31:26.000+07:00,
150415,14120,ตำบลคำหยาด,Tambon Kham Yat,1504,14.676,100.323,2019-08-09T03:33:09.000+07:00,2025-09-20T06:31:26.000+07:00,
150501,14150,ตำบลแสวงหา,Tambon Sawaeng Ha,1505,14.763,100.31,2019-08-09T03:33:09.000+07:00,2025-09-20T06:31:26.000+07:00,
150502,14150,ตำบลศรีพราน,Tambon Si Phran,1505,14.725,100.328,2019-08-09T03:33:09.000+07:00,2025-09-20T06:31:26.000+07:00,
150503,14150,ตำบลบ้านพราน,Tambon Ban Phran,1505,14.709,100.306,2019-08-09T03:33:09.000+07:00,2025-09-20T06:31:26.000+07:00,
150504,14150,ตำบลวังน้ำเย็น,Tambon Wang Nam Yen,1505,14.738,100.221,2019-08-09T03:33:09.000+07:00,2025-09-20T06:31:26.000+07:00,
150505,14150,ตำบลสีบัวทอง,Tambon Si Bua Thong,1505,14.769,100.248,2019-08-09T03:33:09.000+07:00,2025-09-20T06:31:26.000+07:00,
150506,14150,ตำบลห้วยไผ่,Tambon Huai Phai,1505,14.789,100.324,2019-08-09T03:33:09.000+07:00,2025-09-20T06:31:26.000+07:00,
150507,14150,ตำบลจำลอง,Tambon Chamlong,1505,14.741,100.364,2019-08-09T03:33:09.000+07:00,2025-09-20T06:31:26.000+07:00,
150601,14110,ตำบลไผ่จำศิล,Tambon Phai Cham Sin,1506,,,2019-08-09T03:33:09.000+07:00,2025-09-20T06:31:26.000+07:00,
150602,14110,ตำบลศาลเจ้าโรงทอง,Tambon San Chao Rong Thong,1506,14.597,100.34,2019-08-09T03:33:09.000+07:00,2025-09-20T06:31:26.000+07:00,
150603,14110,ตำบลไผ่ดำพัฒนา,Tambon Phai Dam Phatthana,1506,14.529,100.392,2019-08-09T03:33:09.000+07:00,2025-09-20T06:31:26.000+07:00,
150604,14110,ตำบลสาวร้องไห้,Tambon Sao Rong Hai,1506,14.546,100.223,2019-08-09T03:33:09.000+07:00,2025-09-20T06:31:26.000+07:00,
150605,14110,ตำบลท่าช้าง,Tambon Tha Chang,1506,14.562,100.333,2019-08-09T03:33:09.000+07:00,2025-09-20T06:31:26.000+07:00,
150606,14110,ตำบลยี่ล้น,Tambon Yi Lon,1506,14.579,100.301,2019-08-09T03:33:09.000+07:00,2025-09-20T06:31:26.000+07:00,
150607,14110,ตำบลบางจัก,Tambon Bang Chak,1506,14.502,100.33,2019-08-09T03:33:09.000+07:00,2025-09-20T06:31:26.000+07:00,
150608,14110,ตำบลห้วยคันแหลน,Tambon Huai Khan Laen,1506,14.555,100.294,2019-08-09T03:33:09.000+07:00,2025-09-20T06:31:26.000+07:00,
150609,14110,ตำบลคลองขนาก,Tambon Khlong Khanak,1506,14.53,100.337,2019-08-09T03:33:09.000+07:00,2025-09-20T06:31:26.000+07:00,
150610,14110,ตำบลไผ่วง,Tambon Phai Wong,1506,14.505,100.251,2019-08-09T03:33:09.000+07:00,2025-09-20T06:31:26.000+07:00,
150611,14110,ตำบลสี่ร้อย,Tambon Si Roi,1506,14.55,100.37,2019-08-09T03:33:09.000+07:00,2025-09-20T06:31:26.000+07:00,
150612,14110,ตำบลม่วงเตี้ย,Tambon Muang Tia,1506,14.636,100.323,2019-08-09T03:33:09.000+07:00,2025-09-20T06:31:26.000+07:00,
150613,14110,ตำบลหัวตะพาน,Tambon Hua Taphan,1506,14.583,100.387,2019-08-09T03:33:09.000+07:00,2025-09-20T06:31:26.000+07:00,
150614,14110,ตำบลหลักแก้ว,Tambon Lak Kaeo,1506,14.517,100.289,2019-08-09T03:33:09.000+07:00,2025-09-20T06:31:26.000+07:00,
150615,14110,ตำบลตลาดใหม่,Tambon Talat Mai,1506,14.542,100.315,2019-08-09T03:33:09.000+07:00,2025-09-20T06:31:26.000+07:00,
150701,14160,ตำบลสามโก้,Tambon Samko,1507,14.606,100.252,2019-08-09T03:33:09.000+07:00,2025-09-20T06:31:26.000+07:00,
150702,14160,ตำบลราษฎรพัฒนา,Tambon Ratsadon Phatthana,1507,14.605,100.293,2019-08-09T03:33:09.000+07:00,2025-09-20T06:31:26.000+07:00,
150703,14160,ตำบลอบทม,Tambon Op Thom,1507,14.581,100.246,2019-08-09T03:33:09.000+07:00,2025-09-20T06:31:26.000+07:00,
150704,14160,ตำบลโพธิ์ม่วงพันธ์,Tambon Pho Muang Phan,1507,14.561,100.254,2019-08-09T03:33:09.000+07:00,2025-09-20T06:31:26.000+07:00,
150705,14160,ตำบลมงคลธรรมนิมิต,Tambon Mongkhon Tham Nimit,1507,14.64,100.26,2019-08-09T03:33:09.000+07:00,2025-09-20T06:31:26.000+07:00,
160101,15000,ตำบลทะเลชุบศร,Tambon Thale Chup Son,1601,14.804,100.634,2019-08-09T03:33:09.000+07:00,2025-09-20T06:31:26.000+07:00,
160102,15000,ตำบลท่าหิน,Tambon Tha Hin,1601,14.802,100.611,2019-08-09T03:33:09.000+07:00,2025-09-20T06:31:26.000+07:00,
160103,15000,ตำบลกกโก,Tambon Kok Ko,1601,14.767,100.684,2019-08-09T03:33:09.000+07:00,2025-09-20T06:31:26.000+07:00,
160104,13240,ตำบลโก่งธนู,Tambon Kong Thanu,1601,14.674,100.597,2019-08-09T03:33:09.000+07:00,2025-09-20T06:31:26.000+07:00,
160105,15000,ตำบลเขาพระงาม,Tambon Khao Phra Ngam,1601,14.901,100.67,2019-08-09T03:33:09.000+07:00,2025-09-20T06:31:26.000+07:00,
160106,15000,ตำบลเขาสามยอด,Tambon Khao Sam Yot,1601,14.83,100.671,2019-08-09T03:33:09.000+07:00,2025-09-20T06:31:26.000+07:00,
160107,15000,ตำบลโคกกะเทียม,Tambon Khok Kathiam,1601,,,2019-08-09T03:33:09.000+07:00,2025-09-20T06:31:26.000+07:00,
160108,15000,ตำบลโคกลำพาน,Tambon Khok Lam Phan,1601,14.74,100.64,2019-08-09T03:33:09.000+07:00,2025-09-20T06:31:26.000+07:00,
160109,15210,ตำบลโคกตูม,Tambon Khok Tum,1601,14.866,100.817,2019-08-09T03:33:09.000+07:00,2025-09-20T06:31:26.000+07:00,
160110,15000,ตำบลงิ้วราย,Tambon Ngio Rai,1601,14.704,100.592,2019-08-09T03:33:09.000+07:00,2025-09-20T06:31:26.000+07:00,
160111,15000,ตำบลดอนโพธิ์,Tambon Don Pho,1601,14.691,100.627,2019-08-09T03:33:09.000+07:00,2025-09-20T06:31:26.000+07:00,
160112,15000,ตำบลตะลุง,Tambon Talung,1601,14.737,100.601,2019-08-09T03:33:09.000+07:00,2025-09-20T06:31:26.000+07:00,
160114,15000,ตำบลท่าแค,Tambon Tha Khae,1601,14.865,100.619,2019-08-09T03:33:09.000+07:00,2025-09-20T06:31:26.000+07:00,
160115,15000,ตำบลท่าศาลา,Tambon Tha Sala,1601,14.792,100.671,2019-08-09T03:33:09.000+07:00,2025-09-20T06:31:26.000+07:00,
160116,15000,ตำบลนิคมสร้างตนเอง,Tambon Nikhom Sang Ton-eng,1601,14.824,100.732,2019-08-09T03:33:09.000+07:00,2025-09-20T06:31:26.000+07:00,
160117,15000,ตำบลบางขันหมาก,Tambon Bang Khan Mak,1601,14.82,100.583,2019-08-09T03:33:09.000+07:00,2025-09-20T06:31:26.000+07:00,
160118,15000,ตำบลบ้านข่อย,Tambon Ban Khoi,1601,14.683,100.529,2019-08-09T03:33:09.000+07:00,2025-09-20T06:31:26.000+07:00,
160119,15000,ตำบลท้ายตลาด,Tambon Thai Talat,1601,14.725,100.563,2019-08-09T03:33:09.000+07:00,2025-09-20T06:31:26.000+07:00,
160120,15000,ตำบลป่าตาล,Tambon Pa Tan,1601,14.778,100.64,2019-08-09T03:33:09.000+07:00,2025-09-20T06:31:26.000+07:00,
160121,15000,ตำบลพรหมมาสตร์,Tambon Phrommat,1601,14.82,100.603,2019-08-09T03:33:09.000+07:00,2025-09-20T06:31:26.000+07:00,
160122,15000,ตำบลโพธิ์เก้าต้น,Tambon Pho Kao Ton,1601,14.775,100.599,2019-08-09T03:33:09.000+07:00,2025-09-20T06:31:26.000+07:00,
160123,15000,ตำบลโพธิ์ตรุ,Tambon Pho Tru,1601,14.725,100.532,2019-08-09T03:33:09.000+07:00,2025-09-20T06:31:26.000+07:00,
160124,15000,ตำบลสี่คลอง,Tambon Si Khlong,1601,14.681,100.563,2019-08-09T03:33:09.000+07:00,2025-09-20T06:31:26.000+07:00,
160125,15000,ตำบลถนนใหญ่,Tambon Thanon Yai,1601,14.831,100.629,2019-08-09T03:33:09.000+07:00,2025-09-20T06:31:26.000+07:00,
160201,15140,ตำบลพัฒนานิคม,Tambon Phatthana Nikhom,1602,14.896,100.966,2019-08-09T03:33:09.000+07:00,2025-09-20T06:31:26.000+07:00,
160202,15220,ตำบลช่องสาริกา,Tambon Chong Sarika,1602,14.802,100.909,2019-08-09T03:33:09.000+07:00,2025-09-20T06:31:26.000+07:00,
160203,15140,ตำบลมะนาวหวาน,Tambon Manao Wan,1602,14.934,101.093,2019-08-09T03:33:09.000+07:00,2025-09-20T06:31:26.000+07:00,
160204,15220,ตำบลดีลัง,Tambon Di Lang,1602,14.94,100.852,2019-08-09T03:33:09.000+07:00,2025-09-20T06:31:26.000+07:00,
160205,15140,ตำบลโคกสลุง,Tambon Khok Salung,1602,15.01,100.969,2019-08-09T03:33:09.000+07:00,2025-09-20T06:31:26.000+07:00,
160206,15140,ตำบลชอนน้อย,Tambon Chon Noi,1602,14.795,100.985,2019-08-09T03:33:09.000+07:00,2025-09-20T06:31:26.000+07:00,
160207,15140,ตำบลหนองบัว,Tambon Nong Bua,1602,14.851,101.054,2019-08-09T03:33:09.000+07:00,2025-09-20T06:31:26.000+07:00,
160208,18220,ตำบลห้วยขุนราม,Tambon Huai Khun Ram,1602,14.951,101.205,2019-08-09T03:33:09.000+07:00,2025-09-20T06:31:26.000+07:00,
160209,15140,ตำบลน้ำสุด,Tambon Nam Sut,1602,14.952,101.146,2019-08-09T03:33:09.000+07:00,2025-09-20T06:31:26.000+07:00,
160301,15120,ตำบลโคกสำโรง,Tambon Khok Samrong,1603,15.071,100.713,2019-08-09T03:33:09.000+07:00,2025-09-20T06:31:26.000+07:00,
160302,15120,ตำบลเกาะแก้ว,Tambon Ko Kaeo,1603,15.136,100.736,2019-08-09T03:33:09.000+07:00,2025-09-20T06:31:26.000+07:00,
160303,15120,ตำบลถลุงเหล็ก,Tambon Thalung Lek,1603,15.064,100.68,2019-08-09T03:33:09.000+07:00,2025-09-20T06:31:26.000+07:00,
160304,15120,ตำบลหลุมข้าว,Tambon Lum Khao,1603,15.024,100.642,2019-08-09T03:33:09.000+07:00,2025-09-20T06:31:26.000+07:00,
160305,15120,ตำบลห้วยโป่ง,Tambon Huai Pong,1603,14.981,100.677,2019-08-09T03:33:09.000+07:00,2025-09-20T06:31:26.000+07:00,
160306,15120,ตำบลคลองเกตุ,Tambon Khlong Ket,1603,14.967,100.802,2019-08-09T03:33:09.000+07:00,2025-09-20T06:31:26.000+07:00,
160307,15120,ตำบลสะแกราบ,Tambon Sakae Rap,1603,15.12,100.797,2019-08-09T03:33:09.000+07:00,2025-09-20T06:31:26.000+07:00,
160308,15120,ตำบลเพนียด,Tambon Phaniat,1603,15.036,100.812,2019-08-09T03:33:09.000+07:00,2025-09-20T06:31:26.000+07:00,
160309,15120,ตำบลวังเพลิง,Tambon Wang Phloeng,1603,15.062,100.841,2019-08-09T03:33:09.000+07:00,2025-09-20T06:31:26.000+07:00,
160310,15120,ตำบลดงมะรุม,Tambon Dong Marum,1603,15.127,100.877,2019-08-09T03:33:09.000+07:00,2025-09-20T06:31:26.000+07:00,
160318,15120,ตำบลวังขอนขว้าง,Tambon Wang Khon Khwang,1603,15.023,100.697,2019-08-09T03:33:09.000+07:00,2025-09-20T06:31:26.000+07:00,
160320,15120,ตำบลวังจั่น,Tambon Wang Chan,1603,15.102,100.673,2019-08-09T03:33:09.000+07:00,2025-09-20T06:31:26.000+07:00,
160322,15120,ตำบลหนองแขม,Tambon Nong Khaem,1603,15.143,100.685,2019-08-09T03:33:09.000+07:00,2025-09-20T06:31:26.000+07:00,
160401,15130,ตำบลลำนารายณ์,Tambon Lam Narai,1604,15.214,101.146,2019-08-09T03:33:09.000+07:00,2025-09-20T06:31:26.000+07:00,
160402,15130,ตำบลชัยนารายณ์,Tambon Chai Narai,1604,15.195,101.037,2019-08-09T03:33:09.000+07:00,2025-09-20T06:31:26.000+07:00,
160403,15130,ตำบลศิลาทิพย์,Tambon Sila Thip,1604,15.314,101.087,2019-08-09T03:33:09.000+07:00,2025-09-20T06:31:26.000+07:00,
160404,15130,ตำบลห้วยหิน,Tambon Huai Hin,1604,15.154,101.044,2019-08-09T03:33:09.000+07:00,2025-09-20T06:31:26.000+07:00,
160405,15230,ตำบลม่วงค่อม,Tambon Muang Khom,1604,15.078,101.024,2019-08-09T03:33:09.000+07:00,2025-09-20T06:31:26.000+07:00,
160406,15130,ตำบลบัวชุม,Tambon Bua Chum,1604,15.176,101.238,2019-08-09T03:33:09.000+07:00,2025-09-20T06:31:26.000+07:00,
160407,15130,ตำบลท่าดินดำ,Tambon Tha Din Dam,1604,15.15,101.134,2019-08-09T03:33:09.000+07:00,2025-09-20T06:31:26.000+07:00,
160408,15230,ตำบลมะกอกหวาน,Tambon Makok Wan,1604,15.059,101.077,2019-08-09T03:33:09.000+07:00,2025-09-20T06:31:26.000+07:00,
160409,15130,ตำบลซับตะเคียน,Tambon Sap Takhian,1604,15.112,101.327,2019-08-09T03:33:09.000+07:00,2025-09-20T06:31:26.000+07:00,
160410,15190,ตำบลนาโสม,Tambon Na Som,1604,15.245,101.282,2019-08-09T03:33:09.000+07:00,2025-09-20T06:31:26.000+07:00,
160411,15130,ตำบลหนองยายโต๊ะ,Tambon Nong Yai To,1604,15.22,101.264,2019-08-09T03:33:09.000+07:00,2025-09-20T06:31:26.000+07:00,
160412,15130,ตำบลเกาะรัง,Tambon Ko Rang,1604,15.318,101.251,2019-08-09T03:33:09.000+07:00,2025-09-20T06:31:26.000+07:00,
160414,15130,ตำบลท่ามะนาว,Tambon Tha Manao,1604,15.187,101.162,2019-08-09T03:33:09.000+07:00,2025-09-20T06:31:26.000+07:00,
160417,15130,ตำบลนิคมลำนารายณ์,Tambon Nikhom Lam Narai,1604,15.264,101.15,2019-08-09T03:33:09.000+07:00,2025-09-20T06:31:26.000+07:00,
160418,15230,ตำบลชัยบาดาล,Tambon Chai Badan,1604,15.095,101.058,2019-08-09T03:33:09.000+07:00,2025-09-20T06:31:26.000+07:00,
160419,15130,ตำบลบ้านใหม่สามัคคี,Tambon Ban Mai Samakkhi,1604,15.258,101.022,2019-08-09T03:33:09.000+07:00,2025-09-20T06:31:26.000+07:00,
160422,15130,ตำบลเขาแหลม,Tambon Khao Laem,1604,15.126,100.964,2019-08-09T03:33:09.000+07:00,2025-09-20T06:31:26.000+07:00,
160501,15150,ตำบลท่าวุ้ง,Tambon Tha Wung,1605,14.82,100.496,2019-08-09T03:33:09.000+07:00,2025-09-20T06:31:26.000+07:00,
160502,15150,ตำบลบางคู้,Tambon Bang Khu,1605,14.804,100.529,2019-08-09T03:33:09.000+07:00,2025-09-20T06:31:26.000+07:00,
160503,15150,ตำบลโพตลาดแก้ว,Tambon Pho Talat Kaeo,1605,14.795,100.558,2019-08-09T03:33:09.000+07:00,2025-09-20T06:31:26.000+07:00,
160504,15150,ตำบลบางลี่,Tambon Bang Li,1605,14.849,100.526,2019-08-09T03:33:09.000+07:00,2025-09-20T06:31:26.000+07:00,
160505,15150,ตำบลบางงา,Tambon Bang Nga,1605,14.85,100.492,2019-08-09T03:33:09.000+07:00,2025-09-20T06:31:26.000+07:00,
160506,15150,ตำบลโคกสลุด,Tambon Khok Salut,1605,14.881,100.482,2019-08-09T03:33:09.000+07:00,2025-09-20T06:31:26.000+07:00,
160507,15180,ตำบลเขาสมอคอน,Tambon Khao Samo Khon,1605,14.906,100.447,2019-08-09T03:33:09.000+07:00,2025-09-20T06:31:26.000+07:00,
160508,15150,ตำบลหัวสำโรง,Tambon Hua Samrong,1605,14.776,100.494,2019-08-09T03:33:09.000+07:00,2025-09-20T06:31:26.000+07:00,
160509,15150,ตำบลลาดสาลี่,Tambon Lat Sali,1605,14.723,100.487,2019-08-09T03:33:09.000+07:00,2025-09-20T06:31:26.000+07:00,
160510,15150,ตำบลบ้านเบิก,Tambon Ban Boek,1605,,,2019-08-09T03:33:09.000+07:00,2025-09-20T06:31:26.000+07:00,
160511,15150,ตำบลมุจลินท์,Tambon Mutchalin,1605,14.876,100.509,2019-08-09T03:33:09.000+07:00,2025-09-20T06:31:26.000+07:00,
160601,15110,ตำบลไผ่ใหญ่,Tambon Phai Yai,1606,15.089,100.459,2019-08-09T03:33:09.000+07:00,2025-09-20T06:31:26.000+07:00,
160602,15110,ตำบลบ้านทราย,Tambon Ban Sai,1606,15.034,100.582,2019-08-09T03:33:09.000+07:00,2025-09-20T06:31:26.000+07:00,
160603,15110,ตำบลบ้านกล้วย,Tambon Ban Kluai,1606,15.016,100.578,2019-08-09T03:33:09.000+07:00,2025-09-20T06:31:26.000+07:00,
160604,15110,ตำบลดงพลับ,Tambon Dong Phlap,1606,15.059,100.63,2019-08-09T03:33:09.000+07:00,2025-09-20T06:31:26.000+07:00,
160605,15180,ตำบลบ้านชี,Tambon Ban Chi,1606,14.947,100.5,2019-08-09T03:33:09.000+07:00,2025-09-20T06:31:26.000+07:00,
160606,15110,ตำบลพุคา,Tambon Phu Kha,1606,14.953,100.598,2019-08-09T03:33:09.000+07:00,2025-09-20T06:31:26.000+07:00,
160607,15110,ตำบลหินปัก,Tambon Hin Pak,1606,15.048,100.592,2019-08-09T03:33:09.000+07:00,2025-09-20T06:31:26.000+07:00,
160608,15110,ตำบลบางพึ่ง,Tambon Bang Phueng,1606,14.994,100.496,2019-08-09T03:33:09.000+07:00,2025-09-20T06:31:26.000+07:00,
160609,15110,ตำบลหนองทรายขาว,Tambon Nong Sai Khao,1606,14.996,100.597,2019-08-09T03:33:09.000+07:00,2025-09-20T06:31:26.000+07:00,
160610,15110,ตำบลบางกะพี้,Tambon Bang Kaphi,1606,15.073,100.613,2019-08-09T03:33:09.000+07:00,2025-09-20T06:31:26.000+07:00,
160611,15110,ตำบลหนองเต่า,Tambon Nong Tao,1606,14.963,100.555,2019-08-09T03:33:09.000+07:00,2025-09-20T06:31:26.000+07:00,
160612,15110,ตำบลโพนทอง,Tambon Phon Thong,1606,15.04,100.559,2019-08-09T03:33:09.000+07:00,2025-09-20T06:31:26.000+07:00,
160613,15180,ตำบลบางขาม,Tambon Bang Kham,1606,14.953,100.457,2019-08-09T03:33:09.000+07:00,2025-09-20T06:31:26.000+07:00,
160614,15110,ตำบลดอนดึง,Tambon Don Dueng,1606,15.146,100.612,2019-08-09T03:33:09.000+07:00,2025-09-20T06:31:26.000+07:00,
160615,15110,ตำบลชอนม่วง,Tambon Chon Muang,1606,15.21,100.61,2019-08-09T03:33:09.000+07:00,2025-09-20T06:31:26.000+07:00,
160616,15110,ตำบลหนองกระเบียน,Tambon Nong Krabian,1606,15.148,100.534,2019-08-09T03:33:09.000+07:00,2025-09-20T06:31:26.000+07:00,
160617,15110,ตำบลสายห้วยแก้ว,Tambon Sai Huai Kaeo,1606,15.095,100.509,2019-08-09T03:33:09.000+07:00,2025-09-20T06:31:26.000+07:00,
160618,15110,ตำบลมหาสอน,Tambon Maha Son,1606,15.021,100.484,2019-08-09T03:33:09.000+07:00,2025-09-20T06:31:26.000+07:00,
160619,15110,ตำบลบ้านหมี่,Tambon Ban Mi,1606,,,2019-08-09T03:33:09.000+07:00,2025-09-20T06:31:26.000+07:00,
160620,15110,ตำบลเชียงงา,Tambon Chiang Nga,1606,,,2019-08-09T03:33:09.000+07:00,2025-09-20T06:31:26.000+07:00,
160621,15110,ตำบลหนองเมือง,Tambon Nong Mueang,1606,15.124,100.569,2019-08-09T03:33:09.000+07:00,2025-09-20T06:31:26.000+07:00,
160622,15110,ตำบลสนามแจง,Tambon Sanam Chaeng,1606,15.008,100.538,2019-08-09T03:33:09.000+07:00,2025-09-20T06:31:26.000+07:00,
160701,15230,ตำบลท่าหลวง,Tambon Tha Luang,1607,15.071,101.117,2019-08-09T03:33:09.000+07:00,2025-09-20T06:31:26.000+07:00,
160702,15230,ตำบลแก่งผักกูด,Tambon Kaeng Phak Kut,1607,15.014,101.085,2019-08-09T03:33:09.000+07:00,2025-09-20T06:31:26.000+07:00,
160703,15230,ตำบลซับจำปา,Tambon Sap Champa,1607,15.026,101.228,2019-08-09T03:33:09.000+07:00,2025-09-20T06:31:26.000+07:00,
160704,15230,ตำบลหนองผักแว่น,Tambon Nong Phak Waen,1607,15.119,101.216,2019-08-09T03:33:09.000+07:00,2025-09-20T06:31:26.000+07:00,
160705,15230,ตำบลทะเลวังวัด,Tambon Thale Wang Wat,1607,15.023,101.184,2019-08-09T03:33:09.000+07:00,2025-09-20T06:31:26.000+07:00,
160706,15230,ตำบลหัวลำ,Tambon Hua Lam,1607,15.029,101.292,2019-08-09T03:33:09.000+07:00,2025-09-20T06:31:26.000+07:00,
160801,15240,ตำบลสระโบสถ์,Tambon Sa Bot,1608,15.224,100.846,2019-08-09T03:33:09.000+07:00,2025-09-20T06:31:26.000+07:00,
160802,15240,ตำบลมหาโพธิ,Tambon Maha Phot,1608,15.289,100.861,2019-08-09T03:33:09.000+07:00,2025-09-20T06:31:26.000+07:00,
160803,15240,ตำบลทุ่งท่าช้าง,Tambon Thung Tha Chang,1608,15.169,100.817,2019-08-09T03:33:09.000+07:00,2025-09-20T06:31:26.000+07:00,
160804,15240,ตำบลห้วยใหญ่,Tambon Huai Yai,1608,15.169,100.793,2019-08-09T03:33:09.000+07:00,2025-09-20T06:31:26.000+07:00,
160805,15240,ตำบลนิยมชัย,Tambon Niyom Chai,1608,15.183,100.904,2019-08-09T03:33:09.000+07:00,2025-09-20T06:31:26.000+07:00,
160901,15250,ตำบลโคกเจริญ,Tambon Khok Charoen,1609,15.408,100.777,2019-08-09T03:33:09.000+07:00,2025-09-20T06:31:26.000+07:00,
160902,15250,ตำบลยางราก,Tambon Yang Rak,1609,15.366,100.935,2019-08-09T03:33:09.000+07:00,2025-09-20T06:31:26.000+07:00,
160903,15250,ตำบลหนองมะค่า,Tambon Nong Makha,1609,15.515,100.839,2019-08-09T03:33:09.000+07:00,2025-09-20T06:31:26.000+07:00,
160904,15250,ตำบลวังทอง,Tambon Wang Thong,1609,15.469,100.811,2019-08-09T03:33:09.000+07:00,2025-09-20T06:31:26.000+07:00,
160905,15250,ตำบลโคกแสมสาร,Tambon Khok Samae San,1609,15.344,100.85,2019-08-09T03:33:09.000+07:00,2025-09-20T06:31:26.000+07:00,
161001,15190,ตำบลลำสนธิ,Tambon Lam Sonthi,1610,15.341,101.362,2019-08-09T03:33:09.000+07:00,2025-09-20T06:31:26.000+07:00,
161002,15190,ตำบลซับสมบูรณ์,Tambon Sap Sombun,1610,15.193,101.354,2019-08-09T03:33:09.000+07:00,2025-09-20T06:31:26.000+07:00,
161003,15190,ตำบลหนองรี,Tambon Nong Ri,1610,15.282,101.319,2019-08-09T03:33:09.000+07:00,2025-09-20T06:31:26.000+07:00,
161004,15190,ตำบลกุดตาเพชร,Tambon Kut Ta Phet,1610,15.523,101.346,2019-08-09T03:33:09.000+07:00,2025-09-20T06:31:26.000+07:00,
161005,15190,ตำบลเขารวก,Tambon Khao Ruak,1610,15.374,101.33,2019-08-09T03:33:09.000+07:00,2025-09-20T06:31:26.000+07:00,
161006,15130,ตำบลเขาน้อย,Tambon Khao Noi,1610,15.112,101.387,2019-08-09T03:33:09.000+07:00,2025-09-20T06:31:26.000+07:00,
161101,15170,ตำบลหนองม่วง,Tambon Nong Muang,1611,15.23,100.664,2019-08-09T03:33:09.000+07:00,2025-09-20T06:31:26.000+07:00,
161102,15170,ตำบลบ่อทอง,Tambon Bo Thong,1611,15.293,100.652,2019-08-09T03:33:09.000+07:00,2025-09-20T06:31:26.000+07:00,
161103,15170,ตำบลดงดินแดง,Tambon Dong Din Daeng,1611,15.385,100.679,2019-08-09T03:33:09.000+07:00,2025-09-20T06:31:26.000+07:00,
161104,15170,ตำบลชอนสมบูรณ์,Tambon Chon Sombun,1611,15.288,100.763,2019-08-09T03:33:09.000+07:00,2025-09-20T06:31:26.000+07:00,
161105,15170,ตำบลยางโทน,Tambon Yang Thon,1611,15.248,100.702,2019-08-09T03:33:09.000+07:00,2025-09-20T06:31:26.000+07:00,
161106,15170,ตำบลชอนสารเดช,Tambon Chon Saradet,1611,15.195,100.709,2019-08-09T03:33:09.000+07:00,2025-09-20T06:31:26.000+07:00,
170101,16000,ตำบลบางพุทรา,Tambon Bang Phutsa,1701,14.89,100.404,2019-08-09T03:33:09.000+07:00,2025-09-20T06:31:26.000+07:00,
170102,16000,ตำบลบางมัญ,Tambon Bang Man,1701,14.916,100.4,2019-08-09T03:33:09.000+07:00,2025-09-20T06:31:26.000+07:00,
170103,16000,ตำบลโพกรวม,Tambon Phok Ruam,1701,14.944,100.394,2019-08-09T03:33:09.000+07:00,2025-09-20T06:31:26.000+07:00,
170104,16000,ตำบลม่วงหมู่,Tambon Muang Mu,1701,14.869,100.432,2019-08-09T03:33:09.000+07:00,2025-09-20T06:31:26.000+07:00,
170105,16000,ตำบลหัวไผ่,Tambon Hua Phai,1701,14.965,100.429,2019-08-09T03:33:09.000+07:00,2025-09-20T06:31:26.000+07:00,
170106,16000,ตำบลต้นโพธิ์,Tambon Ton Pho,1701,14.869,100.398,2019-08-09T03:33:09.000+07:00,2025-09-20T06:31:26.000+07:00,
170107,16000,ตำบลจักรสีห์,Tambon Chaksi,1701,14.836,100.398,2019-08-09T03:33:09.000+07:00,2025-09-20T06:31:26.000+07:00,
170108,16000,ตำบลบางกระบือ,Tambon Bang Krabue,1701,14.907,100.363,2019-08-09T03:33:09.000+07:00,2025-09-20T06:31:26.000+07:00,
170201,16130,ตำบลสิงห์,Tambon Sing,1702,14.89,100.338,2019-08-09T03:33:09.000+07:00,2025-09-20T06:31:26.000+07:00,
170202,16130,ตำบลไม้ดัด,Tambon Mai Dat,1702,14.858,100.345,2019-08-09T03:33:09.000+07:00,2025-09-20T06:31:26.000+07:00,
170203,16130,ตำบลเชิงกลัด,Tambon Choeng Klat,1702,14.91,100.269,2019-08-09T03:33:09.000+07:00,2025-09-20T06:31:26.000+07:00,
170204,16130,ตำบลโพชนไก่,Tambon Pho Chon Kai,1702,14.929,100.292,2019-08-09T03:33:09.000+07:00,2025-09-20T06:31:26.000+07:00,
170205,16130,ตำบลแม่ลา,Tambon Mae La,1702,14.941,100.319,2019-08-09T03:33:09.000+07:00,2025-09-20T06:31:26.000+07:00,
170206,16130,ตำบลบ้านจ่า,Tambon Ban Cha,1702,14.852,100.284,2019-08-09T03:33:09.000+07:00,2025-09-20T06:31:26.000+07:00,
170207,16130,ตำบลพักทัน,Tambon Phak Than,1702,14.924,100.22,2019-08-09T03:33:09.000+07:00,2025-09-20T06:31:26.000+07:00,
170208,16130,ตำบลสระแจง,Tambon Sa Chaeng,1702,14.873,100.235,2019-08-09T03:33:09.000+07:00,2025-09-20T06:31:26.000+07:00,
170301,16150,ตำบลโพทะเล,Tambon Pho Thale,1703,14.829,100.257,2019-08-09T03:33:09.000+07:00,2025-09-20T06:31:26.000+07:00,
170302,16150,ตำบลบางระจัน,Tambon Bang Rachan,1703,14.799,100.296,2019-08-09T03:33:09.000+07:00,2025-09-20T06:31:26.000+07:00,
170303,16150,ตำบลโพสังโฆ,Tambon Pho Sangkho,1703,14.833,100.349,2019-08-09T03:33:09.000+07:00,2025-09-20T06:31:26.000+07:00,
170304,16150,ตำบลท่าข้าม,Tambon Tha Kham,1703,14.827,100.368,2019-08-09T03:33:09.000+07:00,2025-09-20T06:31:26.000+07:00,
170305,16150,ตำบลคอทราย,Tambon Kho Sai,1703,14.817,100.281,2019-08-09T03:33:09.000+07:00,2025-09-20T06:31:26.000+07:00,
170306,16150,ตำบลหนองกระทุ่ม,Tambon Nong Krathum,1703,14.82,100.225,2019-08-09T03:33:09.000+07:00,2025-09-20T06:31:26.000+07:00,
170401,16120,ตำบลพระงาม,Tambon Phra Ngam,1704,14.748,100.422,2019-08-09T03:33:09.000+07:00,2025-09-20T06:31:26.000+07:00,
170402,16160,ตำบลพรหมบุรี,Tambon Phrom Buri,1704,14.837,100.451,2019-08-09T03:33:09.000+07:00,2025-09-20T06:31:26.000+07:00,
170403,16120,ตำบลบางน้ำเชี่ยว,Tambon Bang Nam Chiao,1704,14.783,100.458,2019-08-09T03:33:09.000+07:00,2025-09-20T06:31:26.000+07:00,
170404,16120,ตำบลบ้านหม้อ,Tambon Ban Mo,1704,14.746,100.461,2019-08-09T03:33:09.000+07:00,2025-09-20T06:31:26.000+07:00,
170405,16120,ตำบลบ้านแป้ง,Tambon Ban Paeng,1704,14.811,100.458,2019-08-09T03:33:09.000+07:00,2025-09-20T06:31:26.000+07:00,
170406,16120,ตำบลหัวป่า,Tambon Hua Pa,1704,14.831,100.425,2019-08-09T03:33:09.000+07:00,2025-09-20T06:31:26.000+07:00,
170407,16120,ตำบลโรงช้าง,Tambon Rong Chang,1704,14.801,100.425,2019-08-09T03:33:09.000+07:00,2025-09-20T06:31:26.000+07:00,
170501,16140,ตำบลถอนสมอ,Tambon Thon Samo,1705,14.765,100.384,2019-08-09T03:33:09.000+07:00,2025-09-20T06:31:26.000+07:00,
170502,16140,ตำบลโพประจักษ์,Tambon Pho Prachak,1705,14.774,100.36,2019-08-09T03:33:09.000+07:00,2025-09-20T06:31:26.000+07:00,
170503,16140,ตำบลวิหารขาว,Tambon Wihan Khao,1705,14.801,100.409,2019-08-09T03:33:09.000+07:00,2025-09-20T06:31:26.000+07:00,
170504,16140,ตำบลพิกุลทอง,Tambon Phikun Thong,1705,14.772,100.41,2019-08-09T03:33:09.000+07:00,2025-09-20T06:31:26.000+07:00,
170601,16110,ตำบลอินทร์บุรี,Tambon In Buri,1706,15.009,100.329,2019-08-09T03:33:09.000+07:00,2025-09-20T06:31:26.000+07:00,
170602,16110,ตำบลประศุก,Tambon Prasuk,1706,15.042,100.291,2019-08-09T03:33:09.000+07:00,2025-09-20T06:31:26.000+07:00,
170603,16110,ตำบลทับยา,Tambon Thap Ya,1706,14.96,100.334,2019-08-09T03:33:09.000+07:00,2025-09-20T06:31:26.000+07:00,
170604,16110,ตำบลงิ้วราย,Tambon Ngio Rai,1706,14.988,100.389,2019-08-09T03:33:09.000+07:00,2025-09-20T06:31:26.000+07:00,
170605,16110,ตำบลชีน้ำร้าย,Tambon Chi Nam Rai,1706,15.081,100.331,2019-08-09T03:33:09.000+07:00,2025-09-20T06:31:26.000+07:00,
170606,16110,ตำบลท่างาม,Tambon Tha Ngam,1706,15.041,100.343,2019-08-09T03:33:09.000+07:00,2025-09-20T06:31:26.000+07:00,
170607,16110,ตำบลน้ำตาล,Tambon Namtan,1706,14.976,100.361,2019-08-09T03:33:09.000+07:00,2025-09-20T06:31:26.000+07:00,
170608,16110,ตำบลทองเอน,Tambon Thong En,1706,15.046,100.385,2019-08-09T03:33:09.000+07:00,2025-09-20T06:31:26.000+07:00,
170609,16110,ตำบลห้วยชัน,Tambon Huai Chan,1706,15.019,100.269,2019-08-09T03:33:09.000+07:00,2025-09-20T06:31:26.000+07:00,
170610,16110,ตำบลโพธิ์ชัย,Tambon Pho Chai,1706,15.027,100.439,2019-08-09T03:33:09.000+07:00,2025-09-20T06:31:26.000+07:00,
180101,17000,ตำบลในเมือง,Tambon Nai Mueang,1801,15.181,100.127,2019-08-09T03:33:09.000+07:00,2025-09-20T06:31:26.000+07:00,
180102,17000,ตำบลบ้านกล้วย,Tambon Ban Kluai,1801,15.182,100.153,2019-08-09T03:33:09.000+07:00,2025-09-20T06:31:26.000+07:00,
180103,17000,ตำบลท่าชัย,Tambon Tha Chai,1801,15.163,100.113,2019-08-09T03:33:09.000+07:00,2025-09-20T06:31:26.000+07:00,
180104,17000,ตำบลชัยนาท,Tambon Chai Nat,1801,15.129,100.151,2019-08-09T03:33:09.000+07:00,2025-09-20T06:31:26.000+07:00,
180105,17000,ตำบลเขาท่าพระ,Tambon Khao Tha Phra,1801,15.218,100.134,2019-08-09T03:33:09.000+07:00,2025-09-20T06:31:26.000+07:00,
180106,17000,ตำบลหาดท่าเสา,Tambon Hat Tha Sao,1801,15.2,100.079,2019-08-09T03:33:09.000+07:00,2025-09-20T06:31:26.000+07:00,
180107,17000,ตำบลธรรมามูล,Tambon Thammamun,1801,15.264,100.133,2019-08-09T03:33:09.000+07:00,2025-09-20T06:31:26.000+07:00,
180108,17000,ตำบลเสือโฮก,Tambon Suea Hok,1801,15.238,100.224,2019-08-09T03:33:09.000+07:00,2025-09-20T06:31:26.000+07:00,
180109,17000,ตำบลนางลือ,Tambon Nang Lue,1801,15.122,100.082,2019-08-09T03:33:09.000+07:00,2025-09-20T06:31:26.000+07:00,
180201,17110,ตำบลคุ้งสำเภา,Tambon Khung Samphao,1802,15.291,100.091,2019-08-09T03:33:09.000+07:00,2025-09-20T06:31:26.000+07:00,
180202,17110,ตำบลวัดโคก,Tambon Wat Khok,1802,15.326,100.107,2019-08-09T03:33:09.000+07:00,2025-09-20T06:31:26.000+07:00,
180203,17110,ตำบลศิลาดาน,Tambon Sila Dan,1802,15.354,100.122,2019-08-09T03:33:09.000+07:00,2025-09-20T06:31:26.000+07:00,
180204,17110,ตำบลท่าฉนวน,Tambon Tha Chanuan,1802,15.379,100.138,2019-08-09T03:33:09.000+07:00,2025-09-20T06:31:26.000+07:00,
180205,17170,ตำบลหางน้ำสาคร,Tambon Hang Nam Sakhon,1802,15.292,100.146,2019-08-09T03:33:09.000+07:00,2025-09-20T06:31:26.000+07:00,
180206,17170,ตำบลไร่พัฒนา,Tambon Rai Phatthana,1802,15.333,100.225,2019-08-09T03:33:09.000+07:00,2025-09-20T06:31:26.000+07:00,
180207,17170,ตำบลอู่ตะเภา,Tambon U Taphao,1802,15.274,100.219,2019-08-09T03:33:09.000+07:00,2025-09-20T06:31:26.000+07:00,
180301,17120,ตำบลวัดสิงห์,Tambon Wat Sing,1803,15.263,100.041,2019-08-09T03:33:09.000+07:00,2025-09-20T06:31:26.000+07:00,
180302,17120,ตำบลมะขามเฒ่า,Tambon Makham Thao,1803,15.227,100.04,2019-08-09T03:33:09.000+07:00,2025-09-20T06:31:26.000+07:00,
180303,17120,ตำบลหนองน้อย,Tambon Nong Noi,1803,15.177,100.015,2019-08-09T03:33:09.000+07:00,2025-09-20T06:31:26.000+07:00,
180304,17120,ตำบลหนองบัว,Tambon Nong Bua,1803,15.283,100.013,2019-08-09T03:33:09.000+07:00,2025-09-20T06:31:26.000+07:00,
180306,17120,ตำบลหนองขุ่น,Tambon Bo Rae,1803,15.235,99.97,2019-08-09T03:33:09.000+07:00,2025-09-20T06:31:26.000+07:00,
180307,17120,ตำบลบ่อแร่,Tambon Wang Man,1803,15.283,99.958,2019-08-09T03:33:09.000+07:00,2025-09-20T06:31:26.000+07:00,
180311,17120,ตำบลวังหมัน,Tambon Wang Man,1803,15.171,99.916,2019-08-09T03:33:09.000+07:00,2025-09-20T06:31:26.000+07:00,
180401,17150,ตำบลสรรพยา,Tambon Sapphaya,1804,15.128,100.233,2019-08-09T03:33:09.000+07:00,2025-09-20T06:31:26.000+07:00,
180402,17150,ตำบลตลุก,Tambon Taluk,1804,15.195,100.198,2019-08-09T03:33:09.000+07:00,2025-09-20T06:31:26.000+07:00,
180403,17150,ตำบลเขาแก้ว,Tambon Khao Kaeo,1804,15.142,100.316,2019-08-09T03:33:09.000+07:00,2025-09-20T06:31:26.000+07:00,
180404,17150,ตำบลโพนางดำตก,Tambon Pho Nang Dam Tok,1804,15.084,100.272,2019-08-09T03:33:09.000+07:00,2025-09-20T06:31:26.000+07:00,
180405,17150,ตำบลโพนางดำออก,Tambon Pho Nang Dam Ok,1804,15.12,100.283,2019-08-09T03:33:09.000+07:00,2025-09-20T06:31:26.000+07:00,
180406,17150,ตำบลบางหลวง,Tambon Bang Luang,1804,15.143,100.197,2019-08-09T03:33:09.000+07:00,2025-09-20T06:31:26.000+07:00,
180407,17150,ตำบลหาดอาษา,Tambon Hat Asa,1804,15.165,100.262,2019-08-09T03:33:09.000+07:00,2025-09-20T06:31:26.000+07:00,
180501,17140,ตำบลแพรกศรีราชา,Tambon Phraek Si Racha,1805,15.062,100.107,2019-08-09T03:33:09.000+07:00,2025-09-20T06:31:26.000+07:00,
180502,17140,ตำบลเที่ยงแท้,Tambon Thiang Thae,1805,15.089,100.161,2019-08-09T03:33:09.000+07:00,2025-09-20T06:31:26.000+07:00,
180503,17140,ตำบลห้วยกรด,Tambon Huai Krot,1805,15.096,100.203,2019-08-09T03:33:09.000+07:00,2025-09-20T06:31:26.000+07:00,
180504,17140,ตำบลโพงาม,Tambon Pho Ngam,1805,14.995,100.249,2019-08-09T03:33:09.000+07:00,2025-09-20T06:31:26.000+07:00,
180505,17140,ตำบลบางขุด,Tambon Bang Khut,1805,14.991,100.194,2019-08-09T03:33:09.000+07:00,2025-09-20T06:31:26.000+07:00,
180506,17140,ตำบลดงคอน,Tambon Dong Khon,1805,14.976,100.135,2019-08-09T03:33:09.000+07:00,2025-09-20T06:31:26.000+07:00,
180507,17140,ตำบลดอนกำ,Tambon Don Kam,1805,14.966,100.236,2019-08-09T03:33:09.000+07:00,2025-09-20T06:31:26.000+07:00,
180508,17140,ตำบลห้วยกรดพัฒนา,Tambon Huai Krot Phatthana,1805,15.074,100.228,2019-08-09T03:33:09.000+07:00,2025-09-20T06:31:26.000+07:00,
180601,17130,ตำบลหันคา,Tambon Hankha,1806,15.016,99.998,2019-08-09T03:33:09.000+07:00,2025-09-20T06:31:26.000+07:00,
180602,17130,ตำบลบ้านเชี่ยน,Tambon Ban Chian,1806,14.942,99.997,2019-08-09T03:33:09.000+07:00,2025-09-20T06:31:26.000+07:00,
180605,17130,ตำบลไพรนกยูง,Tambon Phrai Nok Yung,1806,15.081,99.856,2019-08-09T03:33:09.000+07:00,2025-09-20T06:31:26.000+07:00,
180606,17160,ตำบลหนองแซง,Tambon Nong Saeng,1806,15.107,99.973,2019-08-09T03:33:09.000+07:00,2025-09-20T06:31:26.000+07:00,
180607,17160,ตำบลห้วยงู,Tambon Huai Ngu,1806,15.072,100.067,2019-08-09T03:33:09.000+07:00,2025-09-20T06:31:26.000+07:00,
180608,17130,ตำบลวังไก่เถื่อน,Tambon Wang Kai Thuean,1806,15.004,100.056,2019-08-09T03:33:09.000+07:00,2025-09-20T06:31:26.000+07:00,
180609,17130,ตำบลเด่นใหญ่,Tambon Den Yai,1806,15.017,99.93,2019-08-09T03:33:09.000+07:00,2025-09-20T06:31:26.000+07:00,
180611,17160,ตำบลสามง่ามท่าโบสถ์,Tambon Sam Ngam Tha Bot,1806,15.065,100.026,2019-08-09T03:33:09.000+07:00,2025-09-20T06:31:26.000+07:00,
180701,17120,ตำบลหนองมะโมง,Tambon Nong Mamong,1807,15.216,99.772,2019-08-09T03:33:09.000+07:00,2025-09-20T06:31:26.000+07:00,
180702,17120,ตำบลวังตะเคียน,Tambon Wang Takhian,1807,15.278,99.802,2019-08-09T03:33:09.000+07:00,2025-09-20T06:31:26.000+07:00,
180703,17120,ตำบลสะพานหิน,Tambon Saphan Hin,1807,15.197,99.827,2019-08-09T03:33:09.000+07:00,2025-09-20T06:31:26.000+07:00,
180704,17120,ตำบลกุดจอก,Tambon Kut Chok,1807,15.241,99.894,2019-08-09T03:33:09.000+07:00,2025-09-20T06:31:26.000+07:00,
180801,17130,ตำบลเนินขาม,Tambon Noen Kham,1808,14.957,99.901,2019-08-09T03:33:09.000+07:00,2025-09-20T06:31:26.000+07:00,
180802,17130,ตำบลกะบกเตี้ย,Tambon Kabok Tia,1808,15.036,99.816,2019-08-09T03:33:09.000+07:00,2025-09-20T06:31:26.000+07:00,
180803,17130,ตำบลสุขเดือนห้า,Tambon Suk Duean Ha,1808,14.968,99.828,2019-08-09T03:33:09.000+07:00,2025-09-20T06:31:26.000+07:00,
190101,18000,ตำบลปากเพรียว,Tambon Pak Phriao,1901,14.527,100.915,2019-08-09T03:33:09.000+07:00,2025-09-20T06:31:26.000+07:00,
190105,18000,ตำบลดาวเรือง,Tambon Dao Rueang,1901,14.563,100.901,2019-08-09T03:33:09.000+07:00,2025-09-20T06:31:26.000+07:00,
190106,18000,ตำบลนาโฉง,Tambon Na Chong,1901,14.529,100.886,2019-08-09T03:33:09.000+07:00,2025-09-20T06:31:26.000+07:00,
190107,18000,ตำบลโคกสว่าง,Tambon Khok Sawang,1901,14.51,100.886,2019-08-09T03:33:09.000+07:00,2025-09-20T06:31:26.000+07:00,
190108,18000,ตำบลหนองโน,Tambon Nong No,1901,14.489,100.861,2019-08-09T03:33:09.000+07:00,2025-09-20T06:31:26.000+07:00,
190109,18000,ตำบลหนองยาว,Tambon Nong Yao,1901,14.472,100.89,2019-08-09T03:33:09.000+07:00,2025-09-20T06:31:26.000+07:00,
190110,18000,ตำบลปากข้าวสาร,Tambon Pak Khao San,1901,14.49,100.913,2019-08-09T03:33:09.000+07:00,2025-09-20T06:31:26.000+07:00,
190111,18000,ตำบลหนองปลาไหล,Tambon Nong Pla Lai,1901,14.456,100.962,2019-08-09T03:33:09.000+07:00,2025-09-20T06:31:26.000+07:00,
190112,18000,ตำบลกุดนกเปล้า,Tambon Kut Nok Plao,1901,14.502,100.976,2019-08-09T03:33:09.000+07:00,2025-09-20T06:31:26.000+07:00,
190113,18000,ตำบลตลิ่งชัน,Tambon Taling Chan,1901,14.544,100.956,2019-08-09T03:33:09.000+07:00,2025-09-20T06:31:26.000+07:00,
190114,18000,ตำบลตะกุด,Tambon Takut,1901,14.553,100.933,2019-08-09T03:33:09.000+07:00,2025-09-20T06:31:26.000+07:00,
190201,18110,ตำบลแก่งคอย,Tambon Kaeng Khoi,1902,14.586,101.002,2019-08-09T03:33:09.000+07:00,2025-09-20T06:31:26.000+07:00,
190202,18260,ตำบลทับกวาง,Tambon Thap Kwang,1902,14.605,101.095,2019-08-09T03:33:09.000+07:00,2025-09-20T06:31:26.000+07:00,
190203,18110,ตำบลตาลเดี่ยว,Tambon Tan Diao,1902,14.552,101.015,2019-08-09T03:33:09.000+07:00,2025-09-20T06:31:26.000+07:00,
190204,18110,ตำบลห้วยแห้ง,Tambon Huai Haeng,1902,14.477,101.004,2019-08-09T03:33:09.000+07:00,2025-09-20T06:31:26.000+07:00,
190205,18110,ตำบลท่าคล้อ,Tambon Tha Khlo,1902,14.712,100.993,2019-08-09T03:33:09.000+07:00,2025-09-20T06:31:26.000+07:00,
190206,18110,ตำบลหินซ้อน,Tambon Hin Son,1902,14.753,101.033,2019-08-09T03:33:09.000+07:00,2025-09-20T06:31:26.000+07:00,
190207,18110,ตำบลบ้านธาตุ,Tambon Ban That,1902,14.626,100.997,2019-08-09T03:33:09.000+07:00,2025-09-20T06:31:26.000+07:00,
190208,18110,ตำบลบ้านป่า,Tambon Ban Pa,1902,14.622,101.029,2019-08-09T03:33:09.000+07:00,2025-09-20T06:31:26.000+07:00,
190209,18110,ตำบลท่าตูม,Tambon Tha Tum,1902,14.662,100.993,2019-08-09T03:33:09.000+07:00,2025-09-20T06:31:26.000+07:00,
190210,18110,ตำบลชะอม,Tambon Cha-om,1902,14.418,101.134,2019-08-09T03:33:09.000+07:00,2025-09-20T06:31:26.000+07:00,
190211,18110,ตำบลสองคอน,Tambon Song Khon,1902,14.636,100.968,2019-08-09T03:33:09.000+07:00,2025-09-20T06:31:26.000+07:00,
190212,18110,ตำบลเตาปูน,Tambon Tao Pun,1902,14.603,100.956,2019-08-09T03:33:09.000+07:00,2025-09-20T06:31:26.000+07:00,
190213,18110,ตำบลชำผักแพว,Tambon Cham Phak Phaeo,1902,14.529,101.09,2019-08-09T03:33:09.000+07:00,2025-09-20T06:31:26.000+07:00,
190215,18110,ตำบลท่ามะปราง,Tambon Tha Maprang,1902,14.483,101.103,2019-08-09T03:33:09.000+07:00,2025-09-20T06:31:26.000+07:00,
190301,18140,ตำบลหนองแค,Tambon Nong Khae,1903,14.337,100.869,2019-08-09T03:33:09.000+07:00,2025-09-20T06:31:26.000+07:00,
190302,18140,ตำบลกุ่มหัก,Tambon Kum Hak,1903,14.312,100.863,2019-08-09T03:33:09.000+07:00,2025-09-20T06:31:26.000+07:00,
190303,18250,ตำบลคชสิทธิ์,Tambon Khotchasit,1903,14.391,100.807,2019-08-09T03:33:09.000+07:00,2025-09-20T06:31:26.000+07:00,
190304,18250,ตำบลโคกตูม,Tambon Khok Tum,1903,14.421,100.784,2019-08-09T03:33:09.000+07:00,2025-09-20T06:31:26.000+07:00,
190305,18230,ตำบลโคกแย้,Tambon Khok Yae,1903,14.387,100.928,2019-08-09T03:33:09.000+07:00,2025-09-20T06:31:26.000+07:00,
190306,18230,ตำบลบัวลอย,Tambon Bua Loi,1903,14.404,100.851,2019-08-09T03:33:09.000+07:00,2025-09-20T06:31:26.000+07:00,
190307,18140,ตำบลไผ่ต่ำ,Tambon Phai Tam,1903,14.326,100.834,2019-08-09T03:33:09.000+07:00,2025-09-20T06:31:26.000+07:00,
190308,18250,ตำบลโพนทอง,Tambon Phon Thong,1903,14.425,100.813,2019-08-09T03:33:09.000+07:00,2025-09-20T06:31:26.000+07:00,
190309,18230,ตำบลห้วยขมิ้น,Tambon Huai Khamin,1903,14.381,100.871,2019-08-09T03:33:09.000+07:00,2025-09-20T06:31:26.000+07:00,
190310,18230,ตำบลห้วยทราย,Tambon Huai Sai,1903,14.42,100.933,2019-08-09T03:33:09.000+07:00,2025-09-20T06:31:26.000+07:00,
190311,18140,ตำบลหนองไข่น้ำ,Tambon Nong Khai Nam,1903,14.36,100.878,2019-08-09T03:33:09.000+07:00,2025-09-20T06:31:26.000+07:00,
190312,18140,ตำบลหนองแขม,Tambon Nong Khaem,1903,14.339,100.797,2019-08-09T03:33:09.000+07:00,2025-09-20T06:31:26.000+07:00,
190313,18230,ตำบลหนองจิก,Tambon Nong Chik,1903,14.441,100.866,2019-08-09T03:33:09.000+07:00,2025-09-20T06:31:26.000+07:00,
190314,18140,ตำบลหนองจรเข้,Tambon Nong Chorakhe,1903,14.334,100.907,2019-08-09T03:33:09.000+07:00,2025-09-20T06:31:26.000+07:00,
190315,18230,ตำบลหนองนาก,Tambon Nong Nak,1903,14.444,100.891,2019-08-09T03:33:09.000+07:00,2025-09-20T06:31:26.000+07:00,
190316,18140,ตำบลหนองปลาหมอ,Tambon Nong Pla Mo,1903,14.369,100.845,2019-08-09T03:33:09.000+07:00,2025-09-20T06:31:26.000+07:00,
190317,18140,ตำบลหนองปลิง,Tambon Nong Pling,1903,14.37,100.829,2019-08-09T03:33:09.000+07:00,2025-09-20T06:31:26.000+07:00,
190318,18140,ตำบลหนองโรง,Tambon Nong Rong,1903,14.279,100.865,2019-08-09T03:33:09.000+07:00,2025-09-20T06:31:26.000+07:00,
190401,18150,ตำบลหนองหมู,Tambon Nong Mu,1904,14.288,100.932,2019-08-09T03:33:09.000+07:00,2025-09-20T06:31:26.000+07:00,
190402,18150,ตำบลบ้านลำ,Tambon Ban Lam,1904,14.391,100.979,2019-08-09T03:33:09.000+07:00,2025-09-20T06:31:26.000+07:00,
190403,18150,ตำบลคลองเรือ,Tambon Khlong Ruea,1904,14.366,101.032,2019-08-09T03:33:09.000+07:00,2025-09-20T06:31:26.000+07:00,
190404,18150,ตำบลวิหารแดง,Tambon Wihan Daeng,1904,14.313,100.99,2019-08-09T03:33:09.000+07:00,2025-09-20T06:31:26.000+07:00,
190405,18150,ตำบลหนองสรวง,Tambon Nong Suang,1904,14.34,100.983,2019-08-09T03:33:09.000+07:00,2025-09-20T06:31:26.000+07:00,
190406,18150,ตำบลเจริญธรรม,Tambon Charoen Tham,1904,14.387,101.006,2019-08-09T03:33:09.000+07:00,2025-09-20T06:31:26.000+07:00,
190501,18170,ตำบลหนองแซง,Tambon Nong Saeng,1905,14.51,100.759,2019-08-09T03:33:09.000+07:00,2025-09-20T06:31:26.000+07:00,
190502,18170,ตำบลหนองควายโซ,Tambon Nong Khwai So,1905,14.487,100.795,2019-08-09T03:33:09.000+07:00,2025-09-20T06:31:26.000+07:00,
190503,18170,ตำบลหนองหัวโพ,Tambon Nong Hua Pho,1905,14.483,100.817,2019-08-09T03:33:09.000+07:00,2025-09-20T06:31:26.000+07:00,
190504,18170,ตำบลหนองสีดา,Tambon Nong Sida,1905,14.515,100.841,2019-08-09T03:33:09.000+07:00,2025-09-20T06:31:26.000+07:00,
190505,18170,ตำบลหนองกบ,Tambon Nong Kop,1905,14.456,100.776,2019-08-09T03:33:09.000+07:00,2025-09-20T06:31:26.000+07:00,
190506,18170,ตำบลไก่เส่า,Tambon Kai Sao,1905,14.516,100.793,2019-08-09T03:33:09.000+07:00,2025-09-20T06:31:26.000+07:00,
190507,18170,ตำบลโคกสะอาด,Tambon Khok Sa-at,1905,14.456,100.802,2019-08-09T03:33:09.000+07:00,2025-09-20T06:31:26.000+07:00,
190508,18170,ตำบลม่วงหวาน,Tambon Muang Wan,1905,14.476,100.836,2019-08-09T03:33:09.000+07:00,2025-09-20T06:31:26.000+07:00,
190509,18170,ตำบลเขาดิน,Tambon Khao Din,1905,,,2019-08-09T03:33:09.000+07:00,2025-09-20T06:31:26.000+07:00,
190601,18130,ตำบลบ้านหมอ,Tambon Ban Mo,1906,14.616,100.724,2019-08-09T03:33:09.000+07:00,2025-09-20T06:31:26.000+07:00,
190602,18130,ตำบลบางโขมด,Tambon Bang Khamot,1906,14.591,100.742,2019-08-09T03:33:09.000+07:00,2025-09-20T06:31:26.000+07:00,
190603,18130,ตำบลสร่างโศก,Tambon Sang Sok,1906,14.622,100.754,2019-08-09T03:33:09.000+07:00,2025-09-20T06:31:26.000+07:00,
190604,18130,ตำบลตลาดน้อย,Tambon Talat Noi,1906,14.643,100.716,2019-08-09T03:33:09.000+07:00,2025-09-20T06:31:26.000+07:00,
190605,18130,ตำบลหรเทพ,Tambon Horathep,1906,14.628,100.67,2019-08-09T03:33:09.000+07:00,2025-09-20T06:31:26.000+07:00,
190606,18130,ตำบลโคกใหญ่,Tambon Khok Yai,1906,14.606,100.677,2019-08-09T03:33:09.000+07:00,2025-09-20T06:31:26.000+07:00,
190607,18130,ตำบลไผ่ขวาง,Tambon Phai Khwang,1906,14.579,100.648,2019-08-09T03:33:09.000+07:00,2025-09-20T06:31:26.000+07:00,
190608,18270,ตำบลบ้านครัว,Tambon Ban Khrua,1906,14.584,100.767,2019-08-09T03:33:09.000+07:00,2025-09-20T06:31:26.000+07:00,
190609,18130,ตำบลหนองบัว,Tambon Nong Bua,1906,14.618,100.774,2019-08-09T03:33:09.000+07:00,2025-09-20T06:31:26.000+07:00,
190701,18210,ตำบลดอนพุด,Tambon Don Phut,1907,14.596,100.621,2019-08-09T03:33:09.000+07:00,2025-09-20T06:31:26.000+07:00,
190702,18210,ตำบลไผ่หลิ่ว,Tambon Phai Lio,1907,14.625,100.632,2019-08-09T03:33:09.000+07:00,2025-09-20T06:31:26.000+07:00,
190703,18210,ตำบลบ้านหลวง,Tambon Ban Luang,1907,14.571,100.62,2019-08-09T03:33:09.000+07:00,2025-09-20T06:31:26.000+07:00,
190704,18210,ตำบลดงตะงาว,Tambon Dong Ta-ngao,1907,14.624,100.599,2019-08-09T03:33:09.000+07:00,2025-09-20T06:31:26.000+07:00,
190801,18190,ตำบลหนองโดน,Tambon Nong Don,1908,14.688,100.693,2019-08-09T03:33:09.000+07:00,2025-09-20T06:31:26.000+07:00,
190802,18190,ตำบลบ้านกลับ,Tambon Ban Klap,1908,14.73,100.684,2019-08-09T03:33:09.000+07:00,2025-09-20T06:31:26.000+07:00,
190803,18190,ตำบลดอนทอง,Tambon Don Thong,1908,14.664,100.654,2019-08-09T03:33:09.000+07:00,2025-09-20T06:31:26.000+07:00,
190804,18190,ตำบลบ้านโปร่ง,Tambon Ban Prong,1908,14.716,100.734,2019-08-09T03:33:09.000+07:00,2025-09-20T06:31:26.000+07:00,
190901,18120,ตำบลพระพุทธบาท,Tambon Phra Phutthabat,1909,14.732,100.782,2019-08-09T03:33:09.000+07:00,2025-09-20T06:31:26.000+07:00,
190902,18120,ตำบลขุนโขลน,Tambon Khun Khlon,1909,14.713,100.831,2019-08-09T03:33:09.000+07:00,2025-09-20T06:31:26.000+07:00,
190903,18120,ตำบลธารเกษม,Tambon Than Kasem,1909,14.763,100.812,2019-08-09T03:33:09.000+07:00,2025-09-20T06:31:26.000+07:00,
190904,18120,ตำบลนายาว,Tambon Na Yao,1909,14.768,100.763,2019-08-09T03:33:09.000+07:00,2025-09-20T06:31:26.000+07:00,
190905,18120,ตำบลพุคำจาน,Tambon Phu Kham Chan,1909,14.744,100.847,2019-08-09T03:33:09.000+07:00,2025-09-20T06:31:26.000+07:00,
190906,18120,ตำบลเขาวง,Tambon Khao Wong,1909,14.679,100.83,2019-08-09T03:33:09.000+07:00,2025-09-20T06:31:26.000+07:00,
190907,18120,ตำบลห้วยป่าหวาย,Tambon Huai Pa Wai,1909,14.638,100.83,2019-08-09T03:33:09.000+07:00,2025-09-20T06:31:26.000+07:00,
190908,18120,ตำบลพุกร่าง,Tambon Phu Krang,1909,14.682,100.784,2019-08-09T03:33:09.000+07:00,2025-09-20T06:31:26.000+07:00,
190909,18120,ตำบลหนองแก,Tambon Nong Kae,1909,,,2019-08-09T03:33:09.000+07:00,2025-09-20T06:31:26.000+07:00,
191001,18160,ตำบลเสาไห้,Tambon Sao Hai,1910,14.538,100.85,2019-08-09T03:33:09.000+07:00,2025-09-20T06:31:26.000+07:00,
191002,18160,ตำบลบ้านยาง,Tambon Ban Yang,1910,14.582,100.816,2019-08-09T03:33:09.000+07:00,2025-09-20T06:31:26.000+07:00,
191003,18160,ตำบลหัวปลวก,Tambon Hua Pluak,1910,14.615,100.844,2019-08-09T03:33:09.000+07:00,2025-09-20T06:31:26.000+07:00,
191004,18160,ตำบลงิ้วงาม,Tambon Ngio Ngam,1910,14.59,100.851,2019-08-09T03:33:09.000+07:00,2025-09-20T06:31:26.000+07:00,
191005,18160,ตำบลศาลารีไทย,Tambon Sala Ri Thai,1910,14.565,100.848,2019-08-09T03:33:09.000+07:00,2025-09-20T06:31:26.000+07:00,
191006,18160,ตำบลต้นตาล,Tambon Ton Tan,1910,14.574,100.885,2019-08-09T03:33:09.000+07:00,2025-09-20T06:31:26.000+07:00,
191007,18160,ตำบลท่าช้าง,Tambon Tha Chang,1910,14.586,100.863,2019-08-09T03:33:09.000+07:00,2025-09-20T06:31:26.000+07:00,
191008,18160,ตำบลพระยาทด,Tambon Phraya Thot,1910,14.572,100.871,2019-08-09T03:33:09.000+07:00,2025-09-20T06:31:26.000+07:00,
191009,18160,ตำบลม่วงงาม,Tambon Muang Ngam,1910,14.544,100.807,2019-08-09T03:33:09.000+07:00,2025-09-20T06:31:26.000+07:00,
191010,18160,ตำบลเริงราง,Tambon Roeng Rang,1910,14.558,100.786,2019-08-09T03:33:09.000+07:00,2025-09-20T06:31:26.000+07:00,
191011,18160,ตำบลเมืองเก่า,Tambon Mueang Kao,1910,14.54,100.825,2019-08-09T03:33:09.000+07:00,2025-09-20T06:31:26.000+07:00,
191012,18160,ตำบลสวนดอกไม้,Tambon Suan Dok Mai,1910,14.54,100.868,2019-08-09T03:33:09.000+07:00,2025-09-20T06:31:26.000+07:00,
191101,18180,ตำบลมวกเหล็ก,Tambon Muak Lek,1911,14.705,101.151,2019-08-09T03:33:09.000+07:00,2025-09-20T06:31:26.000+07:00,
191102,18180,ตำบลมิตรภาพ,Tambon Mittraphap,1911,14.474,101.213,2019-08-09T03:33:09.000+07:00,2025-09-20T06:31:26.000+07:00,
191104,18180,ตำบลหนองย่างเสือ,Tambon Nong Yang Suea,1911,14.789,101.27,2019-08-09T03:33:09.000+07:00,2025-09-20T06:31:26.000+07:00,
191105,18180,ตำบลลำสมพุง,Tambon Lam Somphung,1911,15.007,101.381,2019-08-09T03:33:09.000+07:00,2025-09-20T06:31:26.000+07:00,
191107,18180,ตำบลลำพญากลาง,Tambon Lam Phaya Klang,1911,14.871,101.367,2019-08-09T03:33:09.000+07:00,2025-09-20T06:31:26.000+07:00,
191109,18220,ตำบลซับสนุ่น,Tambon Sap Sanun,1911,14.932,101.309,2019-08-09T03:33:09.000+07:00,2025-09-20T06:31:26.000+07:00,
191201,18220,ตำบลแสลงพัน,Tambon Salaeng Phan,1912,14.745,101.116,2019-08-09T03:33:09.000+07:00,2025-09-20T06:31:26.000+07:00,
191202,18220,ตำบลคำพราน,Tambon Kham Phran,1912,14.818,101.132,2019-08-09T03:33:09.000+07:00,2025-09-20T06:31:26.000+07:00,
191203,18220,ตำบลวังม่วง,Tambon Wang Muang,1912,14.861,101.151,2019-08-09T03:33:09.000+07:00,2025-09-20T06:31:26.000+07:00,
191301,18000,ตำบลเขาดินพัฒนา,Tambon Khao Din Phatthana,1913,14.612,100.906,2019-08-09T03:33:09.000+07:00,2025-09-20T06:31:26.000+07:00,
191302,18000,ตำบลบ้านแก้ง,Tambon Ban Kaeng,1913,14.582,100.936,2019-08-09T03:33:09.000+07:00,2025-09-20T06:31:26.000+07:00,
191303,18000,ตำบลผึ้งรวง,Tambon Phueng Ruang,1913,14.607,100.931,2019-08-09T03:33:09.000+07:00,2025-09-20T06:31:26.000+07:00,
191304,18240,ตำบลพุแค,Tambon Phu Khae,1913,14.656,100.905,2019-08-09T03:33:09.000+07:00,2025-09-20T06:31:26.000+07:00,
191305,18000,ตำบลห้วยบง,Tambon Huai Bong,1913,14.626,100.877,2019-08-09T03:33:09.000+07:00,2025-09-20T06:31:26.000+07:00,
191306,18240,ตำบลหน้าพระลาน,Tambon Na Phra Lan,1913,14.713,100.904,2019-08-09T03:33:09.000+07:00,2025-09-20T06:31:26.000+07:00,
200101,20000,ตำบลบางปลาสร้อย,Tambon Bang Pla Soi,2001,13.364,100.987,2019-08-09T03:33:09.000+07:00,2025-09-20T06:31:26.000+07:00,
200102,20000,ตำบลมะขามหย่ง,Tambon Makham Yong,2001,13.372,100.985,2019-08-09T03:33:09.000+07:00,2025-09-20T06:31:26.000+07:00,
200103,20000,ตำบลบ้านโขด,Tambon Ban Khot,2001,13.376,100.99,2019-08-09T03:33:09.000+07:00,2025-09-20T06:31:26.000+07:00,
200104,20000,ตำบลแสนสุข,Tambon Saen Suk,2001,13.274,100.928,2019-08-09T03:33:09.000+07:00,2025-09-20T06:31:26.000+07:00,
200105,20000,ตำบลบ้านสวน,Tambon Ban Suan,2001,13.347,100.977,2019-08-09T03:33:09.000+07:00,2025-09-20T06:31:26.000+07:00,
200106,20000,ตำบลหนองรี,Tambon Nong Ri,2001,13.307,101.057,2019-08-09T03:33:09.000+07:00,2025-09-20T06:31:26.000+07:00,
200107,20000,ตำบลนาป่า,Tambon Na Pa,2001,13.385,101.03,2019-08-09T03:33:09.000+07:00,2025-09-20T06:31:26.000+07:00,
200108,20000,ตำบลหนองข้างคอก,Tambon Nong Khang Khok,2001,13.305,101.006,2019-08-09T03:33:09.000+07:00,2025-09-20T06:31:26.000+07:00,
200109,20000,ตำบลดอนหัวฬ่อ,Tambon Don Hua Lo,2001,13.421,101.044,2019-08-09T03:33:09.000+07:00,2025-09-20T06:31:26.000+07:00,
200110,20000,ตำบลหนองไม้แดง,Tambon Nong Mai Daeng,2001,13.406,101.003,2019-08-09T03:33:09.000+07:00,2025-09-20T06:31:26.000+07:00,
200111,20000,ตำบลบางทราย,Tambon Bang Sai,2001,13.393,100.996,2019-08-09T03:33:09.000+07:00,2025-09-20T06:31:26.000+07:00,
200112,20000,ตำบลคลองตำหรุ,Tambon Khlong Tamru,2001,13.441,100.982,2019-08-09T03:33:09.000+07:00,2025-09-20T06:31:26.000+07:00,
200113,20130,ตำบลเหมือง,Tambon Mueang,2001,13.263,100.959,2019-08-09T03:33:09.000+07:00,2025-09-20T06:31:26.000+07:00,
200114,20130,ตำบลบ้านปึก,Tambon Ban Puek,2001,13.302,100.928,2019-08-09T03:33:09.000+07:00,2025-09-20T06:31:26.000+07:00,
200115,20000,ตำบลห้วยกะปิ,Tambon Huai Kapi,2001,13.304,100.968,2019-08-09T03:33:09.000+07:00,2025-09-20T06:31:26.000+07:00,
200116,20130,ตำบลเสม็ด,Tambon Samet,2001,13.326,100.951,2019-08-09T03:33:09.000+07:00,2025-09-20T06:31:26.000+07:00,
200117,20000,ตำบลอ่างศิลา,Tambon Ang Sila,2001,13.325,100.929,2019-08-09T03:33:09.000+07:00,2025-09-20T06:31:26.000+07:00,
200118,20000,ตำบลสำนักบก,Tambon Samnak Bok,2001,13.368,101.061,2019-08-09T03:33:09.000+07:00,2025-09-20T06:31:26.000+07:00,
200201,20170,ตำบลบ้านบึง,Tambon Ban Bueng,2002,13.297,101.107,2019-08-09T03:33:09.000+07:00,2025-09-20T06:31:26.000+07:00,
200202,20220,ตำบลคลองกิ่ว,Tambon Khlong Kio,2002,13.225,101.107,2019-08-09T03:33:09.000+07:00,2025-09-20T06:31:26.000+07:00,
200203,20170,ตำบลมาบไผ่,Tambon Map Phai,2002,13.359,101.093,2019-08-09T03:33:09.000+07:00,2025-09-20T06:31:26.000+07:00,
200204,20170,ตำบลหนองซ้ำซาก,Tambon Nong Samsak,2002,13.33,101.072,2019-08-09T03:33:09.000+07:00,2025-09-20T06:31:26.000+07:00,
200205,20170,ตำบลหนองบอนแดง,Tambon Nong Bon Daeng,2002,13.353,101.159,2019-08-09T03:33:09.000+07:00,2025-09-20T06:31:26.000+07:00,
200206,20170,ตำบลหนองชาก,Tambon Nong Chak,2002,13.298,101.172,2019-08-09T03:33:09.000+07:00,2025-09-20T06:31:26.000+07:00,
200207,20220,ตำบลหนองอิรุณ,Tambon Nong Irun,2002,13.28,101.247,2019-08-09T03:33:09.000+07:00,2025-09-20T06:31:26.000+07:00,
200208,20220,ตำบลหนองไผ่แก้ว,Tambon Nong Phai Kaeo,2002,13.213,101.246,2019-08-09T03:33:09.000+07:00,2025-09-20T06:31:26.000+07:00,
200301,20190,ตำบลหนองใหญ่,Tambon Nong Yai,2003,13.153,101.375,2019-08-09T03:33:09.000+07:00,2025-09-20T06:31:26.000+07:00,
200302,20190,ตำบลคลองพลู,Tambon Khlong Phlu,2003,13.115,101.476,2019-08-09T03:33:09.000+07:00,2025-09-20T06:31:26.000+07:00,
200303,20190,ตำบลหนองเสือช้าง,Tambon Nong Suea Chang,2003,13.117,101.283,2019-08-09T03:33:09.000+07:00,2025-09-20T06:31:26.000+07:00,
200304,20190,ตำบลห้างสูง,Tambon Hang Sung,2003,13.243,101.347,2019-08-09T03:33:09.000+07:00,2025-09-20T06:31:26.000+07:00,
200305,20190,ตำบลเขาซก,Tambon Khao Sok,2003,13.07,101.42,2019-08-09T03:33:09.000+07:00,2025-09-20T06:31:26.000+07:00,
200401,20150,ตำบลบางละมุง,Tambon Bang Lamung,2004,13.052,100.922,2019-08-09T03:33:09.000+07:00,2025-09-20T06:31:26.000+07:00,
200402,20150,ตำบลหนองปรือ,Tambon Nong Prue,2004,12.92,100.935,2019-08-09T03:33:09.000+07:00,2025-09-20T06:31:26.000+07:00,
200403,20150,ตำบลหนองปลาไหล,Tambon Nong Pla Lai,2004,12.982,100.945,2019-08-09T03:33:09.000+07:00,2025-09-20T06:31:26.000+07:00,
200404,20150,ตำบลโป่ง,Tambon Pong,2004,12.933,100.987,2019-08-09T03:33:09.000+07:00,2025-09-20T06:31:26.000+07:00,
200405,20150,ตำบลเขาไม้แก้ว,Tambon Khao Mai Kaeo,2004,12.951,101.057,2019-08-09T03:33:09.000+07:00,2025-09-20T06:31:26.000+07:00,
200406,20150,ตำบลห้วยใหญ่,Tambon Huai Yai,2004,12.835,100.985,2019-08-09T03:33:09.000+07:00,2025-09-20T06:31:26.000+07:00,
200407,20150,ตำบลตะเคียนเตี้ย,Tambon Takhian Tia,2004,13.002,101.015,2019-08-09T03:33:09.000+07:00,2025-09-20T06:31:26.000+07:00,
200408,20150,ตำบลนาเกลือ,Tambon Na Kluea,2004,12.928,100.805,2019-08-09T03:33:09.000+07:00,2025-09-20T06:31:26.000+07:00,
200501,20160,ตำบลพานทอง,Tambon Phan Thong,2005,13.461,101.084,2019-08-09T03:33:09.000+07:00,2025-09-20T06:31:26.000+07:00,
200502,20160,ตำบลหนองตำลึง,Tambon Nong Tamlueng,2005,13.408,101.078,2019-08-09T03:33:09.000+07:00,2025-09-20T06:31:26.000+07:00,
200503,20160,ตำบลมาบโป่ง,Tambon Map Pong,2005,13.431,101.121,2019-08-09T03:33:09.000+07:00,2025-09-20T06:31:26.000+07:00,
200504,20160,ตำบลหนองกะขะ,Tambon Nong Kakha,2005,13.431,101.095,2019-08-09T03:33:09.000+07:00,2025-09-20T06:31:26.000+07:00,
200505,20160,ตำบลหนองหงษ์,Tambon Nong Hong,2005,13.389,101.113,2019-08-09T03:33:09.000+07:00,2025-09-20T06:31:26.000+07:00,
200506,20160,ตำบลโคกขี้หนอน,Tambon Khok Khi Non,2005,13.552,101.114,2019-08-09T03:33:09.000+07:00,2025-09-20T06:31:26.000+07:00,
200507,20160,ตำบลบ้านเก่า,Tambon Ban Kao,2005,13.454,101.059,2019-08-09T03:33:09.000+07:00,2025-09-20T06:31:26.000+07:00,
200508,20160,ตำบลหน้าประดู่,Tambon Na Pradu,2005,13.497,101.099,2019-08-09T03:33:09.000+07:00,2025-09-20T06:31:26.000+07:00,
200509,20160,ตำบลบางนาง,Tambon Bang Nang,2005,13.487,101.067,2019-08-09T03:33:09.000+07:00,2025-09-20T06:31:26.000+07:00,
200510,20160,ตำบลเกาะลอย,Tambon Ko Loi,2005,13.519,101.074,2019-08-09T03:33:09.000+07:00,2025-09-20T06:31:26.000+07:00,
200511,20160,ตำบลบางหัก,Tambon Bang Hak,2005,13.544,101.075,2019-08-09T03:33:09.000+07:00,2025-09-20T06:31:26.000+07:00,
200601,20140,ตำบลพนัสนิคม,Tambon Phanat Nikhom,2006,13.45,101.18,2019-08-09T03:33:09.000+07:00,2025-09-20T06:31:26.000+07:00,
200602,20140,ตำบลหน้าพระธาตุ,Tambon Na Phra That,2006,13.468,101.147,2019-08-09T03:33:09.000+07:00,2025-09-20T06:31:26.000+07:00,
200603,20140,ตำบลวัดหลวง,Tambon Wat Luang,2006,13.518,101.161,2019-08-09T03:33:09.000+07:00,2025-09-20T06:31:26.000+07:00,
200604,20140,ตำบลบ้านเซิด,Tambon Ban Soet,2006,,,2019-08-09T03:33:09.000+07:00,2025-09-20T06:31:26.000+07:00,
200605,20140,ตำบลนาเริก,Tambon Na Roek,2006,13.405,101.248,2019-08-09T03:33:09.000+07:00,2025-09-20T06:31:26.000+07:00,
200606,20140,ตำบลหมอนนาง,Tambon Mon Nang,2006,13.346,101.257,2019-08-09T03:33:09.000+07:00,2025-09-20T06:31:26.000+07:00,
200607,20140,ตำบลสระสี่เหลี่ยม,Tambon Sa Si Liam,2006,13.554,101.239,2019-08-09T03:33:09.000+07:00,2025-09-20T06:31:26.000+07:00,
200608,20140,ตำบลวัดโบสถ์,Tambon Wat Bot,2006,13.498,101.139,2019-08-09T03:33:09.000+07:00,2025-09-20T06:31:26.000+07:00,
200609,20140,ตำบลกุฎโง้ง,Tambon Kut Ngong,2006,13.444,101.165,2019-08-09T03:33:09.000+07:00,2025-09-20T06:31:26.000+07:00,
200610,20140,ตำบลหัวถนน,Tambon Hua Thanon,2006,13.531,101.265,2019-08-09T03:33:09.000+07:00,2025-09-20T06:31:26.000+07:00,
200611,20140,ตำบลท่าข้าม,Tambon Tha Kham,2006,13.559,101.177,2019-08-09T03:33:09.000+07:00,2025-09-20T06:31:26.000+07:00,
200613,20140,ตำบลหนองปรือ,Tambon Nong Prue,2006,13.511,101.254,2019-08-09T03:33:09.000+07:00,2025-09-20T06:31:26.000+07:00,
200614,20140,ตำบลหนองขยาด,Tambon Nong Khayat,2006,13.402,101.151,2019-08-09T03:33:09.000+07:00,2025-09-20T06:31:26.000+07:00,
200615,20140,ตำบลทุ่งขวาง,Tambon Thung Khwang,2006,13.4,101.188,2019-08-09T03:33:09.000+07:00,2025-09-20T06:31:26.000+07:00,
200616,20140,ตำบลหนองเหียง,Tambon Nong Hiang,2006,13.464,101.33,2019-08-09T03:33:09.000+07:00,2025-09-20T06:31:26.000+07:00,
200617,20140,ตำบลนาวังหิน,Tambon Na Wang Hin,2006,13.442,101.251,2019-08-09T03:33:09.000+07:00,2025-09-20T06:31:26.000+07:00,
200618,20140,ตำบลบ้านช้าง,Tambon Ban Chang,2006,13.435,101.213,2019-08-09T03:33:09.000+07:00,2025-09-20T06:31:26.000+07:00,
200620,20140,ตำบลโคกเพลาะ,Tambon Khok Phlo,2006,13.52,101.121,2019-08-09T03:33:09.000+07:00,2025-09-20T06:31:26.000+07:00,
200621,20140,ตำบลไร่หลักทอง,Tambon Rai Lak Thong,2006,13.484,101.184,2019-08-09T03:33:09.000+07:00,2025-09-20T06:31:26.000+07:00,
200622,20140,ตำบลนามะตูม,Tambon Na Matum,2006,,,2019-08-09T03:33:09.000+07:00,2025-09-20T06:31:26.000+07:00,
200701,20110,ตำบลศรีราชา,Tambon Si Racha,2007,13.174,100.92,2019-08-09T03:33:09.000+07:00,2025-09-20T06:31:26.000+07:00,
200702,20110,ตำบลสุรศักดิ์,Tambon Surasak,2007,13.16,100.983,2019-08-09T03:33:09.000+07:00,2025-09-20T06:31:26.000+07:00,
200703,20230,ตำบลทุ่งสุขลา,Tambon Thung Sukhla,2007,13.097,100.912,2019-08-09T03:33:09.000+07:00,2025-09-20T06:31:26.000+07:00,
200704,20230,ตำบลบึง,Tambon Bueng,2007,13.073,101.006,2019-08-09T03:33:09.000+07:00,2025-09-20T06:31:26.000+07:00,
200705,20110,ตำบลหนองขาม,Tambon Nong Kham,2007,13.134,101.038,2019-08-09T03:33:09.000+07:00,2025-09-20T06:31:26.000+07:00,
200706,20110,ตำบลเขาคันทรง,Tambon Khao Khansong,2007,13.129,101.123,2019-08-09T03:33:09.000+07:00,2025-09-20T06:31:26.000+07:00,
200707,20110,ตำบลบางพระ,Tambon Bang Phra,2007,13.223,101.007,2019-08-09T03:33:09.000+07:00,2025-09-20T06:31:26.000+07:00,
200708,20230,ตำบลบ่อวิน,Tambon Bo Win,2007,13.052,101.093,2019-08-09T03:33:09.000+07:00,2025-09-20T06:31:26.000+07:00,
200801,20120,ตำบลท่าเทววงษ์,Tambon Tha Tewatong,2008,13.151,100.809,2019-08-09T03:33:09.000+07:00,2025-09-20T06:31:26.000+07:00,
200901,20180,ตำบลสัตหีบ,Tambon Sattahip,2009,12.611,100.889,2019-08-09T03:33:09.000+07:00,2025-09-20T06:31:26.000+07:00,
200902,20250,ตำบลนาจอมเทียน,Tambon Na Chom Thian,2009,12.775,100.94,2019-08-09T03:33:09.000+07:00,2025-09-20T06:31:26.000+07:00,
200903,20180,ตำบลพลูตาหลวง,Tambon Phlu Ta Luang,2009,12.701,100.967,2019-08-09T03:33:09.000+07:00,2025-09-20T06:31:26.000+07:00,
200904,20250,ตำบลบางเสร่,Tambon Bang Sare,2009,12.761,100.844,2019-08-09T03:33:09.000+07:00,2025-09-20T06:31:26.000+07:00,
200905,20180,ตำบลแสมสาร,Tambon Samaesan,2009,12.616,100.918,2019-08-09T03:33:09.000+07:00,2025-09-20T06:31:26.000+07:00,
201001,20270,ตำบลบ่อทอง,Tambon Bo Thong,2010,13.193,101.504,2019-08-09T03:33:09.000+07:00,2025-09-20T06:31:26.000+07:00,
201002,20270,ตำบลวัดสุวรรณ,Tambon Wat Suwan,2010,13.332,101.419,2019-08-09T03:33:09.000+07:00,2025-09-20T06:31:26.000+07:00,
201003,20270,ตำบลบ่อกวางทอง,Tambon Bo Kwang Thong,2010,13.318,101.308,2019-08-09T03:33:09.000+07:00,2025-09-20T06:31:26.000+07:00,
201004,20270,ตำบลธาตุทอง,Tambon That Thong,2010,13.259,101.389,2019-08-09T03:33:09.000+07:00,2025-09-20T06:31:26.000+07:00,
201005,20270,ตำบลเกษตรสุวรรณ,Tambon Kaset Suwan,2010,13.326,101.526,2019-08-09T03:33:09.000+07:00,2025-09-20T06:31:26.000+07:00,
201006,20270,ตำบลพลวงทอง,Tambon Phluang Thong,2010,13.217,101.626,2019-08-09T03:33:09.000+07:00,2025-09-20T06:31:26.000+07:00,
201101,20240,ตำบลเกาะจันทร์,Tambon Ko Chan,2011,13.403,101.421,2019-08-09T03:33:09.000+07:00,2025-09-20T06:31:26.000+07:00,
201102,20240,ตำบลท่าบุญมี,Tambon Tha Bun Mi,2011,13.389,101.288,2019-08-09T03:33:09.000+07:00,2025-09-20T06:31:26.000+07:00,
210101,21000,ตำบลท่าประดู่,Tambon Tha Pradu,2101,12.672,101.266,2019-08-09T03:33:09.000+07:00,2025-09-20T06:31:26.000+07:00,
210102,21000,ตำบลเชิงเนิน,Tambon Choeng Noen,2101,12.677,101.318,2019-08-09T03:33:09.000+07:00,2025-09-20T06:31:26.000+07:00,
210103,21000,ตำบลตะพง,Tambon Taphong,2101,12.653,101.364,2019-08-09T03:33:09.000+07:00,2025-09-20T06:31:26.000+07:00,
210104,21000,ตำบลปากน้ำ,Tambon Pak Nam,2101,,,2019-08-09T03:33:09.000+07:00,2025-09-20T06:31:26.000+07:00,
210105,21160,ตำบลเพ,Tambon Phe,2101,12.568,101.455,2019-08-09T03:33:09.000+07:00,2025-09-20T06:31:26.000+07:00,
210106,21160,ตำบลแกลง,Tambon Klaeng,2101,12.663,101.467,2019-08-09T03:33:09.000+07:00,2025-09-20T06:31:26.000+07:00,
210107,21000,ตำบลบ้านแลง,Tambon Ban Laeng,2101,12.707,101.377,2019-08-09T03:33:09.000+07:00,2025-09-20T06:31:26.000+07:00,
210108,21000,ตำบลนาตาขวัญ,Tambon Na Ta Khwan,2101,12.741,101.369,2019-08-09T03:33:09.000+07:00,2025-09-20T06:31:26.000+07:00,
210109,21000,ตำบลเนินพระ,Tambon Noen Phra,2101,12.681,101.223,2019-08-09T03:33:09.000+07:00,2025-09-20T06:31:26.000+07:00,
210110,21100,ตำบลกะเฉด,Tambon Kachet,2101,,,2019-08-09T03:33:09.000+07:00,2025-09-20T06:31:26.000+07:00,
210111,21000,ตำบลทับมา,Tambon Thap Ma,2101,12.708,101.247,2019-08-09T03:33:09.000+07:00,2025-09-20T06:31:26.000+07:00,
210112,21000,ตำบลน้ำคอก,Tambon Nam Khok,2101,12.716,101.269,2019-08-09T03:33:09.000+07:00,2025-09-20T06:31:26.000+07:00,
210113,21150,ตำบลห้วยโป่ง,Tambon Huai Pong,2101,,,2019-08-09T03:33:09.000+07:00,2025-09-20T06:31:26.000+07:00,
210114,21150,ตำบลมาบตาพุด,Tambon Map Ta Phut,2101,12.646,101.171,2019-08-09T03:33:09.000+07:00,2025-09-20T06:31:26.000+07:00,
210115,21100,ตำบลสำนักทอง,Tambon Samnak Thong,2101,12.721,101.472,2019-08-09T03:33:09.000+07:00,2025-09-20T06:31:26.000+07:00,
210201,21130,ตำบลสำนักท้อน,Tambon Samnak Thon,2102,12.804,101.066,2019-08-09T03:33:09.000+07:00,2025-09-20T06:31:26.000+07:00,
210202,21130,ตำบลพลา,Tambon Phla,2102,12.688,101.025,2019-08-09T03:33:09.000+07:00,2025-09-20T06:31:26.000+07:00,
210203,21130,ตำบลบ้านฉาง,Tambon Ban Chang,2102,12.732,101.076,2019-08-09T03:33:09.000+07:00,2025-09-20T06:31:26.000+07:00,
210301,21110,ตำบลทางเกวียน,Tambon Thang Kwian,2103,12.807,101.625,2019-08-09T03:33:09.000+07:00,2025-09-20T06:31:26.000+07:00,
210302,21110,ตำบลวังหว้า,Tambon Wang Wa,2103,12.763,101.624,2019-08-09T03:33:09.000+07:00,2025-09-20T06:31:26.000+07:00,
210303,21110,ตำบลชากโดน,Tambon Chak Don,2103,12.7,101.604,2019-08-09T03:33:09.000+07:00,2025-09-20T06:31:26.000+07:00,
210304,21110,ตำบลเนินฆ้อ,Tambon Noen Kho,2103,12.704,101.678,2019-08-09T03:33:09.000+07:00,2025-09-20T06:31:26.000+07:00,
210305,21190,ตำบลกร่ำ,Tambon Kram,2103,12.584,101.51,2019-08-09T03:33:09.000+07:00,2025-09-20T06:31:26.000+07:00,
210306,21190,ตำบลชากพง,Tambon Chak Phong,2103,12.668,101.549,2019-08-09T03:33:09.000+07:00,2025-09-20T06:31:26.000+07:00,
210307,21110,ตำบลกระแสบน,Tambon Krasae Bon,2103,12.871,101.611,2019-08-09T03:33:09.000+07:00,2025-09-20T06:31:26.000+07:00,
210308,21110,ตำบลบ้านนา,Tambon Ban Na,2103,12.846,101.674,2019-08-09T03:33:09.000+07:00,2025-09-20T06:31:26.000+07:00,
210309,21110,ตำบลทุ่งควายกิน,Tambon Thung Khwai Kin,2103,12.808,101.733,2019-08-09T03:33:09.000+07:00,2025-09-20T06:31:26.000+07:00,
210310,22160,ตำบลกองดิน,Tambon Kong Din,2103,12.815,101.792,2019-08-09T03:33:09.000+07:00,2025-09-20T06:31:26.000+07:00,
210311,21170,ตำบลคลองปูน,Tambon Khlong Pun,2103,12.765,101.75,2019-08-09T03:33:09.000+07:00,2025-09-20T06:31:26.000+07:00,
210312,21110,ตำบลพังราด,Tambon Phang Rat,2103,12.729,101.772,2019-08-09T03:33:09.000+07:00,2025-09-20T06:31:26.000+07:00,
210313,21170,ตำบลปากน้ำกระแส,Tambon Pak Nam Krasae,2103,12.717,101.709,2019-08-09T03:33:09.000+07:00,2025-09-20T06:31:26.000+07:00,
210317,21110,ตำบลห้วยยาง,Tambon Huai Yang,2103,12.812,101.533,2019-08-09T03:33:09.000+07:00,2025-09-20T06:31:26.000+07:00,
210318,21110,ตำบลสองสลึง,Tambon Song Salueng,2103,12.743,101.548,2019-08-09T03:33:09.000+07:00,2025-09-20T06:31:26.000+07:00,
210401,21210,ตำบลวังจันทร์,Tambon Wang Chan,2104,12.858,101.528,2019-08-09T03:33:09.000+07:00,2025-09-20T06:31:26.000+07:00,
210402,21210,ตำบลชุมแสง,Tambon Chum Saeng,2104,12.956,101.526,2019-08-09T03:33:09.000+07:00,2025-09-20T06:31:26.000+07:00,
210403,21210,ตำบลป่ายุบใน,Tambon Pa Yup Nai,2104,13.005,101.479,2019-08-09T03:33:09.000+07:00,2025-09-20T06:31:26.000+07:00,
210404,21210,ตำบลพลงตาเอี่ยม,Tambon Phlong Ta Iam,2104,12.912,101.541,2019-08-09T03:33:09.000+07:00,2025-09-20T06:31:26.000+07:00,
210501,21120,ตำบลบ้านค่าย,Tambon Ban Khai,2105,12.775,101.304,2019-08-09T03:33:09.000+07:00,2025-09-20T06:31:26.000+07:00,
210502,21120,ตำบลหนองละลอก,Tambon Nong Lalok,2105,12.821,101.256,2019-08-09T03:33:09.000+07:00,2025-09-20T06:31:26.000+07:00,
210503,21120,ตำบลหนองตะพาน,Tambon Nong Taphan,2105,12.752,101.258,2019-08-09T03:33:09.000+07:00,2025-09-20T06:31:26.000+07:00,
210504,21120,ตำบลตาขัน,Tambon Ta Khan,2105,12.735,101.321,2019-08-09T03:33:09.000+07:00,2025-09-20T06:31:26.000+07:00,
210505,21120,ตำบลบางบุตร,Tambon Bang But,2105,12.848,101.391,2019-08-09T03:33:09.000+07:00,2025-09-20T06:31:26.000+07:00,
210506,21120,ตำบลหนองบัว,Tambon Nong Bua,2105,12.906,101.373,2019-08-09T03:33:09.000+07:00,2025-09-20T06:31:26.000+07:00,
210507,21120,ตำบลชากบก,Tambon Chak Bok,2105,12.783,101.364,2019-08-09T03:33:09.000+07:00,2025-09-20T06:31:26.000+07:00,
210601,21140,ตำบลปลวกแดง,Tambon Pluak Daeng,2106,12.978,101.226,2019-08-09T03:33:09.000+07:00,2025-09-20T06:31:26.000+07:00,
210602,21140,ตำบลตาสิทธิ์,Tambon Ta Sit,2106,13.038,101.225,2019-08-09T03:33:09.000+07:00,2025-09-20T06:31:26.000+07:00,
210603,21140,ตำบลละหาร,Tambon Lahan,2106,12.973,101.311,2019-08-09T03:33:09.000+07:00,2025-09-20T06:31:26.000+07:00,
210604,21140,ตำบลแม่น้ำคู้,Tambon Maenam Khu,2106,12.908,101.23,2019-08-09T03:33:09.000+07:00,2025-09-20T06:31:26.000+07:00,
210605,21140,ตำบลมาบยางพร,Tambon Map Yang Phon,2106,12.97,101.136,2019-08-09T03:33:09.000+07:00,2025-09-20T06:31:26.000+07:00,
210606,21140,ตำบลหนองไร่,Tambon Nong Rai,2106,13.039,101.338,2019-08-09T03:33:09.000+07:00,2025-09-20T06:31:26.000+07:00,
210701,21110,ตำบลน้ำเป็น,Tambon Nam Pen,2107,12.901,101.749,2019-08-09T03:33:09.000+07:00,2025-09-20T06:31:26.000+07:00,
210702,21110,ตำบลห้วยทับมอญ,Tambon Huai Thap Mon,2107,13.027,101.686,2019-08-09T03:33:09.000+07:00,2025-09-20T06:31:26.000+07:00,
210703,21110,ตำบลชำฆ้อ,Tambon Cham Kho,2107,12.933,101.641,2019-08-09T03:33:09.000+07:00,2025-09-20T06:31:26.000+07:00,
210704,21110,ตำบลเขาน้อย,Tambon Khao Noy,2107,13.062,101.617,2019-08-09T03:33:09.000+07:00,2025-09-20T06:31:26.000+07:00,
210801,21180,ตำบลนิคมพัฒนา,Tambon Nikhom Phatthana,2108,12.856,101.177,2019-08-09T03:33:09.000+07:00,2025-09-20T06:31:26.000+07:00,
210802,21180,ตำบลมาบข่า,Tambon Map Kha,2108,12.782,101.193,2019-08-09T03:33:09.000+07:00,2025-09-20T06:31:26.000+07:00,
210803,21180,ตำบลพนานิคม,Tambon Phana Nikhom,2108,12.902,101.135,2019-08-09T03:33:09.000+07:00,2025-09-20T06:31:26.000+07:00,
210804,21180,ตำบลมะขามคู่,Tambon Makham Khu,2108,12.847,101.101,2019-08-09T03:33:09.000+07:00,2025-09-20T06:31:26.000+07:00,
220101,22000,ตำบลตลาด,Tambon Talat,2201,12.591,102.087,2019-08-09T03:33:09.000+07:00,2025-09-20T06:31:26.000+07:00,
220102,22000,ตำบลวัดใหม่,Tambon Wat Mai,2201,12.611,102.105,2019-08-09T03:33:09.000+07:00,2025-09-20T06:31:26.000+07:00,
220103,22000,ตำบลคลองนารายณ์,Tambon Khlong Narai,2201,12.574,102.166,2019-08-09T03:33:09.000+07:00,2025-09-20T06:31:26.000+07:00,
220104,22000,ตำบลเกาะขวาง,Tambon Ko Khwang,2201,12.562,102.09,2019-08-09T03:33:09.000+07:00,2025-09-20T06:31:26.000+07:00,
220105,22000,ตำบลคมบาง,Tambon Khom Bang,2201,12.542,102.169,2019-08-09T03:33:09.000+07:00,2025-09-20T06:31:26.000+07:00,
220106,22000,ตำบลท่าช้าง,Tambon Tha Chang,2201,12.644,102.098,2019-08-09T03:33:09.000+07:00,2025-09-20T06:31:26.000+07:00,
220107,22000,ตำบลจันทนิมิต,Tambon Chanthanimit,2201,12.61,102.123,2019-08-09T03:33:09.000+07:00,2025-09-20T06:31:26.000+07:00,
220108,22000,ตำบลบางกะจะ,Tambon Bang Kacha,2201,12.563,102.056,2019-08-09T03:33:09.000+07:00,2025-09-20T06:31:26.000+07:00,
220109,22000,ตำบลแสลง,Tambon Salaeng,2201,12.694,102.107,2019-08-09T03:33:09.000+07:00,2025-09-20T06:31:26.000+07:00,
220110,22000,ตำบลหนองบัว,Tambon Nong Bua,2201,12.534,102.101,2019-08-09T03:33:09.000+07:00,2025-09-20T06:31:26.000+07:00,
220111,22000,ตำบลพลับพลา,Tambon Phlapphla,2201,12.605,102.172,2019-08-09T03:33:09.000+07:00,2025-09-20T06:31:26.000+07:00,
220201,22110,ตำบลขลุง,Tambon Khlung,2202,12.452,102.218,2019-08-09T03:33:09.000+07:00,2025-09-20T06:31:26.000+07:00,
220202,22110,ตำบลบ่อ,Tambon Bo,2202,12.412,102.279,2019-08-09T03:33:09.000+07:00,2025-09-20T06:31:26.000+07:00,
220203,22110,ตำบลเกวียนหัก,Tambon Kwian Hak,2202,12.468,102.2,2019-08-09T03:33:09.000+07:00,2025-09-20T06:31:26.000+07:00,
220204,22110,ตำบลตะปอน,Tambon Tapon,2202,12.493,102.175,2019-08-09T03:33:09.000+07:00,2025-09-20T06:31:26.000+07:00,
220205,22110,ตำบลบางชัน,Tambon Bang Chan,2202,12.288,102.251,2019-08-09T03:33:09.000+07:00,2025-09-20T06:31:26.000+07:00,
220206,22110,ตำบลวันยาว,Tambon Wan Yao,2202,12.439,102.234,2019-08-09T03:33:09.000+07:00,2025-09-20T06:31:26.000+07:00,
220207,22110,ตำบลซึ้ง,Tambon Sueng,2202,12.487,102.288,2019-08-09T03:33:09.000+07:00,2025-09-20T06:31:26.000+07:00,
220208,22110,ตำบลมาบไพ,Tambon Map Phai,2202,12.598,102.258,2019-08-09T03:33:09.000+07:00,2025-09-20T06:31:26.000+07:00,
220209,22110,ตำบลวังสรรพรส,Tambon Wang Sappharot,2202,12.56,102.29,2019-08-09T03:33:09.000+07:00,2025-09-20T06:31:26.000+07:00,
220210,22110,ตำบลตรอกนอง,Tambon Trok Nong,2202,12.533,102.275,2019-08-09T03:33:09.000+07:00,2025-09-20T06:31:26.000+07:00,
220211,22110,ตำบลตกพรม,Tambon Tok Phrom,2202,12.625,102.339,2019-08-09T03:33:09.000+07:00,2025-09-20T06:31:26.000+07:00,
220212,22150,ตำบลบ่อเวฬุ,Tambon Bo Welu,2202,12.723,102.367,2019-08-09T03:33:09.000+07:00,2025-09-20T06:31:26.000+07:00,
220301,22120,ตำบลท่าใหม่,Tambon Tha Mai,2203,12.628,101.985,2019-08-09T03:33:09.000+07:00,2025-09-20T06:31:26.000+07:00,
220302,22120,ตำบลยายร้า,Tambon Yai Ra,2203,12.612,102.027,2019-08-09T03:33:09.000+07:00,2025-09-20T06:31:26.000+07:00,
220303,22120,ตำบลสีพยา,Tambon Si Phaya,2203,12.578,102.029,2019-08-09T03:33:09.000+07:00,2025-09-20T06:31:26.000+07:00,
220304,22120,ตำบลบ่อพุ,Tambon Bo Phu,2203,12.595,102.028,2019-08-09T03:33:09.000+07:00,2025-09-20T06:31:26.000+07:00,
220305,22120,ตำบลพลอยแหวน,Tambon Phloi Waen,2203,12.617,102.053,2019-08-09T03:33:09.000+07:00,2025-09-20T06:31:26.000+07:00,
220306,22120,ตำบลเขาวัว,Tambon Khao Wua,2203,12.637,102.035,2019-08-09T03:33:09.000+07:00,2025-09-20T06:31:26.000+07:00,
220307,22120,ตำบลเขาบายศรี,Tambon Khao Baisi,2203,12.74,102.061,2019-08-09T03:33:09.000+07:00,2025-09-20T06:31:26.000+07:00,
220308,22120,ตำบลสองพี่น้อง,Tambon Song Phi Nong,2203,12.672,101.973,2019-08-09T03:33:09.000+07:00,2025-09-20T06:31:26.000+07:00,
220309,22170,ตำบลทุ่งเบญจา,Tambon Ramphan,2203,12.814,102.014,2019-08-09T03:33:09.000+07:00,2025-09-20T06:31:26.000+07:00,
220311,22170,ตำบลรำพัน,Tambon Ramphan,2203,12.669,101.914,2019-08-09T03:33:09.000+07:00,2025-09-20T06:31:26.000+07:00,
220312,22170,ตำบลโขมง,Tambon Khamong,2203,12.62,101.94,2019-08-09T03:33:09.000+07:00,2025-09-20T06:31:26.000+07:00,
220313,22120,ตำบลตะกาดเง้า,Tambon Takat Ngao,2203,12.581,101.989,2019-08-09T03:33:09.000+07:00,2025-09-20T06:31:26.000+07:00,
220314,22120,ตำบลคลองขุด,Tambon Khlong Khut,2203,12.512,101.95,2019-08-09T03:33:09.000+07:00,2025-09-20T06:31:26.000+07:00,
220324,22170,ตำบลเขาแก้ว,Tambon Khao Kaeo,2203,12.867,101.939,2019-08-09T03:33:09.000+07:00,2025-09-20T06:31:26.000+07:00,
220401,22140,ตำบลทับไทร,Tambon Thap Sai,2204,12.95,102.247,2019-08-09T03:33:09.000+07:00,2025-09-20T06:31:26.000+07:00,
220402,22140,ตำบลโป่งน้ำร้อน,Tambon Pong Nam Ron,2204,12.89,102.382,2019-08-09T03:33:09.000+07:00,2025-09-20T06:31:26.000+07:00,
220404,22140,ตำบลหนองตาคง,Tambon Nong Ta Khong,2204,13.067,102.381,2019-08-09T03:33:09.000+07:00,2025-09-20T06:31:26.000+07:00,
220409,22140,ตำบลเทพนิมิต,Tambon Thep Nimit,2204,13.044,102.453,2019-08-09T03:33:09.000+07:00,2025-09-20T06:31:26.000+07:00,
220410,22140,ตำบลคลองใหญ่,Tambon Khlong Yai,2204,12.873,102.476,2019-08-09T03:33:09.000+07:00,2025-09-20T06:31:26.000+07:00,
220501,22150,ตำบลมะขาม,Tambon Makham,2205,12.677,102.187,2019-08-09T03:33:09.000+07:00,2025-09-20T06:31:26.000+07:00,
220502,22150,ตำบลท่าหลวง,Tambon Tha Luang,2205,12.7,102.147,2019-08-09T03:33:09.000+07:00,2025-09-20T06:31:26.000+07:00,
220503,22150,ตำบลปัถวี,Tambon Patthawi,2205,12.743,102.272,2019-08-09T03:33:09.000+07:00,2025-09-20T06:31:26.000+07:00,
220504,22150,ตำบลวังแซ้ม,Tambon Wang Saem,2205,12.756,102.156,2019-08-09T03:33:09.000+07:00,2025-09-20T06:31:26.000+07:00,
220506,22150,ตำบลฉมัน,Tambon Chaman,2205,12.817,102.224,2019-08-09T03:33:09.000+07:00,2025-09-20T06:31:26.000+07:00,
220508,22150,ตำบลอ่างคีรี,Tambon Ang Khiri,2205,12.644,102.226,2019-08-09T03:33:09.000+07:00,2025-09-20T06:31:26.000+07:00,
220601,22130,ตำบลปากน้ำแหลมสิงห์,Tambon Pak Nam Laem Sing,2206,12.452,102.122,2019-08-09T03:33:09.000+07:00,2025-09-20T06:31:26.000+07:00,
220602,22130,ตำบลเกาะเปริด,Tambon Ko Proet,2206,12.424,102.109,2019-08-09T03:33:09.000+07:00,2025-09-20T06:31:26.000+07:00,
220603,22130,ตำบลหนองชิ่ม,Tambon Nong Chim,2206,12.417,102.178,2019-08-09T03:33:09.000+07:00,2025-09-20T06:31:26.000+07:00,
220604,22190,ตำบลพลิ้ว,Tambon Phlio,2206,12.516,102.161,2019-08-09T03:33:09.000+07:00,2025-09-20T06:31:26.000+07:00,
220605,22190,ตำบลคลองน้ำเค็ม,Tambon Khlong Nam Khem,2206,12.498,102.123,2019-08-09T03:33:09.000+07:00,2025-09-20T06:31:26.000+07:00,
220606,22190,ตำบลบางสระเก้า,Tambon Bang Sa Kao,2206,12.511,102.109,2019-08-09T03:33:09.000+07:00,2025-09-20T06:31:26.000+07:00,
220607,22120,ตำบลบางกะไชย,Tambon Bang Kachai,2206,12.465,102.066,2019-08-09T03:33:09.000+07:00,2025-09-20T06:31:26.000+07:00,
220701,22180,ตำบลปะตง,Tambon Patong,2207,13.17,102.194,2019-08-09T03:33:09.000+07:00,2025-09-20T06:31:26.000+07:00,
220702,22180,ตำบลทุ่งขนาน,Tambon Thung Khanan,2207,13.232,102.319,2019-08-09T03:33:09.000+07:00,2025-09-20T06:31:26.000+07:00,
220703,22180,ตำบลทับช้าง,Tambon Thap Chang,2207,13.265,102.161,2019-08-09T03:33:09.000+07:00,2025-09-20T06:31:26.000+07:00,
220704,22180,ตำบลทรายขาว,Tambon Sai Khao,2207,13.086,102.197,2019-08-09T03:33:09.000+07:00,2025-09-20T06:31:26.000+07:00,
220705,22180,ตำบลสะตอน,Tambon Saton,2207,13.174,102.371,2019-08-09T03:33:09.000+07:00,2025-09-20T06:31:26.000+07:00,
220801,22160,ตำบลแก่งหางแมว,Tambon Kaeng Hang Maeo,2208,12.982,101.929,2019-08-09T03:33:09.000+07:00,2025-09-20T06:31:26.000+07:00,
220802,22160,ตำบลขุนซ่อง,Tambon Khun Song,2208,13.169,101.961,2019-08-09T03:33:09.000+07:00,2025-09-20T06:31:26.000+07:00,
220803,22160,ตำบลสามพี่น้อง,Tambon Sam Phi Nong,2208,12.977,101.817,2019-08-09T03:33:09.000+07:00,2025-09-20T06:31:26.000+07:00,
220804,22160,ตำบลพวา,Tambon Phawa,2208,13.105,101.791,2019-08-09T03:33:09.000+07:00,2025-09-20T06:31:26.000+07:00,
220805,22160,ตำบลเขาวงกต,Tambon Khao Wongkot,2208,12.881,101.848,2019-08-09T03:33:09.000+07:00,2025-09-20T06:31:26.000+07:00,
220901,22160,ตำบลนายายอาม,Tambon Na Yai Am,2209,12.782,101.847,2019-08-09T03:33:09.000+07:00,2025-09-20T06:31:26.000+07:00,
220902,22170,ตำบลวังโตนด,Tambon Wang Tanot,2209,12.701,101.933,2019-08-09T03:33:09.000+07:00,2025-09-20T06:31:26.000+07:00,
220903,22170,ตำบลกระแจะ,Tambon Krachae,2209,12.689,101.861,2019-08-09T03:33:09.000+07:00,2025-09-20T06:31:26.000+07:00,
220904,22170,ตำบลสนามไชย,Tambon Sanam Chai,2209,12.625,101.874,2019-08-09T03:33:09.000+07:00,2025-09-20T06:31:26.000+07:00,
220905,22160,ตำบลช้างข้าม,Tambon Chang Kham,2209,12.707,101.819,2019-08-09T03:33:09.000+07:00,2025-09-20T06:31:26.000+07:00,
220906,22170,ตำบลวังใหม่,Tambon Wang Mai,2209,12.764,101.904,2019-08-09T03:33:09.000+07:00,2025-09-20T06:31:26.000+07:00,
221001,22210,ตำบลชากไทย,Tambon Chak Thai,2210,,,2019-08-09T03:33:09.000+07:00,2025-09-20T06:31:26.000+07:00,
221002,22210,ตำบลพลวง,Tambon Phluang,2210,12.822,102.106,2019-08-09T03:33:09.000+07:00,2025-09-20T06:31:26.000+07:00,
221003,22210,ตำบลตะเคียนทอง,Tambon Takhian Thong,2210,12.903,102.132,2019-08-09T03:33:09.000+07:00,2025-09-20T06:31:26.000+07:00,
221004,22210,ตำบลคลองพลู,Tambon Khlong Phlu,2210,12.931,102.014,2019-08-09T03:33:09.000+07:00,2025-09-20T06:31:26.000+07:00,
221005,22210,ตำบลจันทเขลม,Tambon Chanthakhlem,2210,13.071,102.09,2019-08-09T03:33:09.000+07:00,2025-09-20T06:31:26.000+07:00,
230101,23000,ตำบลบางพระ,Tambon Bang Phra,2301,,,2019-08-09T03:33:09.000+07:00,2025-09-20T06:31:26.000+07:00,
230102,23000,ตำบลหนองเสม็ด,Tambon Nong Samet,2301,12.216,102.504,2019-08-09T03:33:09.000+07:00,2025-09-20T06:31:26.000+07:00,
230103,23000,ตำบลหนองโสน,Tambon Nong Sano,2301,12.184,102.488,2019-08-09T03:33:09.000+07:00,2025-09-20T06:31:26.000+07:00,
230104,23000,ตำบลหนองคันทรง,Tambon Nong Khan Song,2301,12.194,102.542,2019-08-09T03:33:09.000+07:00,2025-09-20T06:31:26.000+07:00,
230105,23000,ตำบลห้วงน้ำขาว,Tambon Huang Nam Khao,2301,12.143,102.518,2019-08-09T03:33:09.000+07:00,2025-09-20T06:31:26.000+07:00,
230106,23000,ตำบลอ่าวใหญ่,Tambon Ao Yai,2301,12.078,102.562,2019-08-09T03:33:09.000+07:00,2025-09-20T06:31:26.000+07:00,
230107,23000,ตำบลวังกระแจะ,Tambon Wang Krachae,2301,12.272,102.479,2019-08-09T03:33:09.000+07:00,2025-09-20T06:31:26.000+07:00,
230108,23000,ตำบลห้วยแร้ง,Tambon Huai Raeng,2301,12.387,102.56,2019-08-09T03:33:09.000+07:00,2025-09-20T06:31:26.000+07:00,
230109,23000,ตำบลเนินทราย,Tambon Noen Sai,2301,12.283,102.547,2019-08-09T03:33:09.000+07:00,2025-09-20T06:31:26.000+07:00,
230110,23000,ตำบลท่าพริก,Tambon Tha Phrik,2301,12.243,102.589,2019-08-09T03:33:09.000+07:00,2025-09-20T06:31:26.000+07:00,
230111,23000,ตำบลท่ากุ่ม,Tambon Tha Kum,2301,12.345,102.675,2019-08-09T03:33:09.000+07:00,2025-09-20T06:31:26.000+07:00,
230112,23000,ตำบลตะกาง,Tambon Takang,2301,12.25,102.659,2019-08-09T03:33:09.000+07:00,2025-09-20T06:31:26.000+07:00,
230113,23000,ตำบลชำราก,Tambon Chamrak,2301,12.194,102.677,2019-08-09T03:33:09.000+07:00,2025-09-20T06:31:26.000+07:00,
230114,23000,ตำบลแหลมกลัด,Tambon Laem Klat,2301,12.117,102.704,2019-08-09T03:33:09.000+07:00,2025-09-20T06:31:26.000+07:00,
230201,23110,ตำบลคลองใหญ่,Tambon Khlong Yai,2302,11.774,102.889,2019-08-09T03:33:09.000+07:00,2025-09-20T06:31:26.000+07:00,
230202,23110,ตำบลไม้รูด,Tambon Mai Rut,2302,11.91,102.805,2019-08-09T03:33:09.000+07:00,2025-09-20T06:31:26.000+07:00,
230203,23110,ตำบลหาดเล็ก,Tambon Hat Lek,2302,11.699,102.909,2019-08-09T03:33:09.000+07:00,2025-09-20T06:31:26.000+07:00,
230301,23130,ตำบลเขาสมิง,Tambon Khao Saming,2303,12.34,102.437,2019-08-09T03:33:09.000+07:00,2025-09-20T06:31:26.000+07:00,
230302,23150,ตำบลแสนตุ้ง,Tambon Saen Tung,2303,12.398,102.382,2019-08-09T03:33:09.000+07:00,2025-09-20T06:31:26.000+07:00,
230303,23130,ตำบลวังตะเคียน,Tambon Wang Takhian,2303,12.478,102.531,2019-08-09T03:33:09.000+07:00,2025-09-20T06:31:26.000+07:00,
230304,23150,ตำบลท่าโสม,Tambon Tha Som,2303,12.296,102.346,2019-08-09T03:33:09.000+07:00,2025-09-20T06:31:26.000+07:00,
230305,23150,ตำบลสะตอ,Tambon Sato,2303,12.553,102.434,2019-08-09T03:33:09.000+07:00,2025-09-20T06:31:26.000+07:00,
230306,23150,ตำบลประณีต,Tambon Pranit,2303,12.525,102.359,2019-08-09T03:33:09.000+07:00,2025-09-20T06:31:26.000+07:00,
230307,23150,ตำบลเทพนิมิต,Tambon Thep Nimit,2303,12.469,102.435,2019-08-09T03:33:09.000+07:00,2025-09-20T06:31:26.000+07:00,
230308,23130,ตำบลทุ่งนนทรี,Tambon Thung Nonsi,2303,12.405,102.501,2019-08-09T03:33:09.000+07:00,2025-09-20T06:31:26.000+07:00,
230401,23140,ตำบลบ่อพลอย,Tambon Bo Phloi,2304,12.604,102.559,2019-08-09T03:33:09.000+07:00,2025-09-20T06:31:26.000+07:00,
230402,23140,ตำบลช้างทูน,Tambon Chang Thun,2304,12.585,102.469,2019-08-09T03:33:09.000+07:00,2025-09-20T06:31:26.000+07:00,
230403,23140,ตำบลด่านชุมพล,Tambon Dan Chumphon,2304,12.461,102.664,2019-08-09T03:33:09.000+07:00,2025-09-20T06:31:26.000+07:00,
230404,23140,ตำบลหนองบอน,Tambon Nong Bon,2304,12.683,102.447,2019-08-09T03:33:09.000+07:00,2025-09-20T06:31:26.000+07:00,
230405,23140,ตำบลนนทรีย์,Tambon Nonsi,2304,12.544,102.6,2019-08-09T03:33:09.000+07:00,2025-09-20T06:31:26.000+07:00,
230501,23120,ตำบลแหลมงอบ,Tambon Laem Ngop,2305,12.186,102.419,2019-08-09T03:33:09.000+07:00,2025-09-20T06:31:26.000+07:00,
230502,23120,ตำบลน้ำเชี่ยว,Tambon Nam Chiao,2305,12.209,102.436,2019-08-09T03:33:09.000+07:00,2025-09-20T06:31:26.000+07:00,
230503,23120,ตำบลบางปิด,Tambon Bang Pit,2305,12.241,102.301,2019-08-09T03:33:09.000+07:00,2025-09-20T06:31:26.000+07:00,
230507,23120,ตำบลคลองใหญ่,Tambon Khlong Yai,2305,12.226,102.362,2019-08-09T03:33:09.000+07:00,2025-09-20T06:31:26.000+07:00,
230601,23000,ตำบลเกาะหมาก,Tambon Ko Mak,2306,11.817,102.397,2019-08-09T03:33:09.000+07:00,2025-09-20T06:31:26.000+07:00,
230602,23000,ตำบลเกาะกูด,Tambon Ko Kut,2306,11.719,102.519,2019-08-09T03:33:09.000+07:00,2025-09-20T06:31:26.000+07:00,
230701,23170,ตำบลเกาะช้าง,Tambon Ko Chang,2307,12.161,102.247,2019-08-09T03:33:09.000+07:00,2025-09-20T06:31:26.000+07:00,
230702,23170,ตำบลเกาะช้างใต้,Tambon Ko Chang Tai,2307,11.996,102.331,2019-08-09T03:33:09.000+07:00,2025-09-20T06:31:26.000+07:00,
240101,24000,ตำบลหน้าเมือง,Tambon Na Mueang,2401,13.686,101.066,2019-08-09T03:33:09.000+07:00,2025-09-20T06:31:26.000+07:00,
240102,24000,ตำบลท่าไข่,Tambon Tha Khai,2401,13.736,101.06,2019-08-09T03:33:09.000+07:00,2025-09-20T06:31:26.000+07:00,
240103,24000,ตำบลบ้านใหม่,Tambon Ban Mai,2401,13.707,101.1,2019-08-09T03:33:09.000+07:00,2025-09-20T06:31:26.000+07:00,
240104,24000,ตำบลคลองนา,Tambon Khlong Na,2401,13.648,101.102,2019-08-09T03:33:09.000+07:00,2025-09-20T06:31:26.000+07:00,
240105,24000,ตำบลบางตีนเป็ด,Tambon Khlong Na,2401,13.661,101.075,2019-08-09T03:33:09.000+07:00,2025-09-20T06:31:26.000+07:00,
240106,24000,ตำบลบางไผ่,Tambon Bang Phai,2401,13.692,101.102,2019-08-09T03:33:09.000+07:00,2025-09-20T06:31:26.000+07:00,
240107,24000,ตำบลคลองจุกกระเฌอ,Tambon Khlong Chuk Krachoe,2401,13.686,101.125,2019-08-09T03:33:09.000+07:00,2025-09-20T06:31:26.000+07:00,
240108,24000,ตำบลบางแก้ว,Tambon Bang Kaeo,2401,13.765,101.094,2019-08-09T03:33:09.000+07:00,2025-09-20T06:31:26.000+07:00,
240109,24000,ตำบลบางขวัญ,Tambon Bang Khwan,2401,13.78,101.054,2019-08-09T03:33:09.000+07:00,2025-09-20T06:31:26.000+07:00,
240110,24000,ตำบลคลองนครเนื่องเขต,Tambon Khlong Nakhon Nueang Khet,2401,13.766,101.008,2019-08-09T03:33:09.000+07:00,2025-09-20T06:31:26.000+07:00,
240111,24000,ตำบลวังตะเคียน,Tambon Wang Takhian,2401,13.719,101.034,2019-08-09T03:33:09.000+07:00,2025-09-20T06:31:26.000+07:00,
240112,24000,ตำบลโสธร,Tambon Sothon,2401,13.68,101.053,2019-08-09T03:33:09.000+07:00,2025-09-20T06:31:26.000+07:00,
240113,24000,ตำบลบางพระ,Tambon Bang Phra,2401,13.653,101.02,2019-08-09T03:33:09.000+07:00,2025-09-20T06:31:26.000+07:00,
240114,24000,ตำบลบางกะไห,Tambon Bang Kahai,2401,,,2019-08-09T03:33:09.000+07:00,2025-09-20T06:31:26.000+07:00,
240115,24000,ตำบลหนามแดง,Tambon Nam Daeng,2401,13.736,100.989,2019-08-09T03:33:09.000+07:00,2025-09-20T06:31:26.000+07:00,
240116,24000,ตำบลคลองเปรง,Tambon Khlong Preng,2401,13.707,100.933,2019-08-09T03:33:09.000+07:00,2025-09-20T06:31:26.000+07:00,
240117,24000,ตำบลคลองอุดมชลจร,Tambon Khlong Udom Chonlachon,2401,13.736,100.92,2019-08-09T03:33:09.000+07:00,2025-09-20T06:31:26.000+07:00,
240118,24000,ตำบลคลองหลวงแพ่ง,Tambon Khlong Luang Phaeng,2401,13.78,100.927,2019-08-09T03:33:09.000+07:00,2025-09-20T06:31:26.000+07:00,
240119,24000,ตำบลบางเตย,Tambon Bang Toei,2401,13.706,100.993,2019-08-09T03:33:09.000+07:00,2025-09-20T06:31:26.000+07:00,
240201,24110,ตำบลบางคล้า,Tambon Bang Khla,2402,13.722,101.21,2019-08-09T03:33:09.000+07:00,2025-09-20T06:31:26.000+07:00,
240204,24110,ตำบลบางสวน,Tambon Bang Suan,2402,13.696,101.177,2019-08-09T03:33:09.000+07:00,2025-09-20T06:31:26.000+07:00,
240208,24110,ตำบลบางกระเจ็ด,Tambon Bang Krachet,2402,13.852,101.208,2019-08-09T03:33:09.000+07:00,2025-09-20T06:31:26.000+07:00,
240209,24110,ตำบลปากน้ำ,Tambon Pak Nam,2402,13.753,101.212,2019-08-09T03:33:09.000+07:00,2025-09-20T06:31:26.000+07:00,
240210,24110,ตำบลท่าทองหลาง,Tambon Tha Thonglang,2402,13.694,101.229,2019-08-09T03:33:09.000+07:00,2025-09-20T06:31:26.000+07:00,
240211,24110,ตำบลสาวชะโงก,Tambon Sao Cha-ngok,2402,13.683,101.152,2019-08-09T03:33:09.000+07:00,2025-09-20T06:31:26.000+07:00,
240212,24110,ตำบลเสม็ดเหนือ,Tambon Samet Nuea,2402,13.673,101.201,2019-08-09T03:33:09.000+07:00,2025-09-20T06:31:26.000+07:00,
240213,24110,ตำบลเสม็ดใต้,Tambon Samet Tai,2402,13.653,101.162,2019-08-09T03:33:09.000+07:00,2025-09-20T06:31:26.000+07:00,
240214,24110,ตำบลหัวไทร,Tambon Hua Sai,2402,13.799,101.221,2019-08-09T03:33:09.000+07:00,2025-09-20T06:31:26.000+07:00,
240301,24150,ตำบลบางน้ำเปรี้ยว,Tambon Bang Nam Priao,2403,13.829,101.002,2019-08-09T03:33:09.000+07:00,2025-09-20T06:31:26.000+07:00,
240302,24150,ตำบลบางขนาก,Tambon Bang Khanak,2403,13.858,101.115,2019-08-09T03:33:09.000+07:00,2025-09-20T06:31:26.000+07:00,
240303,24150,ตำบลสิงโตทอง,Tambon Singto Thong,2403,13.911,101.073,2019-08-09T03:33:09.000+07:00,2025-09-20T06:31:26.000+07:00,
240304,24150,ตำบลหมอนทอง,Tambon Mon Thong,2403,13.874,101.043,2019-08-09T03:33:09.000+07:00,2025-09-20T06:31:26.000+07:00,
240305,24170,ตำบลบึงน้ำรักษ์,Tambon Bueng Nam Rak,2403,13.908,100.926,2019-08-09T03:33:09.000+07:00,2025-09-20T06:31:26.000+07:00,
240306,24170,ตำบลดอนเกาะกา,Tambon Don Ko Ka,2403,13.944,101.016,2019-08-09T03:33:09.000+07:00,2025-09-20T06:31:26.000+07:00,
240307,24150,ตำบลโยธะกา,Tambon Yothaka,2403,13.925,101.128,2019-08-09T03:33:09.000+07:00,2025-09-20T06:31:26.000+07:00,
240308,24170,ตำบลดอนฉิมพลี,Tambon Don Chimphli,2403,13.908,100.964,2019-08-09T03:33:09.000+07:00,2025-09-20T06:31:26.000+07:00,
240309,24000,ตำบลศาลาแดง,Tambon Sala Daeng,2403,13.838,100.928,2019-08-09T03:33:09.000+07:00,2025-09-20T06:31:26.000+07:00,
240310,24150,ตำบลโพรงอากาศ,Tambon Phrong Akat,2403,13.827,101.062,2019-08-09T03:33:09.000+07:00,2025-09-20T06:31:26.000+07:00,
240401,24130,ตำบลบางปะกง,Tambon Bang Pakong,2404,13.496,100.966,2019-08-09T03:33:09.000+07:00,2025-09-20T06:31:26.000+07:00,
240402,24130,ตำบลท่าสะอ้าน,Tambon Tha Sa-an,2404,13.553,100.995,2019-08-09T03:33:09.000+07:00,2025-09-20T06:31:26.000+07:00,
240403,24180,ตำบลบางวัว,Tambon Bang Wua,2404,13.569,100.964,2019-08-09T03:33:09.000+07:00,2025-09-20T06:31:26.000+07:00,
240404,24180,ตำบลบางสมัคร,Tambon Bang Samak,2404,13.575,100.936,2019-08-09T03:33:09.000+07:00,2025-09-20T06:31:26.000+07:00,
240405,24130,ตำบลบางผึ้ง,Tambon Bang Phueng,2404,13.527,101.054,2019-08-09T03:33:09.000+07:00,2025-09-20T06:31:26.000+07:00,
240406,24180,ตำบลบางเกลือ,Tambon Bang Kluea,2404,13.526,100.919,2019-08-09T03:33:09.000+07:00,2025-09-20T06:31:26.000+07:00,
240407,24130,ตำบลสองคลอง,Tambon Song Khlong,2404,13.484,100.91,2019-08-09T03:33:09.000+07:00,2025-09-20T06:31:26.000+07:00,
240408,24130,ตำบลหนองจอก,Tambon Nong Chok,2404,13.603,100.989,2019-08-09T03:33:09.000+07:00,2025-09-20T06:31:26.000+07:00,
240409,24130,ตำบลพิมพา,Tambon Phimpha,2404,13.599,100.937,2019-08-09T03:33:09.000+07:00,2025-09-20T06:31:26.000+07:00,
240410,24130,ตำบลท่าข้าม,Tambon Tha Kham,2404,13.479,100.994,2019-08-09T03:33:09.000+07:00,2025-09-20T06:31:26.000+07:00,
240411,24180,ตำบลหอมศีล,Tambon Hom Sin,2404,13.543,100.892,2019-08-09T03:33:09.000+07:00,2025-09-20T06:31:26.000+07:00,
240412,24130,ตำบลเขาดิน,Tambon Khao Din,2404,13.528,101.026,2019-08-09T03:33:09.000+07:00,2025-09-20T06:31:26.000+07:00,
240501,24140,ตำบลบ้านโพธิ์,Tambon Ban Pho,2405,13.588,101.086,2019-08-09T03:33:09.000+07:00,2025-09-20T06:31:26.000+07:00,
240502,24140,ตำบลเกาะไร่,Tambon Ko Rai,2405,13.678,100.958,2019-08-09T03:33:09.000+07:00,2025-09-20T06:31:26.000+07:00,
240503,24140,ตำบลคลองขุด,Tambon Khlong Khut,2405,13.611,101.194,2019-08-09T03:33:09.000+07:00,2025-09-20T06:31:26.000+07:00,
240504,24140,ตำบลคลองบ้านโพธิ์,Tambon Khlong Ban Pho,2405,13.572,101.057,2019-08-09T03:33:09.000+07:00,2025-09-20T06:31:26.000+07:00,
240505,24140,ตำบลคลองประเวศ,Tambon Khlong Prawet,2405,13.63,101.024,2019-08-09T03:33:09.000+07:00,2025-09-20T06:31:26.000+07:00,
240506,24140,ตำบลดอนทราย,Tambon Don Sai,2405,13.631,101.125,2019-08-09T03:33:09.000+07:00,2025-09-20T06:31:26.000+07:00,
240507,24140,ตำบลเทพราช,Tambon Theppharat,2405,13.641,100.982,2019-08-09T03:33:09.000+07:00,2025-09-20T06:31:26.000+07:00,
240508,24140,ตำบลท่าพลับ,Tambon Tha Phlap,2405,13.616,101.075,2019-08-09T03:33:09.000+07:00,2025-09-20T06:31:26.000+07:00,
240509,24140,ตำบลหนองตีนนก,Tambon Nong Tin Nok,2405,13.585,101.107,2019-08-09T03:33:09.000+07:00,2025-09-20T06:31:26.000+07:00,
240510,24140,ตำบลหนองบัว,Tambon Nong Bua,2405,13.617,101.101,2019-08-09T03:33:09.000+07:00,2025-09-20T06:31:26.000+07:00,
240511,24140,ตำบลบางซ่อน,Tambon Bang Son,2405,13.558,101.058,2019-08-09T03:33:09.000+07:00,2025-09-20T06:31:26.000+07:00,
240512,24140,ตำบลบางกรูด,Tambon Bang Krut,2405,13.633,101.078,2019-08-09T03:33:09.000+07:00,2025-09-20T06:31:26.000+07:00,
240513,24140,ตำบลแหลมประดู่,Tambon Laem Pradu,2405,13.597,101.209,2019-08-09T03:33:09.000+07:00,2025-09-20T06:31:26.000+07:00,
240514,24140,ตำบลลาดขวาง,Tambon Lat Khwang,2405,13.605,101.023,2019-08-09T03:33:09.000+07:00,2025-09-20T06:31:26.000+07:00,
240515,24140,ตำบลสนามจันทร์,Tambon Sanam Chan,2405,13.594,101.066,2019-08-09T03:33:09.000+07:00,2025-09-20T06:31:26.000+07:00,
240516,24140,ตำบลแสนภูดาษ,Tambon Saen Phu Dat,2405,13.582,101.015,2019-08-09T03:33:09.000+07:00,2025-09-20T06:31:26.000+07:00,
240517,24140,ตำบลสิบเอ็ดศอก,Tambon Sip Et Sok,2405,13.605,101.148,2019-08-09T03:33:09.000+07:00,2025-09-20T06:31:26.000+07:00,
240601,24120,ตำบลเกาะขนุน,Tambon Ko Khanun,2406,13.695,101.399,2019-08-09T03:33:09.000+07:00,2025-09-20T06:31:26.000+07:00,
240602,24120,ตำบลบ้านซ่อง,Tambon Ban Song,2406,13.803,101.403,2019-08-09T03:33:09.000+07:00,2025-09-20T06:31:26.000+07:00,
240603,24120,ตำบลพนมสารคาม,Tambon Phanom Sarakham,2406,13.771,101.324,2019-08-09T03:33:09.000+07:00,2025-09-20T06:31:26.000+07:00,
240604,24120,ตำบลเมืองเก่า,Tambon Mueang Kao,2406,13.728,101.319,2019-08-09T03:33:09.000+07:00,2025-09-20T06:31:26.000+07:00,
240605,24120,ตำบลหนองยาว,Tambon Nong Yao,2406,13.816,101.351,2019-08-09T03:33:09.000+07:00,2025-09-20T06:31:26.000+07:00,
240606,24120,ตำบลท่าถ่าน,Tambon Tha Than,2406,13.76,101.383,2019-08-09T03:33:09.000+07:00,2025-09-20T06:31:26.000+07:00,
240607,24120,ตำบลหนองแหน,Tambon Nong Nae,2406,13.661,101.335,2019-08-09T03:33:09.000+07:00,2025-09-20T06:31:26.000+07:00,
240608,24120,ตำบลเขาหินซ้อน,Tambon Khao Hin Son,2406,13.75,101.494,2019-08-09T03:33:09.000+07:00,2025-09-20T06:31:26.000+07:00,
240701,24120,ตำบลบางคา,Tambon Bang Kha,2407,13.788,101.278,2019-08-09T03:33:09.000+07:00,2025-09-20T06:31:26.000+07:00,
240702,24120,ตำบลเมืองใหม่,Tambon Mueang Mai,2407,13.715,101.278,2019-08-09T03:33:09.000+07:00,2025-09-20T06:31:26.000+07:00,
240703,24120,ตำบลดงน้อย,Tambon Dong Noi,2407,13.836,101.291,2019-08-09T03:33:09.000+07:00,2025-09-20T06:31:26.000+07:00,
240801,24160,ตำบลคู้ยายหมี,Tambon Khu Yai Mi,2408,13.644,101.461,2019-08-09T03:33:09.000+07:00,2025-09-20T06:31:26.000+07:00,
240802,24160,ตำบลท่ากระดาน,Tambon Tha Kradan,2408,13.606,101.71,2019-08-09T03:33:09.000+07:00,2025-09-20T06:31:26.000+07:00,
240803,24160,ตำบลทุ่งพระยา,Tambon Thung Phraya,2408,13.687,101.745,2019-08-09T03:33:09.000+07:00,2025-09-20T06:31:26.000+07:00,
240805,24160,ตำบลลาดกระทิง,Tambon Lat Krathing,2408,13.548,101.475,2019-08-09T03:33:09.000+07:00,2025-09-20T06:31:26.000+07:00,
240901,24190,ตำบลแปลงยาว,Tambon Plaeng Yao,2409,13.599,101.293,2019-08-09T03:33:09.000+07:00,2025-09-20T06:31:26.000+07:00,
240902,24190,ตำบลวังเย็น,Tambon Wang Yen,2409,13.536,101.334,2019-08-09T03:33:09.000+07:00,2025-09-20T06:31:26.000+07:00,
240903,24190,ตำบลหัวสำโรง,Tambon Hua Samrong,2409,13.624,101.315,2019-08-09T03:33:09.000+07:00,2025-09-20T06:31:26.000+07:00,
240904,24190,ตำบลหนองไม้แก่น,Tambon Nong Mai Kaen,2409,13.504,101.404,2019-08-09T03:33:09.000+07:00,2025-09-20T06:31:26.000+07:00,
241001,24160,ตำบลท่าตะเกียบ,Tambon Tha Takiap,2410,13.508,101.639,2019-08-09T03:33:09.000+07:00,2025-09-20T06:31:26.000+07:00,
241002,24160,ตำบลคลองตะเกรา,Tambon Khlong Takrao,2410,13.299,101.739,2019-08-09T03:33:09.000+07:00,2025-09-20T06:31:26.000+07:00,
241101,24000,ตำบลก้อนแก้ว,Tambon Kon Kaeo,2411,13.765,101.136,2019-08-09T03:33:09.000+07:00,2025-09-20T06:31:26.000+07:00,
241102,24000,ตำบลคลองเขื่อน,Tambon Khlong Khuean,2411,13.772,101.185,2019-08-09T03:33:09.000+07:00,2025-09-20T06:31:26.000+07:00,
241103,24000,ตำบลบางเล่า,Tambon Bang Lao,2411,13.721,101.15,2019-08-09T03:33:09.000+07:00,2025-09-20T06:31:26.000+07:00,
241104,24000,ตำบลบางโรง,Tambon Bang Rong,2411,13.824,101.137,2019-08-09T03:33:09.000+07:00,2025-09-20T06:31:26.000+07:00,
241105,24110,ตำบลบางตลาด,Tambon Bang Talat,2411,13.736,101.165,2019-08-09T03:33:09.000+07:00,2025-09-20T06:31:26.000+07:00,
250101,25000,ตำบลหน้าเมือง,Tambon Na Mueang,2501,14.057,101.374,2019-08-09T03:33:09.000+07:00,2025-09-20T06:31:26.000+07:00,
250102,25000,ตำบลรอบเมือง,Tambon Na Mueang,2501,14.066,101.327,2019-08-09T03:33:09.000+07:00,2025-09-20T06:31:26.000+07:00,
250103,25000,ตำบลวัดโบสถ์,Tambon Wat Bot,2501,14.034,101.31,2019-08-09T03:33:09.000+07:00,2025-09-20T06:31:26.000+07:00,
250104,25000,ตำบลบางเดชะ,Tambon Bang Decha,2501,13.991,101.33,2019-08-09T03:33:09.000+07:00,2025-09-20T06:31:26.000+07:00,
250105,25000,ตำบลท่างาม,Tambon Tha Ngam,2501,14.017,101.413,2019-08-09T03:33:09.000+07:00,2025-09-20T06:31:26.000+07:00,
250106,25000,ตำบลบางบริบูรณ์,Tambon Bang Boribun,2501,14.039,101.429,2019-08-09T03:33:09.000+07:00,2025-09-20T06:31:26.000+07:00,
250107,25000,ตำบลดงพระราม,Tambon Dong Phra Ram,2501,14.072,101.394,2019-08-09T03:33:09.000+07:00,2025-09-20T06:31:26.000+07:00,
250108,25230,ตำบลบ้านพระ,Tambon Ban Phra,2501,14.116,101.361,2019-08-09T03:33:09.000+07:00,2025-09-20T06:31:26.000+07:00,
250109,25230,ตำบลโคกไม้ลาย,Tambon Khok Mai Lai,2501,14.14,101.298,2019-08-09T03:33:09.000+07:00,2025-09-20T06:31:26.000+07:00,
250110,25230,ตำบลไม้เค็ด,Tambon Mai Khet,2501,,,2019-08-09T03:33:09.000+07:00,2025-09-20T06:31:26.000+07:00,
250111,25000,ตำบลดงขี้เหล็ก,Tambon Dong Khilek,2501,14.132,101.439,2019-08-09T03:33:09.000+07:00,2025-09-20T06:31:26.000+07:00,
250112,25230,ตำบลเนินหอม,Tambon Noen Hom,2501,14.181,101.378,2019-08-09T03:33:09.000+07:00,2025-09-20T06:31:26.000+07:00,
250113,25000,ตำบลโนนห้อม,Tambon Non Hom,2501,14.094,101.463,2019-08-09T03:33:09.000+07:00,2025-09-20T06:31:26.000+07:00,
250201,25110,ตำบลกบินทร์,Tambon Kabin,2502,13.939,101.711,2019-08-09T03:33:09.000+07:00,2025-09-20T06:31:26.000+07:00,
250202,25240,ตำบลเมืองเก่า,Tambon Mueang Kao,2502,13.999,101.77,2019-08-09T03:33:09.000+07:00,2025-09-20T06:31:26.000+07:00,
250203,25110,ตำบลวังดาล,Tambon Wang Dan,2502,14.006,101.645,2019-08-09T03:33:09.000+07:00,2025-09-20T06:31:26.000+07:00,
250204,25110,ตำบลนนทรี,Tambon Nonsi,2502,14.056,101.668,2019-08-09T03:33:09.000+07:00,2025-09-20T06:31:26.000+07:00,
250205,25110,ตำบลย่านรี,Tambon Yan Ri,2502,13.897,101.785,2019-08-09T03:33:09.000+07:00,2025-09-20T06:31:26.000+07:00,
250206,25110,ตำบลวังตะเคียน,Tambon Wang Takhian,2502,13.849,101.87,2019-08-09T03:33:09.000+07:00,2025-09-20T06:31:26.000+07:00,
250207,25110,ตำบลหาดนางแก้ว,Tambon Hat Nang Kaeo,2502,13.963,101.642,2019-08-09T03:33:09.000+07:00,2025-09-20T06:31:26.000+07:00,
250208,25110,ตำบลลาดตะเคียน,Tambon Lat Takhian,2502,13.873,101.658,2019-08-09T03:33:09.000+07:00,2025-09-20T06:31:26.000+07:00,
250209,25110,ตำบลบ้านนา,Tambon Ban Na,2502,13.99,101.88,2019-08-09T03:33:09.000+07:00,2025-09-20T06:31:26.000+07:00,
250210,25110,ตำบลบ่อทอง,Tambon Bo Thong,2502,13.935,101.881,2019-08-09T03:33:09.000+07:00,2025-09-20T06:31:26.000+07:00,
250211,25110,ตำบลหนองกี่,Tambon Nong Ki,2502,14.068,101.841,2019-08-09T03:33:09.000+07:00,2025-09-20T06:31:26.000+07:00,
250212,25110,ตำบลนาแขม,Tambon Na Khaem,2502,14.052,101.723,2019-08-09T03:33:09.000+07:00,2025-09-20T06:31:26.000+07:00,
250213,25110,ตำบลเขาไม้แก้ว,Tambon Khao Mai Kaeo,2502,13.801,101.775,2019-08-09T03:33:09.000+07:00,2025-09-20T06:31:26.000+07:00,
250214,25110,ตำบลวังท่าช้าง,Tambon Wang Tha Chang,2502,13.694,101.885,2019-08-09T03:33:09.000+07:00,2025-09-20T06:31:26.000+07:00,
250301,25220,ตำบลนาดี,Tambon Na Di,2503,14.189,101.792,2019-08-09T03:33:09.000+07:00,2025-09-20T06:31:26.000+07:00,
250302,25220,ตำบลสำพันตา,Tambon Samphan Ta,2503,14.081,101.766,2019-08-09T03:33:09.000+07:00,2025-09-20T06:31:26.000+07:00,
250303,25220,ตำบลสะพานหิน,Tambon Saphan Hin,2503,14.152,101.665,2019-08-09T03:33:09.000+07:00,2025-09-20T06:31:26.000+07:00,
250304,25220,ตำบลทุ่งโพธิ์,Tambon Thung Pho,2503,14.141,101.889,2019-08-09T03:33:09.000+07:00,2025-09-20T06:31:26.000+07:00,
250305,25220,ตำบลแก่งดินสอ,Tambon Kaeng Dinso,2503,14.095,101.984,2019-08-09T03:33:09.000+07:00,2025-09-20T06:31:26.000+07:00,
250306,25220,ตำบลบุพราหมณ์,Tambon Bu Phram,2503,14.268,101.872,2019-08-09T03:33:09.000+07:00,2025-09-20T06:31:26.000+07:00,
250601,25150,ตำบลบ้านสร้าง,Tambon Ban Sang,2506,14.026,101.21,2019-08-09T03:33:09.000+07:00,2025-09-20T06:31:26.000+07:00,
250602,25150,ตำบลบางกระเบา,Tambon Bang Krabao,2506,13.984,101.202,2019-08-09T03:33:09.000+07:00,2025-09-20T06:31:26.000+07:00,
250603,25150,ตำบลบางเตย,Tambon Bang Toei,2506,13.946,101.223,2019-08-09T03:33:09.000+07:00,2025-09-20T06:31:26.000+07:00,
250604,25150,ตำบลบางยาง,Tambon Bang Yang,2506,13.94,101.175,2019-08-09T03:33:09.000+07:00,2025-09-20T06:31:26.000+07:00,
250605,25150,ตำบลบางแตน,Tambon Bang Taen,2506,13.89,101.177,2019-08-09T03:33:09.000+07:00,2025-09-20T06:31:26.000+07:00,
250606,25150,ตำบลบางพลวง,Tambon Bang Phluang,2506,13.986,101.282,2019-08-09T03:33:09.000+07:00,2025-09-20T06:31:26.000+07:00,
250607,25150,ตำบลบางปลาร้า,Tambon Bang Pla Ra,2506,13.926,101.313,2019-08-09T03:33:09.000+07:00,2025-09-20T06:31:26.000+07:00,
250608,25150,ตำบลบางขาม,Tambon Bang Kham,2506,13.893,101.274,2019-08-09T03:33:09.000+07:00,2025-09-20T06:31:26.000+07:00,
250609,25150,ตำบลกระทุ่มแพ้ว,Tambon Krathum Phaeo,2506,13.891,101.346,2019-08-09T03:33:09.000+07:00,2025-09-20T06:31:26.000+07:00,
250701,25130,ตำบลประจันตคาม,Tambon Prachantakham,2507,14.055,101.497,2019-08-09T03:33:09.000+07:00,2025-09-20T06:31:26.000+07:00,
250702,25130,ตำบลเกาะลอย,Tambon Ko Loi,2507,14.021,101.515,2019-08-09T03:33:09.000+07:00,2025-09-20T06:31:26.000+07:00,
250703,25130,ตำบลบ้านหอย,Tambon Ban Hoi,2507,13.996,101.567,2019-08-09T03:33:09.000+07:00,2025-09-20T06:31:26.000+07:00,
250704,25130,ตำบลหนองแสง,Tambon Nong Saeng,2507,14.052,101.563,2019-08-09T03:33:09.000+07:00,2025-09-20T06:31:26.000+07:00,
250705,25130,ตำบลดงบัง,Tambon Dong Bang,2507,14.02,101.579,2019-08-09T03:33:09.000+07:00,2025-09-20T06:31:26.000+07:00,
250706,25130,ตำบลคำโตนด,Tambon Kham Tanot,2507,14.112,101.597,2019-08-09T03:33:09.000+07:00,2025-09-20T06:31:26.000+07:00,
250707,25130,ตำบลบุฝ้าย,Tambon Bu Fai,2507,14.298,101.601,2019-08-09T03:33:09.000+07:00,2025-09-20T06:31:26.000+07:00,
250708,25130,ตำบลหนองแก้ว,Tambon Nong Kaeo,2507,14.111,101.548,2019-08-09T03:33:09.000+07:00,2025-09-20T06:31:26.000+07:00,
250709,25130,ตำบลโพธิ์งาม,Tambon Pho Ngam,2507,14.214,101.466,2019-08-09T03:33:09.000+07:00,2025-09-20T06:31:26.000+07:00,
250801,25140,ตำบลศรีมหาโพธิ,Tambon Si Maha Phot,2508,13.849,101.567,2019-08-09T03:33:09.000+07:00,2025-09-20T06:31:26.000+07:00,
250802,25140,ตำบลสัมพันธ์,Tambon Samphan,2508,13.997,101.48,2019-08-09T03:33:09.000+07:00,2025-09-20T06:31:26.000+07:00,
250803,25140,ตำบลบ้านทาม,Tambon Ban Tham,2508,13.976,101.552,2019-08-09T03:33:09.000+07:00,2025-09-20T06:31:26.000+07:00,
250804,25140,ตำบลท่าตูม,Tambon Tha Tum,2508,13.932,101.571,2019-08-09T03:33:09.000+07:00,2025-09-20T06:31:26.000+07:00,
250805,25140,ตำบลบางกุ้ง,Tambon Bang Kung,2508,13.964,101.483,2019-08-09T03:33:09.000+07:00,2025-09-20T06:31:26.000+07:00,
250806,25140,ตำบลดงกระทงยาม,Tambon Dong Krathong Yam,2508,13.958,101.426,2019-08-09T03:33:09.000+07:00,2025-09-20T06:31:26.000+07:00,
250807,25140,ตำบลหนองโพรง,Tambon Nong Phrong,2508,13.787,101.581,2019-08-09T03:33:09.000+07:00,2025-09-20T06:31:26.000+07:00,
250808,25140,ตำบลหัวหว้า,Tambon Hua Wa,2508,13.908,101.461,2019-08-09T03:33:09.000+07:00,2025-09-20T06:31:26.000+07:00,
250809,25140,ตำบลหาดยาง,Tambon Hat Yang,2508,13.988,101.432,2019-08-09T03:33:09.000+07:00,2025-09-20T06:31:26.000+07:00,
250810,25140,ตำบลกรอกสมบูรณ์,Tambon Krok Sombun,2508,13.767,101.66,2019-08-09T03:33:09.000+07:00,2025-09-20T06:31:26.000+07:00,
250901,25190,ตำบลโคกปีบ,Tambon Khok Pip,2509,13.88,101.412,2019-08-09T03:33:09.000+07:00,2025-09-20T06:31:26.000+07:00,
250902,25190,ตำบลโคกไทย,Tambon Khok Thai,2509,13.845,101.448,2019-08-09T03:33:09.000+07:00,2025-09-20T06:31:26.000+07:00,
250903,25190,ตำบลคู้ลำพัน,Tambon Khu Lam Phan,2509,13.926,101.41,2019-08-09T03:33:09.000+07:00,2025-09-20T06:31:26.000+07:00,
250904,25190,ตำบลไผ่ชะเลือด,Tambon Phai Cha Lueat,2509,13.919,101.372,2019-08-09T03:33:09.000+07:00,2025-09-20T06:31:26.000+07:00,
260101,26000,ตำบลนครนายก,Tambon Nakhon Nayok,2601,14.204,101.219,2019-08-09T03:33:09.000+07:00,2025-09-20T06:31:26.000+07:00,
260102,26000,ตำบลท่าช้าง,Tambon Tha Chang,2601,14.192,101.176,2019-08-09T03:33:09.000+07:00,2025-09-20T06:31:26.000+07:00,
260103,26000,ตำบลบ้านใหญ่,Tambon Ban Yai,2601,14.221,101.225,2019-08-09T03:33:09.000+07:00,2025-09-20T06:31:26.000+07:00,
260104,26000,ตำบลวังกระโจม,Tambon Wang Krachom,2601,14.176,101.212,2019-08-09T03:33:09.000+07:00,2025-09-20T06:31:26.000+07:00,
260105,26000,ตำบลท่าทราย,Tambon Tha Sai,2601,14.174,101.111,2019-08-09T03:33:09.000+07:00,2025-09-20T06:31:26.000+07:00,
260106,26000,ตำบลดอนยอ,Tambon Don Yo,2601,14.128,101.109,2019-08-09T03:33:09.000+07:00,2025-09-20T06:31:26.000+07:00,
260107,26000,ตำบลศรีจุฬา,Tambon Si Chula,2601,14.072,101.132,2019-08-09T03:33:09.000+07:00,2025-09-20T06:31:26.000+07:00,
260108,26000,ตำบลดงละคร,Tambon Dong Lakhon,2601,14.136,101.167,2019-08-09T03:33:09.000+07:00,2025-09-20T06:31:26.000+07:00,
260109,26000,ตำบลศรีนาวา,Tambon Si Nawa,2601,14.209,101.267,2019-08-09T03:33:09.000+07:00,2025-09-20T06:31:26.000+07:00,
260110,26000,ตำบลสาริกา,Tambon Sarika,2601,14.359,101.261,2019-08-09T03:33:09.000+07:00,2025-09-20T06:31:26.000+07:00,
260111,26000,ตำบลหินตั้ง,Tambon Hin Tang,2601,14.408,101.352,2019-08-09T03:33:09.000+07:00,2025-09-20T06:31:26.000+07:00,
260112,26000,ตำบลเขาพระ,Tambon Khao Phra,2601,14.301,101.212,2019-08-09T03:33:09.000+07:00,2025-09-20T06:31:26.000+07:00,
260113,26000,ตำบลพรหมณี,Tambon Phrommani,2601,14.264,101.164,2019-08-09T03:33:09.000+07:00,2025-09-20T06:31:26.000+07:00,
260201,26130,ตำบลเกาะหวาย,Tambon Ko Wai,2602,14.175,101.271,2019-08-09T03:33:09.000+07:00,2025-09-20T06:31:26.000+07:00,
260202,26130,ตำบลเกาะโพธิ์,Tambon Ko Pho,2602,14.156,101.231,2019-08-09T03:33:09.000+07:00,2025-09-20T06:31:26.000+07:00,
260203,26130,ตำบลปากพลี,Tambon Pak Phli,2602,14.132,101.263,2019-08-09T03:33:09.000+07:00,2025-09-20T06:31:26.000+07:00,
260204,26130,ตำบลโคกกรวด,Tambon Khok Kruat,2602,14.18,101.306,2019-08-09T03:33:09.000+07:00,2025-09-20T06:31:26.000+07:00,
260205,26130,ตำบลท่าเรือ,Tambon Tha Ruea,2602,14.085,101.235,2019-08-09T03:33:09.000+07:00,2025-09-20T06:31:26.000+07:00,
260206,26130,ตำบลหนองแสง,Tambon Nong Saeng,2602,14.211,101.307,2019-08-09T03:33:09.000+07:00,2025-09-20T06:31:26.000+07:00,
260207,26130,ตำบลนาหินลาด,Tambon Na Hin Lat,2602,14.317,101.457,2019-08-09T03:33:09.000+07:00,2025-09-20T06:31:26.000+07:00,
260301,26110,ตำบลบ้านนา,Tambon Ban Na,2603,14.262,101.059,2019-08-09T03:33:09.000+07:00,2025-09-20T06:31:26.000+07:00,
260302,26110,ตำบลบ้านพร้าว,Tambon Ban Phrao,2603,14.222,101.101,2019-08-09T03:33:09.000+07:00,2025-09-20T06:31:26.000+07:00,
260303,26110,ตำบลบ้านพริก,Tambon Ban Phrik,2603,14.252,100.976,2019-08-09T03:33:09.000+07:00,2025-09-20T06:31:26.000+07:00,
260304,26110,ตำบลอาษา,Tambon Asa,2603,14.226,101.009,2019-08-09T03:33:09.000+07:00,2025-09-20T06:31:26.000+07:00,
260305,26110,ตำบลทองหลาง,Tambon Thonglang,2603,14.207,101.037,2019-08-09T03:33:09.000+07:00,2025-09-20T06:31:26.000+07:00,
260306,26110,ตำบลบางอ้อ,Tambon Bang O,2603,14.176,101.069,2019-08-09T03:33:09.000+07:00,2025-09-20T06:31:26.000+07:00,
260307,26110,ตำบลพิกุลออก,Tambon Phikun Ok,2603,14.244,101.027,2019-08-09T03:33:09.000+07:00,2025-09-20T06:31:26.000+07:00,
260308,26110,ตำบลป่าขะ,Tambon Pa Kha,2603,14.297,101.065,2019-08-09T03:33:09.000+07:00,2025-09-20T06:31:26.000+07:00,
260309,26110,ตำบลเขาเพิ่ม,Tambon Khao Phoem,2603,14.362,101.096,2019-08-09T03:33:09.000+07:00,2025-09-20T06:31:26.000+07:00,
260310,26110,ตำบลศรีกะอาง,Tambon Si Ka-ang,2603,14.308,101.117,2019-08-09T03:33:09.000+07:00,2025-09-20T06:31:26.000+07:00,
260401,26120,ตำบลพระอาจารย์,Tambon Phra Achan,2604,13.986,101.02,2019-08-09T03:33:09.000+07:00,2025-09-20T06:31:26.000+07:00,
260402,26120,ตำบลบึงศาล,Tambon Bueng San,2604,14.052,100.938,2019-08-09T03:33:09.000+07:00,2025-09-20T06:31:26.000+07:00,
260403,26120,ตำบลศีรษะกระบือ,Tambon Sisa Krabue,2604,,,2019-08-09T03:33:09.000+07:00,2025-09-20T06:31:26.000+07:00,
260404,26120,ตำบลโพธิ์แทน,Tambon Pho Thaen,2604,14.208,100.949,2019-08-09T03:33:09.000+07:00,2025-09-20T06:31:26.000+07:00,
260405,26120,ตำบลบางสมบูรณ์,Tambon Bang Sombun,2604,14.021,101.112,2019-08-09T03:33:09.000+07:00,2025-09-20T06:31:26.000+07:00,
260406,26120,ตำบลทรายมูล,Tambon Sai Mun,2604,14.123,101.069,2019-08-09T03:33:09.000+07:00,2025-09-20T06:31:26.000+07:00,
260407,26120,ตำบลบางปลากด,Tambon Bang Pla Kot,2604,14.166,100.971,2019-08-09T03:33:09.000+07:00,2025-09-20T06:31:26.000+07:00,
260408,26120,ตำบลบางลูกเสือ,Tambon Bang Luk Suea,2604,14.054,101.066,2019-08-09T03:33:09.000+07:00,2025-09-20T06:31:26.000+07:00,
260409,26120,ตำบลองครักษ์,Tambon Ongkharak,2604,14.107,101.005,2019-08-09T03:33:09.000+07:00,2025-09-20T06:31:26.000+07:00,
260410,26120,ตำบลชุมพล,Tambon Chumphon,2604,13.99,100.937,2019-08-09T03:33:09.000+07:00,2025-09-20T06:31:26.000+07:00,
260411,26120,ตำบลคลองใหญ่,Tambon Khlong Yai,2604,14.127,100.98,2019-08-09T03:33:09.000+07:00,2025-09-20T06:31:26.000+07:00,
270101,27000,ตำบลสระแก้ว,Tambon Sa Kaeo,2701,13.803,102.077,2019-08-09T03:33:09.000+07:00,2025-09-20T06:31:26.000+07:00,
270102,27000,ตำบลบ้านแก้ง,Tambon Ban Kaeng,2701,13.984,101.99,2019-08-09T03:33:09.000+07:00,2025-09-20T06:31:26.000+07:00,
270103,27000,ตำบลศาลาลำดวน,Tambon Sala Lamduan,2701,13.838,101.964,2019-08-09T03:33:09.000+07:00,2025-09-20T06:31:26.000+07:00,
270104,27000,ตำบลโคกปี่ฆ้อง,Tambon Khok Pi Khong,2701,13.925,102.028,2019-08-09T03:33:09.000+07:00,2025-09-20T06:31:26.000+07:00,
270105,27000,ตำบลท่าแยก,Tambon Tha Yaek,2701,14.064,102.266,2019-08-09T03:33:09.000+07:00,2025-09-20T06:31:26.000+07:00,
270106,27000,ตำบลท่าเกษม,Tambon Tha Kasem,2701,13.766,102.164,2019-08-09T03:33:09.000+07:00,2025-09-20T06:31:26.000+07:00,
270108,27000,ตำบลสระขวัญ,Tambon Sa Khwan,2701,13.763,102.008,2019-08-09T03:33:09.000+07:00,2025-09-20T06:31:26.000+07:00,
270111,27000,ตำบลหนองบอน,Tambon Nong Bon,2701,13.85,102.087,2019-08-09T03:33:09.000+07:00,2025-09-20T06:31:26.000+07:00,
270201,27260,ตำบลคลองหาด,Tambon Khlong Hat,2702,13.429,102.329,2019-08-09T03:33:09.000+07:00,2025-09-20T06:31:26.000+07:00,
270202,27260,ตำบลไทยอุดม,Tambon Thai Udom,2702,13.407,102.26,2019-08-09T03:33:09.000+07:00,2025-09-20T06:31:26.000+07:00,
270203,27260,ตำบลซับมะกรูด,Tambon Sap Makrut,2702,13.519,102.228,2019-08-09T03:33:09.000+07:00,2025-09-20T06:31:26.000+07:00,
270204,27260,ตำบลไทรเดี่ยว,Tambon Sai Diao,2702,13.593,102.212,2019-08-09T03:33:09.000+07:00,2025-09-20T06:31:26.000+07:00,
270205,27260,ตำบลคลองไก่เถื่อน,Tambon Khlong Kai Thuean,2702,13.346,102.301,2019-08-09T03:33:09.000+07:00,2025-09-20T06:31:26.000+07:00,
270206,27260,ตำบลเบญจขร,Tambon Benchakhon,2702,13.542,102.307,2019-08-09T03:33:09.000+07:00,2025-09-20T06:31:26.000+07:00,
270207,27260,ตำบลไทรทอง,Tambon Sai Thong,2702,13.614,102.309,2019-08-09T03:33:09.000+07:00,2025-09-20T06:31:26.000+07:00,
270301,27180,ตำบลตาพระยา,Tambon Ta Phraya,2703,13.956,102.764,2019-08-09T03:33:09.000+07:00,2025-09-20T06:31:26.000+07:00,
270302,27180,ตำบลทัพเสด็จ,Tambon Thap Sadet,2703,14.047,102.813,2019-08-09T03:33:09.000+07:00,2025-09-20T06:31:26.000+07:00,
270306,27180,ตำบลทัพราช,Tambon Thap Rat,2703,14.079,102.639,2019-08-09T03:33:09.000+07:00,2025-09-20T06:31:26.000+07:00,
270307,27180,ตำบลทัพไทย,Tambon Thap Thai,2703,14.123,102.845,2019-08-09T03:33:09.000+07:00,2025-09-20T06:31:26.000+07:00,
270309,27180,ตำบลโคคลาน,Tambon Kho Khlan,2703,13.968,102.65,2019-08-09T03:33:09.000+07:00,2025-09-20T06:31:26.000+07:00,
270401,27210,ตำบลวังน้ำเย็น,Tambon Wang Nam Yen,2704,13.517,102.166,2019-08-09T03:33:09.000+07:00,2025-09-20T06:31:26.000+07:00,
270403,27210,ตำบลตาหลังใน,Tambon Ta Lang Nai,2704,13.471,102.13,2019-08-09T03:33:09.000+07:00,2025-09-20T06:31:26.000+07:00,
270405,27210,ตำบลคลองหินปูน,Tambon Khlong Hin Pun,2704,13.606,102.104,2019-08-09T03:33:09.000+07:00,2025-09-20T06:31:26.000+07:00,
270406,27210,ตำบลทุ่งมหาเจริญ,Tambon Thung Maha Charoen,2704,13.482,102.009,2019-08-09T03:33:09.000+07:00,2025-09-20T06:31:26.000+07:00,
270501,27160,ตำบลวัฒนานคร,Tambon Watthana Nakhon,2705,13.741,102.325,2019-08-09T03:33:09.000+07:00,2025-09-20T06:31:26.000+07:00,
270502,27160,ตำบลท่าเกวียน,Tambon Tha Kwian,2705,13.666,102.251,2019-08-09T03:33:09.000+07:00,2025-09-20T06:31:26.000+07:00,
270503,27160,ตำบลผักขะ,Tambon Phak Kha,2705,13.71,102.382,2019-08-09T03:33:09.000+07:00,2025-09-20T06:31:26.000+07:00,
270504,27160,ตำบลโนนหมากเค็ง,Tambon Non Mak Kheng,2705,13.824,102.315,2019-08-09T03:33:09.000+07:00,2025-09-20T06:31:26.000+07:00,
270505,27160,ตำบลหนองน้ำใส,Tambon Nong Nam Sai,2705,13.871,102.341,2019-08-09T03:33:09.000+07:00,2025-09-20T06:31:26.000+07:00,
270506,27160,ตำบลช่องกุ่ม,Tambon Chong Kum,2705,14.001,102.449,2019-08-09T03:33:09.000+07:00,2025-09-20T06:31:26.000+07:00,
270507,27160,ตำบลหนองแวง,Tambon Nong Waeng,2705,13.799,102.372,2019-08-09T03:33:09.000+07:00,2025-09-20T06:31:26.000+07:00,
270508,27160,ตำบลแซร์ออ,Tambon Sae-o,2705,13.974,102.518,2019-08-09T03:33:09.000+07:00,2025-09-20T06:31:26.000+07:00,
270509,27160,ตำบลหนองหมากฝ้าย,Tambon Nong Mak Fai,2705,14.024,102.358,2019-08-09T03:33:09.000+07:00,2025-09-20T06:31:26.000+07:00,
270510,27160,ตำบลหนองตะเคียนบอน,Tambon Nong Takhian Bon,2705,13.916,102.265,2019-08-09T03:33:09.000+07:00,2025-09-20T06:31:26.000+07:00,
270511,27160,ตำบลห้วยโจด,Tambon Huai Chot,2705,13.771,102.281,2019-08-09T03:33:09.000+07:00,2025-09-20T06:31:26.000+07:00,
270601,27120,ตำบลอรัญประเทศ,Tambon Aranprathet,2706,13.68,102.517,2019-08-09T03:33:09.000+07:00,2025-09-20T06:31:26.000+07:00,
270602,27120,ตำบลเมืองไผ่,Tambon Mueang Phai,2706,13.651,102.427,2019-08-09T03:33:09.000+07:00,2025-09-20T06:31:26.000+07:00,
270603,27120,ตำบลหันทราย,Tambon Han Sai,2706,13.806,102.452,2019-08-09T03:33:09.000+07:00,2025-09-20T06:31:26.000+07:00,
270604,27120,ตำบลคลองน้ำใส,Tambon Khlong Nam Sai,2706,13.59,102.514,2019-08-09T03:33:09.000+07:00,2025-09-20T06:31:26.000+07:00,
270605,27120,ตำบลท่าข้าม,Tambon Tha Kham,2706,13.639,102.531,2019-08-09T03:33:09.000+07:00,2025-09-20T06:31:26.000+07:00,
270606,27120,ตำบลป่าไร่,Tambon Pa Rai,2706,13.745,102.585,2019-08-09T03:33:09.000+07:00,2025-09-20T06:31:26.000+07:00,
270607,27120,ตำบลทับพริก,Tambon Thap Phrik,2706,13.506,102.336,2019-08-09T03:33:09.000+07:00,2025-09-20T06:31:26.000+07:00,
270608,27120,ตำบลบ้านใหม่หนองไทร,Tambon Ban Mai Nong Sai,2706,13.715,102.51,2019-08-09T03:33:09.000+07:00,2025-09-20T06:31:26.000+07:00,
270609,27120,ตำบลผ่านศึก,Tambon Phan Suek,2706,13.592,102.432,2019-08-09T03:33:09.000+07:00,2025-09-20T06:31:26.000+07:00,
270610,27120,ตำบลหนองสังข์,Tambon Nong Sang,2706,13.804,102.539,2019-08-09T03:33:09.000+07:00,2025-09-20T06:31:26.000+07:00,
270611,27120,ตำบลคลองทับจันทร์,Tambon Khlong Thap Chan,2706,13.643,102.387,2019-08-09T03:33:09.000+07:00,2025-09-20T06:31:26.000+07:00,
270612,27120,ตำบลฟากห้วย,Tambon Fak Huai,2706,13.646,102.48,2019-08-09T03:33:09.000+07:00,2025-09-20T06:31:26.000+07:00,
270613,27120,ตำบลบ้านด่าน,Tambon Ban Dan,2706,13.746,102.526,2019-08-09T03:33:09.000+07:00,2025-09-20T06:31:26.000+07:00,
270701,27000,ตำบลเขาฉกรรจ์,Tambon Khao Chakan,2707,13.663,102.098,2019-08-09T03:33:09.000+07:00,2025-09-20T06:31:26.000+07:00,
270702,27000,ตำบลหนองหว้า,Tambon Nong Wa,2707,13.672,102.037,2019-08-09T03:33:09.000+07:00,2025-09-20T06:31:26.000+07:00,
270703,27000,ตำบลพระเพลิง,Tambon Phra Phloeng,2707,13.596,102.042,2019-08-09T03:33:09.000+07:00,2025-09-20T06:31:26.000+07:00,
270704,27000,ตำบลเขาสามสิบ,Tambon Khao Sam Sip,2707,13.708,102.118,2019-08-09T03:33:09.000+07:00,2025-09-20T06:31:26.000+07:00,
270801,27120,ตำบลโคกสูง,Tambon Khok Sung,2708,13.831,102.719,2019-08-09T03:33:09.000+07:00,2025-09-20T06:31:26.000+07:00,
270802,27180,ตำบลหนองม่วง,Tambon Nong Muang,2708,13.874,102.582,2019-08-09T03:33:09.000+07:00,2025-09-20T06:31:26.000+07:00,
270803,27180,ตำบลหนองแวง,Tambon Nong Waeng,2708,13.866,102.674,2019-08-09T03:33:09.000+07:00,2025-09-20T06:31:26.000+07:00,
270804,27120,ตำบลโนนหมากมุ่น,Tambon Non Mak Mun,2708,13.774,102.664,2019-08-09T03:33:09.000+07:00,2025-09-20T06:31:26.000+07:00,
270901,27250,ตำบลวังสมบูรณ์,Tambon Wang Sombun,2709,13.344,102.207,2019-08-09T03:33:09.000+07:00,2025-09-20T06:31:26.000+07:00,
270902,27250,ตำบลวังใหม่,Tambon Wang Mai,2709,13.413,102.039,2019-08-09T03:33:09.000+07:00,2025-09-20T06:31:26.000+07:00,
270903,27250,ตำบลวังทอง,Tambon Wang Thong,2709,13.338,102.081,2019-08-09T03:33:09.000+07:00,2025-09-20T06:31:26.000+07:00,
300101,30000,ตำบลในเมือง,Tambon Nai Mueang,3001,,,2019-08-09T03:33:09.000+07:00,2025-09-20T06:31:26.000+07:00,
300102,30000,ตำบลโพธิ์กลาง,Tambon Pho Klang,3001,14.906,102.102,2019-08-09T03:33:09.000+07:00,2025-09-20T06:31:26.000+07:00,
300103,30000,ตำบลหนองจะบก,Tambon Nong Chabok,3001,14.916,102.064,2019-08-09T03:33:09.000+07:00,2025-09-20T06:31:26.000+07:00,
300104,30310,ตำบลโคกสูง,Tambon Khok Sung,3001,15.095,102.116,2019-08-09T03:33:09.000+07:00,2025-09-20T06:31:26.000+07:00,
300105,30000,ตำบลมะเริง,Tambon Maroeng,3001,14.98,102.164,2019-08-09T03:33:09.000+07:00,2025-09-20T06:31:26.000+07:00,
300106,30000,ตำบลหนองระเวียง,Tambon Nong Rawiang,3001,14.946,102.199,2019-08-09T03:33:09.000+07:00,2025-09-20T06:31:26.000+07:00,
300107,30000,ตำบลปรุใหญ่,Tambon Pru Yai,3001,14.994,102.052,2019-08-09T03:33:09.000+07:00,2025-09-20T06:31:26.000+07:00,
300108,30000,ตำบลหมื่นไวย,Tambon Muen Wai,3001,15.011,102.108,2019-08-09T03:33:09.000+07:00,2025-09-20T06:31:26.000+07:00,
300109,30000,ตำบลพลกรัง,Tambon Phon Krang,3001,15.026,102.011,2019-08-09T03:33:09.000+07:00,2025-09-20T06:31:26.000+07:00,
300110,30000,ตำบลหนองไผ่ล้อม,Tambon Nong Phai Lom,3001,14.947,102.085,2019-08-09T03:33:09.000+07:00,2025-09-20T06:31:26.000+07:00,
300111,30000,ตำบลหัวทะเล,Tambon Hua Thale,3001,14.965,102.14,2019-08-09T03:33:09.000+07:00,2025-09-20T06:31:26.000+07:00,
300112,30000,ตำบลบ้านเกาะ,Tambon Ban Ko,3001,14.981,102.091,2019-08-09T03:33:09.000+07:00,2025-09-20T06:31:26.000+07:00,
300113,30000,ตำบลบ้านใหม่,Tambon Ban Mai,3001,,,2019-08-09T03:33:09.000+07:00,2025-09-20T06:31:26.000+07:00,
300114,30000,ตำบลพุดซา,Tambon Phutsa,3001,15.049,102.043,2019-08-09T03:33:09.000+07:00,2025-09-20T06:31:26.000+07:00,
300115,30310,ตำบลบ้านโพธิ์,Tambon Ban Pho,3001,15.038,102.191,2019-08-09T03:33:09.000+07:00,2025-09-20T06:31:26.000+07:00,
300116,30310,ตำบลจอหอ,Tambon Cho Ho,3001,15.055,102.148,2019-08-09T03:33:09.000+07:00,2025-09-20T06:31:26.000+07:00,
300117,30280,ตำบลโคกกรวด,Tambon Khok Kruat,3001,14.897,101.974,2019-08-09T03:33:09.000+07:00,2025-09-20T06:31:26.000+07:00,
300118,30000,ตำบลไชยมงคล,Tambon Chai Mongkhon,3001,14.849,102.08,2019-08-09T03:33:09.000+07:00,2025-09-20T06:31:26.000+07:00,
300119,30000,ตำบลหนองบัวศาลา,Tambon Nong Bua Sala,3001,14.899,102.152,2019-08-09T03:33:09.000+07:00,2025-09-20T06:31:26.000+07:00,
300120,30000,ตำบลสุรนารี,Tambon Suranari,3001,14.915,102.037,2019-08-09T03:33:09.000+07:00,2025-09-20T06:31:26.000+07:00,
300121,30000,ตำบลสีมุม,Tambon Si Mum,3001,14.986,102.007,2019-08-09T03:33:09.000+07:00,2025-09-20T06:31:26.000+07:00,
300122,30310,ตำบลตลาด,Tambon Talat,3001,15.018,102.154,2019-08-09T03:33:09.000+07:00,2025-09-20T06:31:26.000+07:00,
300123,30000,ตำบลพะเนา,Tambon Phanao,3001,14.986,102.189,2019-08-09T03:33:09.000+07:00,2025-09-20T06:31:26.000+07:00,
300124,30000,ตำบลหนองกระทุ่ม,Tambon Nong Krathum,3001,15.009,102.086,2019-08-09T03:33:09.000+07:00,2025-09-20T06:31:26.000+07:00,
300125,30310,ตำบลหนองไข่น้ำ,Tambon Nong Khai Nam,3001,15.105,102.174,2019-08-09T03:33:09.000+07:00,2025-09-20T06:31:26.000+07:00,
300201,30250,ตำบลแชะ,Tambon Chae,3002,14.569,102.278,2019-08-09T03:33:09.000+07:00,2025-09-20T06:31:26.000+07:00,
300202,30250,ตำบลเฉลียง,Tambon Chaliang,3002,14.489,102.279,2019-08-09T03:33:09.000+07:00,2025-09-20T06:31:26.000+07:00,
300203,30250,ตำบลครบุรี,Tambon Khon Buri,3002,14.599,102.13,2019-08-09T03:33:09.000+07:00,2025-09-20T06:31:26.000+07:00,
300204,30250,ตำบลโคกกระชาย,Tambon Khok Krachai,3002,14.301,102.196,2019-08-09T03:33:09.000+07:00,2025-09-20T06:31:26.000+07:00,
300205,30250,ตำบลจระเข้หิน,Tambon Chorakhe Hin,3002,14.367,102.1,2019-08-09T03:33:09.000+07:00,2025-09-20T06:31:26.000+07:00,
300206,30250,ตำบลมาบตะโกเอน,Tambon Map Tako En,3002,14.57,102.385,2019-08-09T03:33:09.000+07:00,2025-09-20T06:31:26.000+07:00,
300207,30250,ตำบลอรพิมพ์,Tambon Oraphim,3002,14.569,102.207,2019-08-09T03:33:09.000+07:00,2025-09-20T06:31:26.000+07:00,
300208,30250,ตำบลบ้านใหม่,Tambon Ban Mai,3002,14.449,102.207,2019-08-09T03:33:09.000+07:00,2025-09-20T06:31:26.000+07:00,
300209,30250,ตำบลลำเพียก,Tambon Lam Phiak,3002,14.255,102.302,2019-08-09T03:33:09.000+07:00,2025-09-20T06:31:26.000+07:00,
300210,30250,ตำบลครบุรีใต้,Tambon Khon Buri Tai,3002,14.529,102.103,2019-08-09T03:33:09.000+07:00,2025-09-20T06:31:26.000+07:00,
300211,30250,ตำบลตะแบกบาน,Tambon Tabaek Ban,3002,14.462,102.343,2019-08-09T03:33:09.000+07:00,2025-09-20T06:31:26.000+07:00,
300212,30250,ตำบลสระว่านพระยา,Tambon Sa Wan Phraya,3002,14.528,102.384,2019-08-09T03:33:09.000+07:00,2025-09-20T06:31:26.000+07:00,
300301,30330,ตำบลเสิงสาง,Tambon Soeng Sang,3003,14.426,102.429,2019-08-09T03:33:09.000+07:00,2025-09-20T06:31:26.000+07:00,
300302,30330,ตำบลสระตะเคียน,Tambon Sa Takhian,3003,14.325,102.552,2019-08-09T03:33:09.000+07:00,2025-09-20T06:31:26.000+07:00,
300303,30330,ตำบลโนนสมบูรณ์,Tambon Non Sombun,3003,14.278,102.398,2019-08-09T03:33:09.000+07:00,2025-09-20T06:31:26.000+07:00,
300304,30330,ตำบลกุดโบสถ์,Tambon Kut Bot,3003,14.457,102.54,2019-08-09T03:33:09.000+07:00,2025-09-20T06:31:26.000+07:00,
300305,30330,ตำบลสุขไพบูลย์,Tambon Suk Phaibun,3003,14.526,102.448,2019-08-09T03:33:09.000+07:00,2025-09-20T06:31:26.000+07:00,
300306,30330,ตำบลบ้านราษฎร์,Tambon Ban Rat,3003,14.247,102.474,2019-08-09T03:33:09.000+07:00,2025-09-20T06:31:26.000+07:00,
300401,30260,ตำบลเมืองคง,Tambon Mueang Khong,3004,15.451,102.334,2019-08-09T03:33:09.000+07:00,2025-09-20T06:31:26.000+07:00,
300402,30260,ตำบลคูขาด,Tambon Khu Khat,3004,15.445,102.407,2019-08-09T03:33:09.000+07:00,2025-09-20T06:31:26.000+07:00,
300403,30260,ตำบลเทพาลัย,Tambon Thephalai,3004,15.368,102.466,2019-08-09T03:33:09.000+07:00,2025-09-20T06:31:26.000+07:00,
300404,30260,ตำบลตาจั่น,Tambon Ta Chan,3004,15.314,102.368,2019-08-09T03:33:09.000+07:00,2025-09-20T06:31:26.000+07:00,
300405,30260,ตำบลบ้านปรางค์,Tambon Ban Prang,3004,15.474,102.08,2019-08-09T03:33:09.000+07:00,2025-09-20T06:31:26.000+07:00,
300406,30260,ตำบลหนองมะนาว,Tambon Nong Manao,3004,15.5,102.28,2019-08-09T03:33:09.000+07:00,2025-09-20T06:31:26.000+07:00,
300407,30260,ตำบลหนองบัว,Tambon Nong Bua,3004,15.496,102.167,2019-08-09T03:33:09.000+07:00,2025-09-20T06:31:26.000+07:00,
300408,30260,ตำบลโนนเต็ง,Tambon Non Teng,3004,15.449,102.266,2019-08-09T03:33:09.000+07:00,2025-09-20T06:31:26.000+07:00,
300409,30260,ตำบลดอนใหญ่,Tambon Don Yai,3004,15.397,102.357,2019-08-09T03:33:09.000+07:00,2025-09-20T06:31:26.000+07:00,
300410,30260,ตำบลขามสมบูรณ์,Tambon Kham Sombun,3004,15.371,102.403,2019-08-09T03:33:09.000+07:00,2025-09-20T06:31:26.000+07:00,
300501,30350,ตำบลบ้านเหลื่อม,Tambon Ban Lueam,3005,15.625,102.136,2019-08-09T03:33:09.000+07:00,2025-09-20T06:31:26.000+07:00,
300502,30350,ตำบลวังโพธิ์,Tambon Wang Pho,3005,15.571,102.103,2019-08-09T03:33:09.000+07:00,2025-09-20T06:31:26.000+07:00,
300503,30350,ตำบลโคกกระเบื้อง,Tambon Khok Krabueang,3005,15.571,102.187,2019-08-09T03:33:09.000+07:00,2025-09-20T06:31:26.000+07:00,
300504,30350,ตำบลช่อระกา,Tambon Cho Raka,3005,15.54,102.057,2019-08-09T03:33:09.000+07:00,2025-09-20T06:31:26.000+07:00,
300601,30230,ตำบลจักราช,Tambon Chakkarat,3006,15.027,102.432,2019-08-09T03:33:09.000+07:00,2025-09-20T06:31:26.000+07:00,
300602,30230,ตำบลท่าช้าง,Tambon Tha Chang,3006,,,2019-08-09T03:33:09.000+07:00,2025-09-20T06:31:26.000+07:00,
300603,30230,ตำบลทองหลาง,Tambon Thonglang,3006,15.052,102.353,2019-08-09T03:33:09.000+07:00,2025-09-20T06:31:26.000+07:00,
300604,30230,ตำบลสีสุก,Tambon Si Suk,3006,14.874,102.385,2019-08-09T03:33:09.000+07:00,2025-09-20T06:31:26.000+07:00,
300605,30230,ตำบลหนองขาม,Tambon Nong Kham,3006,14.931,102.506,2019-08-09T03:33:09.000+07:00,2025-09-20T06:31:26.000+07:00,
300606,30230,ตำบลหนองงูเหลือม,Tambon Nong Ngu Luam,3006,,,2019-08-09T03:33:09.000+07:00,2025-09-20T06:31:26.000+07:00,
300607,30230,ตำบลหนองพลวง,Tambon Nong Phluang,3006,15.07,102.424,2019-08-09T03:33:09.000+07:00,2025-09-20T06:31:26.000+07:00,
300608,30230,ตำบลหนองยาง,Tambon Nong Yang,3006,,,2019-08-09T03:33:09.000+07:00,2025-09-20T06:31:26.000+07:00,
300609,30230,ตำบลพระพุทธ,Tambon Phra Phut,3006,,,2019-08-09T03:33:09.000+07:00,2025-09-20T06:31:26.000+07:00,
300610,30230,ตำบลศรีละกอ,Tambon Si Lako,3006,14.938,102.427,2019-08-09T03:33:09.000+07:00,2025-09-20T06:31:26.000+07:00,
300611,30230,ตำบลคลองเมือง,Tambon Khlong Mueang,3006,14.852,102.502,2019-08-09T03:33:09.000+07:00,2025-09-20T06:31:26.000+07:00,
300612,30230,ตำบลช้างทอง,Tambon Chang Thong,3006,,,2019-08-09T03:33:09.000+07:00,2025-09-20T06:31:26.000+07:00,
300613,30230,ตำบลหินโคน,Tambon Hin Khon,3006,15.013,102.498,2019-08-09T03:33:09.000+07:00,2025-09-20T06:31:26.000+07:00,
300701,30190,ตำบลกระโทก,Tambon Krathok,3007,14.714,102.189,2019-08-09T03:33:09.000+07:00,2025-09-20T06:31:26.000+07:00,
300702,30190,ตำบลพลับพลา,Tambon Phlapphla,3007,14.755,102.129,2019-08-09T03:33:09.000+07:00,2025-09-20T06:31:26.000+07:00,
300703,30190,ตำบลท่าอ่าง,Tambon Tha Ang,3007,14.821,102.16,2019-08-09T03:33:09.000+07:00,2025-09-20T06:31:26.000+07:00,
300704,30190,ตำบลทุ่งอรุณ,Tambon Thung Arun,3007,14.631,102.184,2019-08-09T03:33:09.000+07:00,2025-09-20T06:31:26.000+07:00,
300705,30190,ตำบลท่าลาดขาว,Tambon Tha Lat Khao,3007,14.672,102.154,2019-08-09T03:33:09.000+07:00,2025-09-20T06:31:26.000+07:00,
300706,30190,ตำบลท่าจะหลุง,Tambon Tha Chalung,3007,14.87,102.264,2019-08-09T03:33:09.000+07:00,2025-09-20T06:31:26.000+07:00,
300707,30190,ตำบลท่าเยี่ยม,Tambon Tha Yiam,3007,14.716,102.237,2019-08-09T03:33:09.000+07:00,2025-09-20T06:31:26.000+07:00,
300708,30190,ตำบลโชคชัย,Tambon Chok Chai,3007,14.763,102.172,2019-08-09T03:33:09.000+07:00,2025-09-20T06:31:26.000+07:00,
300709,30190,ตำบลละลมใหม่พัฒนา,Tambon Lalom Mai Phatthana,3007,14.811,102.243,2019-08-09T03:33:09.000+07:00,2025-09-20T06:31:26.000+07:00,
300710,30190,ตำบลด่านเกวียน,Tambon Dan Kwian,3007,14.864,102.189,2019-08-09T03:33:09.000+07:00,2025-09-20T06:31:26.000+07:00,
300801,30210,ตำบลกุดพิมาน,Tambon Kut Phiman,3008,15.303,101.759,2019-08-09T03:33:09.000+07:00,2025-09-20T06:31:26.000+07:00,
300802,30210,ตำบลด่านขุนทด,Tambon Dan Khun Thot,3008,15.214,101.788,2019-08-09T03:33:09.000+07:00,2025-09-20T06:31:26.000+07:00,
300803,30210,ตำบลด่านนอก,Tambon Dan Nok,3008,15.157,101.87,2019-08-09T03:33:09.000+07:00,2025-09-20T06:31:26.000+07:00,
300804,30210,ตำบลด่านใน,Tambon Dan Nai,3008,15.119,101.855,2019-08-09T03:33:09.000+07:00,2025-09-20T06:31:26.000+07:00,
300805,30210,ตำบลตะเคียน,Tambon Takhian,3008,15.124,101.724,2019-08-09T03:33:09.000+07:00,2025-09-20T06:31:26.000+07:00,
300806,30210,ตำบลบ้านเก่า,Tambon Ban Kao,3008,15.211,101.673,2019-08-09T03:33:09.000+07:00,2025-09-20T06:31:26.000+07:00,
300807,36220,ตำบลบ้านแปรง,Tambon Ban Praeng,3008,15.372,101.809,2019-08-09T03:33:09.000+07:00,2025-09-20T06:31:26.000+07:00,
300808,30210,ตำบลพันชนะ,Tambon Phan Chana,3008,15.27,101.689,2019-08-09T03:33:09.000+07:00,2025-09-20T06:31:26.000+07:00,
300809,30210,ตำบลสระจรเข้,Tambon Sa Chorakhe,3008,15.147,101.808,2019-08-09T03:33:09.000+07:00,2025-09-20T06:31:26.000+07:00,
300810,30210,ตำบลหนองกราด,Tambon Nong Krat,3008,15.348,101.667,2019-08-09T03:33:09.000+07:00,2025-09-20T06:31:26.000+07:00,
300811,30210,ตำบลหนองบัวตะเกียด,Tambon Nong Bua Takiat,3008,15.281,101.821,2019-08-09T03:33:09.000+07:00,2025-09-20T06:31:26.000+07:00,
300812,30210,ตำบลหนองบัวละคร,Tambon Nong Bua Lakhon,3008,15.243,101.863,2019-08-09T03:33:09.000+07:00,2025-09-20T06:31:26.000+07:00,
300813,30210,ตำบลหินดาด,Tambon Hin Dat,3008,15.149,101.618,2019-08-09T03:33:09.000+07:00,2025-09-20T06:31:26.000+07:00,
300815,30210,ตำบลห้วยบง,Tambon Huai Bong,3008,15.161,101.486,2019-08-09T03:33:09.000+07:00,2025-09-20T06:31:26.000+07:00,
300817,30210,ตำบลโนนเมืองพัฒนา,Tambon Non Mueang Phatthana,3008,15.304,101.897,2019-08-09T03:33:09.000+07:00,2025-09-20T06:31:26.000+07:00,
300818,36220,ตำบลหนองไทร,Tambon Nong Sai,3008,15.36,101.855,2019-08-09T03:33:09.000+07:00,2025-09-20T06:31:26.000+07:00,
300901,30220,ตำบลโนนไทย,Tambon Non Thai,3009,15.213,102.061,2019-08-09T03:33:09.000+07:00,2025-09-20T06:31:26.000+07:00,
300902,30220,ตำบลด่านจาก,Tambon Dan Chak,3009,15.162,102.095,2019-08-09T03:33:09.000+07:00,2025-09-20T06:31:26.000+07:00,
300903,30220,ตำบลกำปัง,Tambon Kampang,3009,15.118,102.06,2019-08-09T03:33:09.000+07:00,2025-09-20T06:31:26.000+07:00,
300904,30220,ตำบลสำโรง,Tambon Samrong,3009,15.128,102.018,2019-08-09T03:33:09.000+07:00,2025-09-20T06:31:26.000+07:00,
300905,30220,ตำบลค้างพลู,Tambon Khang Phlu,3009,15.149,101.973,2019-08-09T03:33:09.000+07:00,2025-09-20T06:31:26.000+07:00,
300906,30220,ตำบลบ้านวัง,Tambon Ban Wang,3009,15.152,101.914,2019-08-09T03:33:09.000+07:00,2025-09-20T06:31:26.000+07:00,
300907,30220,ตำบลบัลลังก์,Tambon Banlang,3009,15.223,101.928,2019-08-09T03:33:09.000+07:00,2025-09-20T06:31:26.000+07:00,
300908,30220,ตำบลสายออ,Tambon Sai O,3009,15.226,102.002,2019-08-09T03:33:09.000+07:00,2025-09-20T06:31:26.000+07:00,
300909,30220,ตำบลถนนโพธิ์,Tambon Thanon Pho,3009,15.274,102.138,2019-08-09T03:33:09.000+07:00,2025-09-20T06:31:26.000+07:00,
300910,30220,ตำบลพังเทียม,Tambon Phung Theam,3009,,,2019-08-09T03:33:09.000+07:00,2025-09-20T06:31:26.000+07:00,
300911,30220,ตำบลสระพระ,Tambon Sra Pra,3009,,,2019-08-09T03:33:09.000+07:00,2025-09-20T06:31:26.000+07:00,
300912,30220,ตำบลทัพรั้ง,Tambon Tup Rang,3009,,,2019-08-09T03:33:09.000+07:00,2025-09-20T06:31:26.000+07:00,
300913,30220,ตำบลหนองหอย,Tambon Nong Hoi,3009,,,2019-08-09T03:33:09.000+07:00,2025-09-20T06:31:26.000+07:00,
300914,30220,ตำบลมะค่า,Tambon Makha,3009,15.265,102.098,2019-08-09T03:33:09.000+07:00,2025-09-20T06:31:26.000+07:00,
300915,30220,ตำบลมาบกราด,Tambon Mab Krad,3009,,,2019-08-09T03:33:09.000+07:00,2025-09-20T06:31:26.000+07:00,
301001,30160,ตำบลโนนสูง,Tambon Non Sung,3010,15.179,102.256,2019-08-09T03:33:09.000+07:00,2025-09-20T06:31:26.000+07:00,
301002,30160,ตำบลใหม่,Tambon Mai,3010,15.152,102.287,2019-08-09T03:33:09.000+07:00,2025-09-20T06:31:26.000+07:00,
301003,30160,ตำบลโตนด,Tambon Tanot,3010,15.097,102.293,2019-08-09T03:33:09.000+07:00,2025-09-20T06:31:26.000+07:00,
301004,30160,ตำบลบิง,Tambon Bing,3010,15.118,102.333,2019-08-09T03:33:09.000+07:00,2025-09-20T06:31:26.000+07:00,
301005,30160,ตำบลดอนชมพู,Tambon Don Chomphu,3010,15.171,102.339,2019-08-09T03:33:09.000+07:00,2025-09-20T06:31:26.000+07:00,
301006,30240,ตำบลธารปราสาท,Tambon Than Prasat,3010,15.263,102.392,2019-08-09T03:33:09.000+07:00,2025-09-20T06:31:26.000+07:00,
301007,30160,ตำบลหลุมข้าว,Tambon Lum Khao,3010,15.224,102.313,2019-08-09T03:33:09.000+07:00,2025-09-20T06:31:26.000+07:00,
301008,30160,ตำบลมะค่า,Tambon Makha,3010,15.315,102.321,2019-08-09T03:33:09.000+07:00,2025-09-20T06:31:26.000+07:00,
301009,30160,ตำบลพลสงคราม,Tambon Phon Songkhram,3010,15.299,102.273,2019-08-09T03:33:09.000+07:00,2025-09-20T06:31:26.000+07:00,
301010,30160,ตำบลจันอัด,Tambon Chan-at,3010,15.161,102.158,2019-08-09T03:33:09.000+07:00,2025-09-20T06:31:26.000+07:00,
301011,30160,ตำบลขามเฒ่า,Tambon Kham Thao,3010,15.305,102.219,2019-08-09T03:33:09.000+07:00,2025-09-20T06:31:26.000+07:00,
301012,30160,ตำบลด่านคล้า,Tambon Dan Khla,3010,15.152,102.212,2019-08-09T03:33:09.000+07:00,2025-09-20T06:31:26.000+07:00,
301013,30160,ตำบลลำคอหงษ์,Tambon Lam Kho Hong,3010,15.252,102.21,2019-08-09T03:33:09.000+07:00,2025-09-20T06:31:26.000+07:00,
301014,30160,ตำบลเมืองปราสาท,Tambon Mueang Prasat,3010,15.201,102.194,2019-08-09T03:33:09.000+07:00,2025-09-20T06:31:26.000+07:00,
301015,30160,ตำบลดอนหวาย,Tambon Don Wai,3010,15.116,102.287,2019-08-09T03:33:09.000+07:00,2025-09-20T06:31:26.000+07:00,
301016,30160,ตำบลลำมูล,Tambon Lam Mun,3010,15.072,102.308,2019-08-09T03:33:09.000+07:00,2025-09-20T06:31:26.000+07:00,
301101,30290,ตำบลขามสะแกแสง,Tambon Kham Sakaesaeng,3011,15.36,102.195,2019-08-09T03:33:09.000+07:00,2025-09-20T06:31:26.000+07:00,
301102,30290,ตำบลโนนเมือง,Tambon Non Mueang,3011,15.416,102.116,2019-08-09T03:33:09.000+07:00,2025-09-20T06:31:26.000+07:00,
301103,30290,ตำบลเมืองนาท,Tambon Mueang Nat,3011,15.386,102.248,2019-08-09T03:33:09.000+07:00,2025-09-20T06:31:26.000+07:00,
301104,30290,ตำบลชีวึก,Tambon Chiwuek,3011,15.351,102.099,2019-08-09T03:33:09.000+07:00,2025-09-20T06:31:26.000+07:00,
301105,30290,ตำบลพะงาด,Tambon Pha-ngat,3011,15.334,102.149,2019-08-09T03:33:09.000+07:00,2025-09-20T06:31:26.000+07:00,
301106,30290,ตำบลหนองหัวฟาน,Tambon Nong Hua Fan,3011,15.433,102.237,2019-08-09T03:33:09.000+07:00,2025-09-20T06:31:26.000+07:00,
301107,30290,ตำบลเมืองเกษตร,Tambon Mueang Kaset,3011,15.424,102.159,2019-08-09T03:33:09.000+07:00,2025-09-20T06:31:26.000+07:00,
301201,30120,ตำบลบัวใหญ่,Tambon Bua Yai,3012,15.602,102.438,2019-08-09T03:33:09.000+07:00,2025-09-20T06:31:26.000+07:00,
301203,30120,ตำบลห้วยยาง,Tambon Huai Yang,3012,15.626,102.363,2019-08-09T03:33:09.000+07:00,2025-09-20T06:31:26.000+07:00,
301204,30120,ตำบลเสมาใหญ่,Tambon Sema Yai,3012,15.516,102.429,2019-08-09T03:33:09.000+07:00,2025-09-20T06:31:26.000+07:00,
301206,30120,ตำบลดอนตะหนิน,Tambon Don Tanin,3012,15.486,102.466,2019-08-09T03:33:09.000+07:00,2025-09-20T06:31:26.000+07:00,
301207,30120,ตำบลหนองบัวสะอาด,Tambon Nong Bua Sa-at,3012,15.593,102.3,2019-08-09T03:33:09.000+07:00,2025-09-20T06:31:26.000+07:00,
301208,30120,ตำบลโนนทองหลาง,Tambon Non Thonglang,3012,15.522,102.374,2019-08-09T03:33:09.000+07:00,2025-09-20T06:31:26.000+07:00,
301209,30120,ตำบลหนองหว้า,Tambon Nong Wha,3012,,,2019-08-09T03:33:09.000+07:00,2025-09-20T06:31:26.000+07:00,
301210,30120,ตำบลบัวลาย,Tambon Bua Lai,3012,,,2019-08-09T03:33:09.000+07:00,2025-09-20T06:31:26.000+07:00,
301211,30120,ตำบลสีดา,Tambon Sri Da,3012,,,2019-08-09T03:33:09.000+07:00,2025-09-20T06:31:26.000+07:00,
301212,30120,ตำบลโพนทอง,Tambon Pon Thong,3012,,,2019-08-09T03:33:09.000+07:00,2025-09-20T06:31:26.000+07:00,
301214,30120,ตำบลกุดจอก,Tambon Kut Chok,3012,15.571,102.502,2019-08-09T03:33:09.000+07:00,2025-09-20T06:31:26.000+07:00,
301215,30120,ตำบลด่านช้าง,Tambon Dan Chang,3012,15.623,102.407,2019-08-09T03:33:09.000+07:00,2025-09-20T06:31:26.000+07:00,
301216,30120,ตำบลโนนจาน,Tambon Non Jan,3012,,,2019-08-09T03:33:09.000+07:00,2025-09-20T06:31:26.000+07:00,
301218,30120,ตำบลสามเมือง,Tambon Sam Muang,3012,,,2019-08-09T03:33:09.000+07:00,2025-09-20T06:31:26.000+07:00,
301220,30120,ตำบลขุนทอง,Tambon Khun Thong,3012,15.683,102.364,2019-08-09T03:33:09.000+07:00,2025-09-20T06:31:26.000+07:00,
301221,30120,ตำบลหนองตาดใหญ่,Tambon Nong Tad Yai,3012,,,2019-08-09T03:33:09.000+07:00,2025-09-20T06:31:26.000+07:00,
301222,30120,ตำบลเมืองพะไล,Tambon Mueang Pa Lai,3012,,,2019-08-09T03:33:09.000+07:00,2025-09-20T06:31:26.000+07:00,
301223,30120,ตำบลโนนประดู่,Tambon Non Pradoo,3012,,,2019-08-09T03:33:09.000+07:00,2025-09-20T06:31:26.000+07:00,
301224,30120,ตำบลหนองแจ้งใหญ่,Tambon Nong Chaeng Yai,3012,15.567,102.372,2019-08-09T03:33:09.000+07:00,2025-09-20T06:31:26.000+07:00,
301301,30180,ตำบลประทาย,Tambon Prathai,3013,15.536,102.724,2019-08-09T03:33:09.000+07:00,2025-09-20T06:31:26.000+07:00,
301303,30180,ตำบลกระทุ่มราย,Tambon Krathum Rai,3013,15.53,102.659,2019-08-09T03:33:09.000+07:00,2025-09-20T06:31:26.000+07:00,
301304,30180,ตำบลวังไม้แดง,Tambon Wang Mai Daeng,3013,15.684,102.632,2019-08-09T03:33:09.000+07:00,2025-09-20T06:31:26.000+07:00,
301306,30180,ตำบลตลาดไทร,Tambon Talat Sai,3013,15.528,102.78,2019-08-09T03:33:09.000+07:00,2025-09-20T06:31:26.000+07:00,
301307,30180,ตำบลหนองพลวง,Tambon Nong Phluang,3013,15.583,102.707,2019-08-09T03:33:09.000+07:00,2025-09-20T06:31:26.000+07:00,
301308,30180,ตำบลหนองค่าย,Tambon Nong Khai,3013,15.596,102.759,2019-08-09T03:33:09.000+07:00,2025-09-20T06:31:26.000+07:00,
301309,30180,ตำบลหันห้วยทราย,Tambon Han Huai Sai,3013,15.611,102.656,2019-08-09T03:33:09.000+07:00,2025-09-20T06:31:26.000+07:00,
301310,30180,ตำบลดอนมัน,Tambon Don Man,3013,15.491,102.822,2019-08-09T03:33:09.000+07:00,2025-09-20T06:31:26.000+07:00,
301313,30180,ตำบลนางรำ,Tambon Nang Ram,3013,15.484,102.623,2019-08-09T03:33:09.000+07:00,2025-09-20T06:31:26.000+07:00,
301314,30180,ตำบลโนนเพ็ด,Tambon Non Phet,3013,15.677,102.684,2019-08-09T03:33:09.000+07:00,2025-09-20T06:31:26.000+07:00,
301315,30180,ตำบลทุ่งสว่าง,Tambon Thung Sawang,3013,15.493,102.686,2019-08-09T03:33:09.000+07:00,2025-09-20T06:31:26.000+07:00,
301317,30180,ตำบลโคกกลาง,Tambon Khok Klang,3013,15.463,102.737,2019-08-09T03:33:09.000+07:00,2025-09-20T06:31:26.000+07:00,
301318,30180,ตำบลเมืองโดน,Tambon Mueang Don,3013,15.635,102.712,2019-08-09T03:33:09.000+07:00,2025-09-20T06:31:26.000+07:00,
301401,30150,ตำบลเมืองปัก,Tambon Mueang Pak,3014,14.719,102.055,2019-08-09T03:33:09.000+07:00,2025-09-20T06:31:26.000+07:00,
301402,30150,ตำบลตะคุ,Tambon Takhu,3014,14.754,101.953,2019-08-09T03:33:09.000+07:00,2025-09-20T06:31:26.000+07:00,
301403,30150,ตำบลโคกไทย,Tambon Khok Thai,3014,14.741,102.09,2019-08-09T03:33:09.000+07:00,2025-09-20T06:31:26.000+07:00,
301404,30150,ตำบลสำโรง,Tambon Samrong,3014,14.65,102.063,2019-08-09T03:33:09.000+07:00,2025-09-20T06:31:26.000+07:00,
301405,30150,ตำบลตะขบ,Tambon Takhop,3014,14.686,101.745,2019-08-09T03:33:09.000+07:00,2025-09-20T06:31:26.000+07:00,
301406,30150,ตำบลนกออก,Tambon Nok Ok,3014,14.686,102.036,2019-08-09T03:33:09.000+07:00,2025-09-20T06:31:26.000+07:00,
301407,30150,ตำบลดอน,Tambon Don,3014,14.679,102.108,2019-08-09T03:33:09.000+07:00,2025-09-20T06:31:26.000+07:00,
301409,30150,ตำบลตูม,Tambon Tum,3014,14.701,101.986,2019-08-09T03:33:09.000+07:00,2025-09-20T06:31:26.000+07:00,
301410,30150,ตำบลงิ้ว,Tambon Ngio,3014,14.666,101.997,2019-08-09T03:33:09.000+07:00,2025-09-20T06:31:26.000+07:00,
301411,30150,ตำบลสะแกราช,Tambon Sakae Rat,3014,14.604,102.048,2019-08-09T03:33:09.000+07:00,2025-09-20T06:31:26.000+07:00,
301412,30150,ตำบลลำนางแก้ว,Tambon Lam Nang Kaeo,3014,14.563,101.87,2019-08-09T03:33:09.000+07:00,2025-09-20T06:31:26.000+07:00,
301416,30150,ตำบลภูหลวง,Tambon Phu Luang,3014,14.602,101.984,2019-08-09T03:33:09.000+07:00,2025-09-20T06:31:26.000+07:00,
301417,30150,ตำบลธงชัยเหนือ,Tambon Thong Chai Nuea,3014,14.793,102.034,2019-08-09T03:33:09.000+07:00,2025-09-20T06:31:26.000+07:00,
301418,30150,ตำบลสุขเกษม,Tambon Suk Kasem,3014,14.667,101.939,2019-08-09T03:33:09.000+07:00,2025-09-20T06:31:26.000+07:00,
301419,30150,ตำบลเกษมทรัพย์,Tambon Kasem Sap,3014,14.663,102.046,2019-08-09T03:33:09.000+07:00,2025-09-20T06:31:26.000+07:00,
301420,30150,ตำบลบ่อปลาทอง,Tambon Bo Pla Thong,3014,14.637,101.902,2019-08-09T03:33:09.000+07:00,2025-09-20T06:31:26.000+07:00,
301501,30110,ตำบลในเมือง,Tambon Nai Mueang,3015,15.206,102.489,2019-08-09T03:33:09.000+07:00,2025-09-20T06:31:26.000+07:00,
301502,30110,ตำบลสัมฤทธิ์,Tambon Samrit,3015,15.216,102.424,2019-08-09T03:33:09.000+07:00,2025-09-20T06:31:26.000+07:00,
301503,30110,ตำบลโบสถ์,Tambon Bot,3015,15.215,102.628,2019-08-09T03:33:09.000+07:00,2025-09-20T06:31:26.000+07:00,
301504,30110,ตำบลกระเบื้องใหญ่,Tambon Krabueang Yai,3015,15.271,102.458,2019-08-09T03:33:09.000+07:00,2025-09-20T06:31:26.000+07:00,
301505,30110,ตำบลท่าหลวง,Tambon Tha Luang,3015,15.282,102.547,2019-08-09T03:33:09.000+07:00,2025-09-20T06:31:26.000+07:00,
301506,30110,ตำบลรังกาใหญ่,Tambon Rang Ka Yai,3015,15.19,102.555,2019-08-09T03:33:09.000+07:00,2025-09-20T06:31:26.000+07:00,
301507,30110,ตำบลชีวาน,Tambon Chiwan,3015,15.344,102.54,2019-08-09T03:33:09.000+07:00,2025-09-20T06:31:26.000+07:00,
301508,30110,ตำบลนิคมสร้างตนเอง,Tambon Nikhom Sang Ton-eng,3015,15.128,102.49,2019-08-09T03:33:09.000+07:00,2025-09-20T06:31:26.000+07:00,
301509,30110,ตำบลกระชอน,Tambon Krachon,3015,15.443,102.67,2019-08-09T03:33:09.000+07:00,2025-09-20T06:31:26.000+07:00,
301510,30110,ตำบลดงใหญ่,Tambon Dong Yai,3015,15.338,102.591,2019-08-09T03:33:09.000+07:00,2025-09-20T06:31:26.000+07:00,
301511,30110,ตำบลธารละหลอด,Tambon Than Lalot,3015,15.162,102.403,2019-08-09T03:33:09.000+07:00,2025-09-20T06:31:26.000+07:00,
301512,30110,ตำบลหนองระเวียง,Tambon Nong Rawiang,3015,15.113,102.44,2019-08-09T03:33:09.000+07:00,2025-09-20T06:31:26.000+07:00,
301601,30240,ตำบลห้วยแถลง,Tambon Huai Thalaeng,3016,14.967,102.652,2019-08-09T03:33:09.000+07:00,2025-09-20T06:31:26.000+07:00,
301602,30240,ตำบลทับสวาย,Tambon Thap Sawai,3016,15.021,102.634,2019-08-09T03:33:09.000+07:00,2025-09-20T06:31:26.000+07:00,
301603,30240,ตำบลเมืองพลับพลา,Tambon Mueang Phlapphla,3016,15.063,102.634,2019-08-09T03:33:09.000+07:00,2025-09-20T06:31:26.000+07:00,
301604,30240,ตำบลหลุ่งตะเคียน,Tambon Lung Takhian,3016,15.12,102.638,2019-08-09T03:33:09.000+07:00,2025-09-20T06:31:26.000+07:00,
301605,30240,ตำบลหินดาด,Tambon Hin Dat,3016,14.995,102.565,2019-08-09T03:33:09.000+07:00,2025-09-20T06:31:26.000+07:00,
301606,30240,ตำบลงิ้ว,Tambon Ngio,3016,15.077,102.689,2019-08-09T03:33:09.000+07:00,2025-09-20T06:31:26.000+07:00,
301607,30240,ตำบลกงรถ,Tambon Kong Rot,3016,15.047,102.752,2019-08-09T03:33:09.000+07:00,2025-09-20T06:31:26.000+07:00,
301608,30240,ตำบลหลุ่งประดู่,Tambon Lung Pradu,3016,15.06,102.582,2019-08-09T03:33:09.000+07:00,2025-09-20T06:31:26.000+07:00,
301609,30240,ตำบลตะโก,Tambon Tako,3016,15.019,102.718,2019-08-09T03:33:09.000+07:00,2025-09-20T06:31:26.000+07:00,
301610,30240,ตำบลห้วยแคน,Tambon Huai Khaen,3016,14.985,102.687,2019-08-09T03:33:09.000+07:00,2025-09-20T06:31:26.000+07:00,
301701,30270,ตำบลชุมพวง,Tambon Chum Phuang,3017,15.344,102.75,2019-08-09T03:33:09.000+07:00,2025-09-20T06:31:26.000+07:00,
301702,30270,ตำบลประสุข,Tambon Prasuk,3017,15.342,102.685,2019-08-09T03:33:09.000+07:00,2025-09-20T06:31:26.000+07:00,
301703,30270,ตำบลท่าลาด,Tambon Tha Lat,3017,15.243,102.72,2019-08-09T03:33:09.000+07:00,2025-09-20T06:31:26.000+07:00,
301704,30270,ตำบลสาหร่าย,Tambon Sarai,3017,15.184,102.735,2019-08-09T03:33:09.000+07:00,2025-09-20T06:31:26.000+07:00,
301705,30270,ตำบลตลาดไทร,Tambon Talat Sai,3017,15.109,102.773,2019-08-09T03:33:09.000+07:00,2025-09-20T06:31:26.000+07:00,
301706,30270,ตำบลช่องแมว,Tambon Chong Maew,3017,,,2019-08-09T03:33:09.000+07:00,2025-09-20T06:31:26.000+07:00,
301707,30270,ตำบลขุย,Tambon Kui,3017,,,2019-08-09T03:33:09.000+07:00,2025-09-20T06:31:26.000+07:00,
301710,30270,ตำบลโนนรัง,Tambon Non Rang,3017,15.258,102.81,2019-08-09T03:33:09.000+07:00,2025-09-20T06:31:26.000+07:00,
301711,30270,ตำบลบ้านยาง,Tambon Ban Yang,3017,,,2019-08-09T03:33:09.000+07:00,2025-09-20T06:31:26.000+07:00,
301714,30270,ตำบลหนองหลัก,Tambon Nong Lak,3017,15.411,102.732,2019-08-09T03:33:09.000+07:00,2025-09-20T06:31:26.000+07:00,
301715,30270,ตำบลไพล,Tambon Plai,3017,,,2019-08-09T03:33:09.000+07:00,2025-09-20T06:31:26.000+07:00,
301716,30270,ตำบลโนนตูม,Tambon Non Tum,3017,15.167,102.769,2019-08-09T03:33:09.000+07:00,2025-09-20T06:31:26.000+07:00,
301717,30270,ตำบลโนนยอ,Tambon Non Yo,3017,15.339,102.828,2019-08-09T03:33:09.000+07:00,2025-09-20T06:31:26.000+07:00,
301801,30170,ตำบลสูงเนิน,Tambon Sung Noen,3018,14.861,101.842,2019-08-09T03:33:09.000+07:00,2025-09-20T06:31:26.000+07:00,
301802,30170,ตำบลเสมา,Tambon Sema,3018,14.982,101.777,2019-08-09T03:33:09.000+07:00,2025-09-20T06:31:26.000+07:00,
301803,30170,ตำบลโคราช,Tambon Khorat,3018,14.909,101.851,2019-08-09T03:33:09.000+07:00,2025-09-20T06:31:26.000+07:00,
301804,30170,ตำบลบุ่งขี้เหล็ก,Tambon Bung Khilek,3018,14.952,101.839,2019-08-09T03:33:09.000+07:00,2025-09-20T06:31:26.000+07:00,
301805,30170,ตำบลโนนค่า,Tambon Non Kha,3018,15.034,101.84,2019-08-09T03:33:09.000+07:00,2025-09-20T06:31:26.000+07:00,
301806,30170,ตำบลโค้งยาง,Tambon Khong Yang,3018,14.922,101.903,2019-08-09T03:33:09.000+07:00,2025-09-20T06:31:26.000+07:00,
301807,30170,ตำบลมะเกลือเก่า,Tambon Makluea Kao,3018,14.779,101.805,2019-08-09T03:33:09.000+07:00,2025-09-20T06:31:26.000+07:00,
301808,30170,ตำบลมะเกลือใหม่,Tambon Makluea Mai,3018,14.798,101.728,2019-08-09T03:33:09.000+07:00,2025-09-20T06:31:26.000+07:00,
301809,30380,ตำบลนากลาง,Tambon Na Klang,3018,14.855,101.942,2019-08-09T03:33:09.000+07:00,2025-09-20T06:31:26.000+07:00,
301810,30380,ตำบลหนองตะไก้,Tambon Nong Takai,3018,14.79,101.895,2019-08-09T03:33:09.000+07:00,2025-09-20T06:31:26.000+07:00,
301811,30380,ตำบลกุดจิก,Tambon Kut Chik,3018,,,2019-08-09T03:33:09.000+07:00,2025-09-20T06:31:26.000+07:00,
301901,30280,ตำบลขามทะเลสอ,Tambon Kham Thale So,3019,14.974,101.959,2019-08-09T03:33:09.000+07:00,2025-09-20T06:31:26.000+07:00,
301902,30280,ตำบลโป่งแดง,Tambon Pong Daeng,3019,14.97,101.916,2019-08-09T03:33:09.000+07:00,2025-09-20T06:31:26.000+07:00,
301903,30280,ตำบลพันดุง,Tambon Phan Dung,3019,15.069,101.952,2019-08-09T03:33:09.000+07:00,2025-09-20T06:31:26.000+07:00,
301904,30280,ตำบลหนองสรวง,Tambon Nong Suang,3019,15.086,101.894,2019-08-09T03:33:09.000+07:00,2025-09-20T06:31:26.000+07:00,
301905,30280,ตำบลบึงอ้อ,Tambon Bueng O,3019,15.028,101.932,2019-08-09T03:33:09.000+07:00,2025-09-20T06:31:26.000+07:00,
302001,30140,ตำบลสีคิ้ว,Tambon Sikhio,3020,14.905,101.687,2019-08-09T03:33:09.000+07:00,2025-09-20T06:31:26.000+07:00,
302002,30140,ตำบลบ้านหัน,Tambon Ban Han,3020,14.985,101.75,2019-08-09T03:33:09.000+07:00,2025-09-20T06:31:26.000+07:00,
302003,30140,ตำบลกฤษณา,Tambon Kritsana,3020,15.046,101.556,2019-08-09T03:33:09.000+07:00,2025-09-20T06:31:26.000+07:00,
302004,30340,ตำบลลาดบัวขาว,Tambon Lat Bua Khao,3020,14.823,101.629,2019-08-09T03:33:09.000+07:00,2025-09-20T06:31:26.000+07:00,
302005,30140,ตำบลหนองหญ้าขาว,Tambon Nong Ya Khao,3020,14.959,101.574,2019-08-09T03:33:09.000+07:00,2025-09-20T06:31:26.000+07:00,
302006,30140,ตำบลกุดน้อย,Tambon Kut Noi,3020,14.931,101.753,2019-08-09T03:33:09.000+07:00,2025-09-20T06:31:26.000+07:00,
302007,30140,ตำบลหนองน้ำใส,Tambon Nong Nam Sai,3020,14.932,101.485,2019-08-09T03:33:09.000+07:00,2025-09-20T06:31:26.000+07:00,
302008,30140,ตำบลวังโรงใหญ่,Tambon Wang Rong Yai,3020,15.045,101.659,2019-08-09T03:33:09.000+07:00,2025-09-20T06:31:26.000+07:00,
302009,30140,ตำบลมิตรภาพ,Tambon Mittraphap,3020,14.797,101.685,2019-08-09T03:33:09.000+07:00,2025-09-20T06:31:26.000+07:00,
302010,30340,ตำบลคลองไผ่,Tambon Khlong Phai,3020,14.883,101.515,2019-08-09T03:33:09.000+07:00,2025-09-20T06:31:26.000+07:00,
302011,30140,ตำบลดอนเมือง,Tambon Don Mueang,3020,15.02,101.456,2019-08-09T03:33:09.000+07:00,2025-09-20T06:31:26.000+07:00,
302012,30140,ตำบลหนองบัวน้อย,Tambon Nong Bua Noi,3020,15.047,101.76,2019-08-09T03:33:09.000+07:00,2025-09-20T06:31:26.000+07:00,
302101,30130,ตำบลปากช่อง,Tambon Pak Chong,3021,14.722,101.363,2019-08-09T03:33:09.000+07:00,2025-09-20T06:31:26.000+07:00,
302102,30320,ตำบลกลางดง,Tambon Klang Dong,3021,14.65,101.283,2019-08-09T03:33:09.000+07:00,2025-09-20T06:31:26.000+07:00,
302103,30130,ตำบลจันทึก,Tambon Chanthuek,3021,14.806,101.456,2019-08-09T03:33:09.000+07:00,2025-09-20T06:31:26.000+07:00,
302104,30130,ตำบลวังกะทะ,Tambon Wang Katha,3021,14.536,101.64,2019-08-09T03:33:09.000+07:00,2025-09-20T06:31:26.000+07:00,
302105,30130,ตำบลหมูสี,Tambon Mu Si,3021,14.501,101.402,2019-08-09T03:33:09.000+07:00,2025-09-20T06:31:26.000+07:00,
302106,30130,ตำบลหนองสาหร่าย,Tambon Nong Sarai,3021,14.689,101.488,2019-08-09T03:33:09.000+07:00,2025-09-20T06:31:26.000+07:00,
302107,30130,ตำบลขนงพระ,Tambon Khanong Phra,3021,14.594,101.53,2019-08-09T03:33:09.000+07:00,2025-09-20T06:31:26.000+07:00,
302108,30130,ตำบลโป่งตาลอง,Tambon Pong Talong,3021,14.472,101.605,2019-08-09T03:33:09.000+07:00,2025-09-20T06:31:26.000+07:00,
302109,30130,ตำบลคลองม่วง,Tambon Khlong Muang,3021,14.647,101.649,2019-08-09T03:33:09.000+07:00,2025-09-20T06:31:26.000+07:00,
302110,30130,ตำบลหนองน้ำแดง,Tambon Nong Nam Daeng,3021,14.613,101.398,2019-08-09T03:33:09.000+07:00,2025-09-20T06:31:26.000+07:00,
302111,30130,ตำบลวังไทร,Tambon Wang Sai,3021,14.706,101.573,2019-08-09T03:33:09.000+07:00,2025-09-20T06:31:26.000+07:00,
302112,30320,ตำบลพญาเย็น,Tambon Phaya Yen,3021,14.548,101.246,2019-08-09T03:33:09.000+07:00,2025-09-20T06:31:26.000+07:00,
302201,30410,ตำบลหนองบุนนาก,Tambon Nong Bunnak,3022,14.609,102.4,2019-08-09T03:33:09.000+07:00,2025-09-20T06:31:26.000+07:00,
302202,30410,ตำบลสารภี,Tambon Saraphi,3022,14.814,102.417,2019-08-09T03:33:09.000+07:00,2025-09-20T06:31:26.000+07:00,
302203,30410,ตำบลไทยเจริญ,Tambon Thai Charoen,3022,14.743,102.45,2019-08-09T03:33:09.000+07:00,2025-09-20T06:31:26.000+07:00,
302204,30410,ตำบลหนองหัวแรต,Tambon Nong Hua Raet,3022,14.715,102.332,2019-08-09T03:33:09.000+07:00,2025-09-20T06:31:26.000+07:00,
302205,30410,ตำบลแหลมทอง,Tambon Laem Thong,3022,14.78,102.304,2019-08-09T03:33:09.000+07:00,2025-09-20T06:31:26.000+07:00,
302206,30410,ตำบลหนองตะไก้,Tambon Nong Takai,3022,14.654,102.397,2019-08-09T03:33:09.000+07:00,2025-09-20T06:31:26.000+07:00,
302207,30410,ตำบลลุงเขว้า,Tambon Lung Khwao,3022,14.813,102.339,2019-08-09T03:33:09.000+07:00,2025-09-20T06:31:26.000+07:00,
302208,30410,ตำบลหนองไม้ไผ่,Tambon Nong Mai Phai,3022,14.641,102.32,2019-08-09T03:33:09.000+07:00,2025-09-20T06:31:26.000+07:00,
302209,30410,ตำบลบ้านใหม่,Tambon Ban Mai,3022,14.754,102.398,2019-08-09T03:33:09.000+07:00,2025-09-20T06:31:26.000+07:00,
302301,30440,ตำบลแก้งสนามนาง,Tambon Kaeng Sanam Nang,3023,15.727,102.277,2019-08-09T03:33:09.000+07:00,2025-09-20T06:31:26.000+07:00,
302302,30440,ตำบลโนนสำราญ,Tambon Non Samran,3023,15.75,102.325,2019-08-09T03:33:09.000+07:00,2025-09-20T06:31:26.000+07:00,
302303,30440,ตำบลบึงพะไล,Tambon Bueng Phalai,3023,15.661,102.236,2019-08-09T03:33:09.000+07:00,2025-09-20T06:31:26.000+07:00,
302304,30440,ตำบลสีสุก,Tambon Si Suk,3023,15.64,102.175,2019-08-09T03:33:09.000+07:00,2025-09-20T06:31:26.000+07:00,
302305,30440,ตำบลบึงสำโรง,Tambon Bueng Samrong,3023,15.715,102.198,2019-08-09T03:33:09.000+07:00,2025-09-20T06:31:26.000+07:00,
302401,30360,ตำบลโนนแดง,Tambon Non Daeng,3024,,,2019-08-09T03:33:09.000+07:00,2025-09-20T06:31:26.000+07:00,
302402,30360,ตำบลโนนตาเถร,Tambon Non Ta Then,3024,15.435,102.488,2019-08-09T03:33:09.000+07:00,2025-09-20T06:31:26.000+07:00,
302403,30360,ตำบลสำพะเนียง,Tambon Samphaniang,3024,15.452,102.568,2019-08-09T03:33:09.000+07:00,2025-09-20T06:31:26.000+07:00,
302404,30360,ตำบลวังหิน,Tambon Wang Hin,3024,15.505,102.567,2019-08-09T03:33:09.000+07:00,2025-09-20T06:31:26.000+07:00,
302405,30360,ตำบลดอนยาวใหญ่,Tambon Don Yao Yai,3024,15.41,102.536,2019-08-09T03:33:09.000+07:00,2025-09-20T06:31:26.000+07:00,
302501,30370,ตำบลวังน้ำเขียว,Tambon Wang Nam Khiao,3025,14.399,101.817,2019-08-09T03:33:09.000+07:00,2025-09-20T06:31:26.000+07:00,
302502,30370,ตำบลวังหมี,Tambon Wang Mi,3025,14.474,101.769,2019-08-09T03:33:09.000+07:00,2025-09-20T06:31:26.000+07:00,
302503,30150,ตำบลระเริง,Tambon Raroeng,3025,14.574,101.731,2019-08-09T03:33:09.000+07:00,2025-09-20T06:31:26.000+07:00,
302504,30370,ตำบลอุดมทรัพย์,Tambon Udom Sap,3025,14.49,101.969,2019-08-09T03:33:09.000+07:00,2025-09-20T06:31:26.000+07:00,
302505,30370,ตำบลไทยสามัคคี,Tambon Thai Samakkhi,3025,14.353,101.966,2019-08-09T03:33:09.000+07:00,2025-09-20T06:31:26.000+07:00,
302601,30210,ตำบลสำนักตะคร้อ,Tambon Samnak Takhro,3026,15.297,101.564,2019-08-09T03:33:09.000+07:00,2025-09-20T06:31:26.000+07:00,
302602,30210,ตำบลหนองแวง,Tambon Nong Waeng,3026,15.256,101.436,2019-08-09T03:33:09.000+07:00,2025-09-20T06:31:26.000+07:00,
302603,30210,ตำบลบึงปรือ,Tambon Bueng Prue,3026,15.303,101.411,2019-08-09T03:33:09.000+07:00,2025-09-20T06:31:26.000+07:00,
302604,30210,ตำบลวังยายทอง,Tambon Wang Yai Thong,3026,15.349,101.518,2019-08-09T03:33:09.000+07:00,2025-09-20T06:31:26.000+07:00,
302701,30270,ตำบลเมืองยาง,Tambon Mueang Yang,3027,15.418,102.886,2019-08-09T03:33:09.000+07:00,2025-09-20T06:31:26.000+07:00,
302702,30270,ตำบลกระเบื้องนอก,Tambon Krabueang Nok,3027,15.44,102.957,2019-08-09T03:33:09.000+07:00,2025-09-20T06:31:26.000+07:00,
302703,30270,ตำบลละหานปลาค้าว,Tambon Lahan Pla Khao,3027,15.487,102.889,2019-08-09T03:33:09.000+07:00,2025-09-20T06:31:26.000+07:00,
302704,30270,ตำบลโนนอุดม,Tambon Non Udom,3027,15.426,102.812,2019-08-09T03:33:09.000+07:00,2025-09-20T06:31:26.000+07:00,
302801,30220,ตำบลสระพระ,Tambon Sa Phra,3028,15.311,101.959,2019-08-09T03:33:09.000+07:00,2025-09-20T06:31:26.000+07:00,
302802,30220,ตำบลมาบกราด,Tambon Map Krat,3028,15.369,101.926,2019-08-09T03:33:09.000+07:00,2025-09-20T06:31:26.000+07:00,
302803,30220,ตำบลพังเทียม,Tambon Phang Thiam,3028,15.275,101.995,2019-08-09T03:33:09.000+07:00,2025-09-20T06:31:26.000+07:00,
302804,30220,ตำบลทัพรั้ง,Tambon Thap Rang,3028,15.406,101.976,2019-08-09T03:33:09.000+07:00,2025-09-20T06:31:26.000+07:00,
302805,30220,ตำบลหนองหอย,Tambon Nong Hoi,3028,15.334,102.056,2019-08-09T03:33:09.000+07:00,2025-09-20T06:31:26.000+07:00,
302901,30270,ตำบลขุย,Tambon Khui,3029,15.353,102.866,2019-08-09T03:33:09.000+07:00,2025-09-20T06:31:26.000+07:00,
302902,30270,ตำบลบ้านยาง,Tambon Ban Yang,3029,15.25,102.944,2019-08-09T03:33:09.000+07:00,2025-09-20T06:31:26.000+07:00,
302903,30270,ตำบลช่องแมว,Tambon Chong Maeo,3029,15.276,102.874,2019-08-09T03:33:09.000+07:00,2025-09-20T06:31:26.000+07:00,
302904,30270,ตำบลไพล,Tambon Phlai,3029,15.36,102.971,2019-08-09T03:33:09.000+07:00,2025-09-20T06:31:26.000+07:00,
303001,30120,ตำบลเมืองพะไล,Tambon Mueang Phalai,3030,15.649,102.532,2019-08-09T03:33:09.000+07:00,2025-09-20T06:31:26.000+07:00,
303002,30120,ตำบลโนนจาน,Tambon Non Chan,3030,15.699,102.472,2019-08-09T03:33:09.000+07:00,2025-09-20T06:31:26.000+07:00,
303003,30120,ตำบลบัวลาย,Tambon Bua Lai,3030,15.661,102.468,2019-08-09T03:33:09.000+07:00,2025-09-20T06:31:26.000+07:00,
303004,30120,ตำบลหนองหว้า,Tambon Nong Wa,3030,15.667,102.573,2019-08-09T03:33:09.000+07:00,2025-09-20T06:31:26.000+07:00,
303101,30430,ตำบลสีดา,Tambon Sida,3031,15.564,102.588,2019-08-09T03:33:09.000+07:00,2025-09-20T06:31:26.000+07:00,
303102,30430,ตำบลโพนทอง,Tambon Phon Thong,3031,15.54,102.59,2019-08-09T03:33:09.000+07:00,2025-09-20T06:31:26.000+07:00,
303103,30430,ตำบลโนนประดู่,Tambon Non Pradu,3031,15.521,102.479,2019-08-09T03:33:09.000+07:00,2025-09-20T06:31:26.000+07:00,
303104,30430,ตำบลสามเมือง,Tambon Sam Mueang,3031,15.591,102.537,2019-08-09T03:33:09.000+07:00,2025-09-20T06:31:26.000+07:00,
303105,30430,ตำบลหนองตาดใหญ่,Tambon Nong Tat Yai,3031,15.617,102.591,2019-08-09T03:33:09.000+07:00,2025-09-20T06:31:26.000+07:00,
303201,30230,ตำบลช้างทอง,Tambon Chang Thong,3032,15.029,102.31,2019-08-09T03:33:09.000+07:00,2025-09-20T06:31:26.000+07:00,
303202,30230,ตำบลท่าช้าง,Tambon Tha Chang,3032,14.981,102.323,2019-08-09T03:33:09.000+07:00,2025-09-20T06:31:26.000+07:00,
303203,30230,ตำบลพระพุทธ,Tambon Phra Phut,3032,14.975,102.232,2019-08-09T03:33:09.000+07:00,2025-09-20T06:31:26.000+07:00,
303204,30000,ตำบลหนองงูเหลือม,Tambon Nong Ngu Lueam,3032,15.053,102.234,2019-08-09T03:33:09.000+07:00,2025-09-20T06:31:26.000+07:00,
303205,30230,ตำบลหนองยาง,Tambon Nong Yang,3032,14.93,102.287,2019-08-09T03:33:09.000+07:00,2025-09-20T06:31:26.000+07:00,
310101,31000,ตำบลในเมือง,Tambon Nai Mueang,3101,14.999,103.104,2019-08-09T03:33:09.000+07:00,2025-09-20T06:31:26.000+07:00,
310102,31000,ตำบลอิสาณ,Tambon Isan,3101,14.979,103.128,2019-08-09T03:33:09.000+07:00,2025-09-20T06:31:26.000+07:00,
310103,31000,ตำบลเสม็ด,Tambon Samet,3101,14.941,103.098,2019-08-09T03:33:09.000+07:00,2025-09-20T06:31:26.000+07:00,
310104,31000,ตำบลบ้านบัว,Tambon Ban Bua,3101,14.949,102.997,2019-08-09T03:33:09.000+07:00,2025-09-20T06:31:26.000+07:00,
310105,31000,ตำบลสะแกโพรง,Tambon Sakae Phrong,3101,14.853,102.942,2019-08-09T03:33:09.000+07:00,2025-09-20T06:31:26.000+07:00,
310106,31000,ตำบลสวายจีก,Tambon Sawai Chik,3101,,,2019-08-09T03:33:09.000+07:00,2025-09-20T06:31:26.000+07:00,
310108,31000,ตำบลบ้านยาง,Tambon Ban Yang,3101,15.018,103.156,2019-08-09T03:33:09.000+07:00,2025-09-20T06:31:26.000+07:00,
310112,31000,ตำบลพระครู,Tambon Phra Khru,3101,15.099,103.018,2019-08-09T03:33:09.000+07:00,2025-09-20T06:31:26.000+07:00,
310113,31000,ตำบลถลุงเหล็ก,Tambon Thalung Lek,3101,15.116,103.078,2019-08-09T03:33:09.000+07:00,2025-09-20T06:31:26.000+07:00,
310114,31000,ตำบลหนองตาด,Tambon Nong Tat,3101,15.031,103.024,2019-08-09T03:33:09.000+07:00,2025-09-20T06:31:26.000+07:00,
310117,31000,ตำบลลุมปุ๊ก,Tambon Lumpuk,3101,14.908,102.951,2019-08-09T03:33:09.000+07:00,2025-09-20T06:31:26.000+07:00,
310118,31000,ตำบลสองห้อง,Tambon Song Hong,3101,14.808,102.953,2019-08-09T03:33:09.000+07:00,2025-09-20T06:31:26.000+07:00,
310119,31000,ตำบลบัวทอง,Tambon Bua Thong,3101,15.058,103.136,2019-08-09T03:33:09.000+07:00,2025-09-20T06:31:26.000+07:00,
310120,31000,ตำบลชุมเห็ด,Tambon Chum Het,3101,15.033,103.093,2019-08-09T03:33:09.000+07:00,2025-09-20T06:31:26.000+07:00,
310122,31000,ตำบลหลักเขต,Tambon Lak Khet,3101,14.824,103.159,2019-08-09T03:33:09.000+07:00,2025-09-20T06:31:26.000+07:00,
310125,31000,ตำบลสะแกซำ,Tambon Sakae Sam,3101,14.871,103.099,2019-08-09T03:33:09.000+07:00,2025-09-20T06:31:26.000+07:00,
310126,31000,ตำบลกลันทา,Tambon Kalantha,3101,15.095,103.109,2019-08-09T03:33:09.000+07:00,2025-09-20T06:31:26.000+07:00,
310127,31000,ตำบลกระสัง,Tambon Krasang,3101,14.974,103.047,2019-08-09T03:33:09.000+07:00,2025-09-20T06:31:26.000+07:00,
310128,31000,ตำบลเมืองฝาง,Tambon Mueang Fang,3101,14.782,102.982,2019-08-09T03:33:09.000+07:00,2025-09-20T06:31:26.000+07:00,
310201,31190,ตำบลคูเมือง,Tambon Khu Mueang,3102,15.24,103.0,2019-08-09T03:33:09.000+07:00,2025-09-20T06:31:26.000+07:00,
310202,31190,ตำบลปะเคียบ,Tambon Pakhiap,3102,15.391,103.054,2019-08-09T03:33:09.000+07:00,2025-09-20T06:31:26.000+07:00,
310203,31190,ตำบลบ้านแพ,Tambon Ban Phae,3102,15.388,103.008,2019-08-09T03:33:09.000+07:00,2025-09-20T06:31:26.000+07:00,
310204,31190,ตำบลพรสำราญ,Tambon Phon Samran,3102,15.169,103.027,2019-08-09T03:33:09.000+07:00,2025-09-20T06:31:26.000+07:00,
310205,31190,ตำบลหินเหล็กไฟ,Tambon Hin Lek Fai,3102,15.157,103.064,2019-08-09T03:33:09.000+07:00,2025-09-20T06:31:26.000+07:00,
310206,31190,ตำบลตูมใหญ่,Tambon Tum Yai,3102,15.165,103.137,2019-08-09T03:33:09.000+07:00,2025-09-20T06:31:26.000+07:00,
310207,31190,ตำบลหนองขมาร,Tambon Nong Khaman,3102,15.314,102.995,2019-08-09T03:33:09.000+07:00,2025-09-20T06:31:26.000+07:00,
310301,31160,ตำบลกระสัง,Tambon Krasang,3103,14.922,103.296,2019-08-09T03:33:09.000+07:00,2025-09-20T06:31:26.000+07:00,
310302,31160,ตำบลลำดวน,Tambon Lamduan,3103,15.061,103.403,2019-08-09T03:33:09.000+07:00,2025-09-20T06:31:26.000+07:00,
310303,31160,ตำบลสองชั้น,Tambon Song Chan,3103,14.887,103.224,2019-08-09T03:33:09.000+07:00,2025-09-20T06:31:26.000+07:00,
310304,31160,ตำบลสูงเนิน,Tambon Sung Noen,3103,14.82,103.239,2019-08-09T03:33:09.000+07:00,2025-09-20T06:31:26.000+07:00,
310305,31160,ตำบลหนองเต็ง,Tambon Nong Teng,3103,14.905,103.374,2019-08-09T03:33:09.000+07:00,2025-09-20T06:31:26.000+07:00,
310306,31160,ตำบลเมืองไผ่,Tambon Mueang Phai,3103,14.994,103.292,2019-08-09T03:33:09.000+07:00,2025-09-20T06:31:26.000+07:00,
310307,31160,ตำบลชุมแสง,Tambon Chum Saeng,3103,14.984,103.395,2019-08-09T03:33:09.000+07:00,2025-09-20T06:31:26.000+07:00,
310308,31160,ตำบลบ้านปรือ,Tambon Ban Prue,3103,14.848,103.299,2019-08-09T03:33:09.000+07:00,2025-09-20T06:31:26.000+07:00,
310309,31160,ตำบลห้วยสำราญ,Tambon Huai Samran,3103,15.072,103.336,2019-08-09T03:33:09.000+07:00,2025-09-20T06:31:26.000+07:00,
310310,31160,ตำบลกันทรารมย์,Tambon Kanthararom,3103,14.966,103.34,2019-08-09T03:33:09.000+07:00,2025-09-20T06:31:26.000+07:00,
310311,31160,ตำบลศรีภูมิ,Tambon Si Phum,3103,15.027,103.338,2019-08-09T03:33:09.000+07:00,2025-09-20T06:31:26.000+07:00,
310401,31110,ตำบลนางรอง,Tambon Nang Rong,3104,14.673,102.806,2019-08-09T03:33:09.000+07:00,2025-09-20T06:31:26.000+07:00,
310403,31110,ตำบลสะเดา,Tambon Sadao,3104,14.577,102.77,2019-08-09T03:33:09.000+07:00,2025-09-20T06:31:26.000+07:00,
310405,31110,ตำบลชุมแสง,Tambon Chum Saeng,3104,14.561,102.666,2019-08-09T03:33:09.000+07:00,2025-09-20T06:31:26.000+07:00,
310406,31110,ตำบลหนองโบสถ์,Tambon Nong Bot,3104,14.612,102.691,2019-08-09T03:33:09.000+07:00,2025-09-20T06:31:26.000+07:00,
310408,31110,ตำบลหนองกง,Tambon Nong Kong,3104,14.674,102.896,2019-08-09T03:33:09.000+07:00,2025-09-20T06:31:26.000+07:00,
310413,31110,ตำบลถนนหัก,Tambon Thanon Hak,3104,14.616,102.833,2019-08-09T03:33:09.000+07:00,2025-09-20T06:31:26.000+07:00,
310414,31110,ตำบลหนองไทร,Tambon Nong Sai,3104,14.499,102.757,2019-08-09T03:33:09.000+07:00,2025-09-20T06:31:26.000+07:00,
310415,31110,ตำบลก้านเหลือง,Tambon Kan Lueang,3104,14.73,102.711,2019-08-09T03:33:09.000+07:00,2025-09-20T06:31:26.000+07:00,
310416,31110,ตำบลบ้านสิงห์,Tambon Ban Sing,3104,14.735,102.789,2019-08-09T03:33:09.000+07:00,2025-09-20T06:31:26.000+07:00,
310417,31110,ตำบลลำไทรโยง,Tambon Lam Sai Yong,3104,14.665,102.735,2019-08-09T03:33:09.000+07:00,2025-09-20T06:31:26.000+07:00,
310418,31110,ตำบลทรัพย์พระยา,Tambon Sap Phraya,3104,14.516,102.662,2019-08-09T03:33:09.000+07:00,2025-09-20T06:31:26.000+07:00,
310424,31110,ตำบลหนองยายพิมพ์,Tambon Nong Yai Phim,3104,14.69,102.863,2019-08-09T03:33:09.000+07:00,2025-09-20T06:31:26.000+07:00,
310425,31110,ตำบลหัวถนน,Tambon Hua Thanon,3104,14.661,102.648,2019-08-09T03:33:09.000+07:00,2025-09-20T06:31:26.000+07:00,
310426,31110,ตำบลทุ่งแสงทอง,Tambon Thung Saeng Thong,3104,14.581,102.705,2019-08-09T03:33:09.000+07:00,2025-09-20T06:31:26.000+07:00,
310427,31110,ตำบลหนองโสน,Tambon Nong Sano,3104,14.737,102.934,2019-08-09T03:33:09.000+07:00,2025-09-20T06:31:26.000+07:00,
310501,31210,ตำบลหนองกี่,Tambon Nong Ki,3105,14.669,102.571,2019-08-09T03:33:09.000+07:00,2025-09-20T06:31:26.000+07:00,
310502,31210,ตำบลเย้ยปราสาท,Tambon Yoei Prasat,3105,14.739,102.564,2019-08-09T03:33:09.000+07:00,2025-09-20T06:31:26.000+07:00,
310503,31210,ตำบลเมืองไผ่,Tambon Mueang Phai,3105,14.774,102.645,2019-08-09T03:33:09.000+07:00,2025-09-20T06:31:26.000+07:00,
310504,31210,ตำบลดอนอะราง,Tambon Don Arang,3105,14.642,102.571,2019-08-09T03:33:09.000+07:00,2025-09-20T06:31:26.000+07:00,
310505,31210,ตำบลโคกสว่าง,Tambon Khok Sawang,3105,14.782,102.489,2019-08-09T03:33:09.000+07:00,2025-09-20T06:31:26.000+07:00,
310506,31210,ตำบลทุ่งกระตาดพัฒนา,Tambon Thung Kratat Phatthana,3105,14.674,102.497,2019-08-09T03:33:09.000+07:00,2025-09-20T06:31:26.000+07:00,
310507,31210,ตำบลทุ่งกระเต็น,Tambon Thung Kraten,3105,14.693,102.564,2019-08-09T03:33:09.000+07:00,2025-09-20T06:31:26.000+07:00,
310508,31210,ตำบลท่าโพธิ์ชัย,Tambon Tha Pho Chai,3105,14.736,102.635,2019-08-09T03:33:09.000+07:00,2025-09-20T06:31:26.000+07:00,
310509,31210,ตำบลโคกสูง,Tambon Khok Sung,3105,14.806,102.562,2019-08-09T03:33:09.000+07:00,2025-09-20T06:31:26.000+07:00,
310510,31210,ตำบลบุกระสัง,Tambon Bu Krasang,3105,14.724,102.501,2019-08-09T03:33:09.000+07:00,2025-09-20T06:31:26.000+07:00,
310601,31170,ตำบลละหานทราย,Tambon Lahan Sai,3106,14.418,102.854,2019-08-09T03:33:09.000+07:00,2025-09-20T06:31:26.000+07:00,
310603,31170,ตำบลตาจง,Tambon Ta Chong,3106,14.439,102.92,2019-08-09T03:33:09.000+07:00,2025-09-20T06:31:26.000+07:00,
310604,31170,ตำบลสำโรงใหม่,Tambon Samrong Mai,3106,14.284,102.85,2019-08-09T03:33:09.000+07:00,2025-09-20T06:31:26.000+07:00,
310607,31170,ตำบลหนองแวง,Tambon Nong Waeng,3106,14.268,102.935,2019-08-09T03:33:09.000+07:00,2025-09-20T06:31:26.000+07:00,
310610,31170,ตำบลหนองตะครอง,Tambon Nong Trakhrong,3106,,,2019-08-09T03:33:09.000+07:00,2025-09-20T06:31:26.000+07:00,
310611,31170,ตำบลโคกว่าน,Tambon Khok Wan,3106,14.449,102.784,2019-08-09T03:33:09.000+07:00,2025-09-20T06:31:26.000+07:00,
310701,31140,ตำบลประโคนชัย,Tambon Prakhon Chai,3107,14.613,103.081,2019-08-09T03:33:09.000+07:00,2025-09-20T06:31:26.000+07:00,
310702,31140,ตำบลแสลงโทน,Tambon Salaeng Thon,3107,14.787,103.055,2019-08-09T03:33:09.000+07:00,2025-09-20T06:31:26.000+07:00,
310703,31140,ตำบลบ้านไทร,Tambon Ban Sai,3107,14.705,103.065,2019-08-09T03:33:09.000+07:00,2025-09-20T06:31:26.000+07:00,
310705,31140,ตำบลละเวี้ย,Tambon Lawia,3107,14.599,103.191,2019-08-09T03:33:09.000+07:00,2025-09-20T06:31:26.000+07:00,
310706,31140,ตำบลจรเข้มาก,Tambon Chorakhe Mak,3107,14.5,102.989,2019-08-09T03:33:09.000+07:00,2025-09-20T06:31:26.000+07:00,
310707,31140,ตำบลปังกู,Tambon Pang Ku,3107,14.537,103.067,2019-08-09T03:33:09.000+07:00,2025-09-20T06:31:26.000+07:00,
310708,31140,ตำบลโคกย่าง,Tambon Khok Yang,3107,14.562,103.005,2019-08-09T03:33:09.000+07:00,2025-09-20T06:31:26.000+07:00,
310710,31140,ตำบลโคกม้า,Tambon Khok Ma,3107,14.641,103.035,2019-08-09T03:33:09.000+07:00,2025-09-20T06:31:26.000+07:00,
310713,31140,ตำบลไพศาล,Tambon Phaisan,3107,14.662,103.208,2019-08-09T03:33:09.000+07:00,2025-09-20T06:31:26.000+07:00,
310714,31140,ตำบลตะโกตาพิ,Tambon Tako Taphi,3107,14.638,102.981,2019-08-09T03:33:09.000+07:00,2025-09-20T06:31:26.000+07:00,
310715,31140,ตำบลเขาคอก,Tambon Khao Khok,3107,14.44,103.004,2019-08-09T03:33:09.000+07:00,2025-09-20T06:31:26.000+07:00,
310716,31140,ตำบลหนองบอน,Tambon Nong Bon,3107,14.542,103.143,2019-08-09T03:33:09.000+07:00,2025-09-20T06:31:26.000+07:00,
310718,31140,ตำบลโคกมะขาม,Tambon Khok Makham,3107,14.602,103.129,2019-08-09T03:33:09.000+07:00,2025-09-20T06:31:26.000+07:00,
310719,31140,ตำบลโคกตูม,Tambon Khok Tum,3107,14.702,102.989,2019-08-09T03:33:09.000+07:00,2025-09-20T06:31:26.000+07:00,
310720,31140,ตำบลประทัดบุ,Tambon Prathat Bu,3107,14.569,102.962,2019-08-09T03:33:09.000+07:00,2025-09-20T06:31:26.000+07:00,
310721,31140,ตำบลสี่เหลี่ยม,Tambon Si Liam,3107,14.75,103.003,2019-08-09T03:33:09.000+07:00,2025-09-20T06:31:26.000+07:00,
310801,31180,ตำบลบ้านกรวด,Tambon Ban Kruat,3108,14.429,103.077,2019-08-09T03:33:09.000+07:00,2025-09-20T06:31:26.000+07:00,
310802,31180,ตำบลโนนเจริญ,Tambon Non Charoen,3108,14.464,103.189,2019-08-09T03:33:09.000+07:00,2025-09-20T06:31:26.000+07:00,
310803,31180,ตำบลหนองไม้งาม,Tambon Nong Mai Ngam,3108,14.344,102.997,2019-08-09T03:33:09.000+07:00,2025-09-20T06:31:26.000+07:00,
310804,31180,ตำบลปราสาท,Tambon Prasat,3108,14.362,103.109,2019-08-09T03:33:09.000+07:00,2025-09-20T06:31:26.000+07:00,
310805,31180,ตำบลสายตะกู,Tambon Sai Taku,3108,14.397,103.211,2019-08-09T03:33:09.000+07:00,2025-09-20T06:31:26.000+07:00,
310806,31180,ตำบลหินลาด,Tambon Hin Lat,3108,14.473,103.143,2019-08-09T03:33:09.000+07:00,2025-09-20T06:31:26.000+07:00,
310807,31180,ตำบลบึงเจริญ,Tambon Bueng Charoen,3108,14.337,103.037,2019-08-09T03:33:09.000+07:00,2025-09-20T06:31:26.000+07:00,
310808,31180,ตำบลจันทบเพชร,Tambon Chanthop Phet,3108,14.384,103.164,2019-08-09T03:33:09.000+07:00,2025-09-20T06:31:26.000+07:00,
310809,31180,ตำบลเขาดินเหนือ,Tambon Khao Din Nuea,3108,14.524,103.199,2019-08-09T03:33:09.000+07:00,2025-09-20T06:31:26.000+07:00,
310901,31120,ตำบลพุทไธสง,Tambon Phutthaisong,3109,15.582,103.014,2019-08-09T03:33:09.000+07:00,2025-09-20T06:31:26.000+07:00,
310902,31120,ตำบลมะเฟือง,Tambon Mafueang,3109,15.497,103.032,2019-08-09T03:33:09.000+07:00,2025-09-20T06:31:26.000+07:00,
310903,31120,ตำบลบ้านจาน,Tambon Ban Chan,3109,15.507,102.983,2019-08-09T03:33:09.000+07:00,2025-09-20T06:31:26.000+07:00,
310906,31120,ตำบลบ้านเป้า,Tambon Ban Pao,3109,15.627,102.892,2019-08-09T03:33:09.000+07:00,2025-09-20T06:31:26.000+07:00,
310907,31120,ตำบลบ้านแวง,Tambon Ban Waeng,3109,15.58,102.959,2019-08-09T03:33:09.000+07:00,2025-09-20T06:31:26.000+07:00,
310909,31120,ตำบลบ้านยาง,Tambon Ban Yang,3109,15.463,103.097,2019-08-09T03:33:09.000+07:00,2025-09-20T06:31:26.000+07:00,
310910,31120,ตำบลหายโศก,Tambon Hai Sok,3109,15.526,102.937,2019-08-09T03:33:09.000+07:00,2025-09-20T06:31:26.000+07:00,
311001,31130,ตำบลลำปลายมาศ,Tambon Lam Plai Mat,3110,15.019,102.834,2019-08-09T03:33:09.000+07:00,2025-09-20T06:31:26.000+07:00,
311002,31130,ตำบลหนองคู,Tambon Nong Khu,3110,14.999,102.803,2019-08-09T03:33:09.000+07:00,2025-09-20T06:31:26.000+07:00,
311003,31130,ตำบลแสลงพัน,Tambon Salaeng Phan,3110,14.99,102.957,2019-08-09T03:33:09.000+07:00,2025-09-20T06:31:26.000+07:00,
311004,31130,ตำบลทะเมนชัย,Tambon Thamen Chai,3110,15.051,102.945,2019-08-09T03:33:09.000+07:00,2025-09-20T06:31:26.000+07:00,
311005,31130,ตำบลตลาดโพธิ์,Tambon Talat Pho,3110,15.083,102.893,2019-08-09T03:33:09.000+07:00,2025-09-20T06:31:26.000+07:00,
311006,31130,ตำบลหนองกะทิง,Tambon Nong Kathing,3110,,,2019-08-09T03:33:09.000+07:00,2025-09-20T06:31:26.000+07:00,
311007,31130,ตำบลโคกกลาง,Tambon Khok Klang,3110,14.949,102.862,2019-08-09T03:33:09.000+07:00,2025-09-20T06:31:26.000+07:00,
311008,31130,ตำบลโคกสะอาด,Tambon Khok Sa-at,3110,15.154,102.902,2019-08-09T03:33:09.000+07:00,2025-09-20T06:31:26.000+07:00,
311009,31130,ตำบลเมืองแฝก,Tambon Mueang Faek,3110,15.154,102.973,2019-08-09T03:33:09.000+07:00,2025-09-20T06:31:26.000+07:00,
311010,31130,ตำบลบ้านยาง,Tambon Ban Yang,3110,14.873,102.886,2019-08-09T03:33:09.000+07:00,2025-09-20T06:31:26.000+07:00,
311011,31130,ตำบลผไทรินทร์,Tambon Phathairin,3110,14.917,102.777,2019-08-09T03:33:09.000+07:00,2025-09-20T06:31:26.000+07:00,
311012,31130,ตำบลโคกล่าม,Tambon Khok Lam,3110,15.114,102.839,2019-08-09T03:33:09.000+07:00,2025-09-20T06:31:26.000+07:00,
311013,31130,ตำบลหินโคน,Tambon Hin Khon,3110,15.057,102.82,2019-08-09T03:33:09.000+07:00,2025-09-20T06:31:26.000+07:00,
311014,31130,ตำบลหนองบัวโคก,Tambon Nong Bua Khok,3110,15.006,102.889,2019-08-09T03:33:09.000+07:00,2025-09-20T06:31:26.000+07:00,
311015,31130,ตำบลบุโพธิ์,Tambon Bu Pho,3110,15.109,102.938,2019-08-09T03:33:09.000+07:00,2025-09-20T06:31:26.000+07:00,
311016,31130,ตำบลหนองโดน,Tambon Nong Don,3110,14.882,102.824,2019-08-09T03:33:09.000+07:00,2025-09-20T06:31:26.000+07:00,
311101,31150,ตำบลสตึก,Tambon Satuek,3111,15.263,103.301,2019-08-09T03:33:09.000+07:00,2025-09-20T06:31:26.000+07:00,
311102,31150,ตำบลนิคม,Tambon Nikhom,3111,15.274,103.225,2019-08-09T03:33:09.000+07:00,2025-09-20T06:31:26.000+07:00,
311103,31150,ตำบลทุ่งวัง,Tambon Thung Wang,3111,15.259,103.386,2019-08-09T03:33:09.000+07:00,2025-09-20T06:31:26.000+07:00,
311104,31150,ตำบลเมืองแก,Tambon Mueang Kae,3111,15.19,103.308,2019-08-09T03:33:09.000+07:00,2025-09-20T06:31:26.000+07:00,
311105,31150,ตำบลหนองใหญ่,Tambon Nong Yai,3111,15.131,103.291,2019-08-09T03:33:09.000+07:00,2025-09-20T06:31:26.000+07:00,
311106,31150,ตำบลร่อนทอง,Tambon Ron Thong,3111,15.2,103.244,2019-08-09T03:33:09.000+07:00,2025-09-20T06:31:26.000+07:00,
311109,31150,ตำบลดอนมนต์,Tambon Don Mon,3111,15.209,103.183,2019-08-09T03:33:09.000+07:00,2025-09-20T06:31:26.000+07:00,
311110,31150,ตำบลชุมแสง,Tambon Chum Saeng,3111,15.137,103.377,2019-08-09T03:33:09.000+07:00,2025-09-20T06:31:26.000+07:00,
311111,31150,ตำบลท่าม่วง,Tambon Tha Muang,3111,15.3,103.442,2019-08-09T03:33:09.000+07:00,2025-09-20T06:31:26.000+07:00,
311112,31150,ตำบลสะแก,Tambon Sakae,3111,15.3,103.354,2019-08-09T03:33:09.000+07:00,2025-09-20T06:31:26.000+07:00,
311114,31150,ตำบลสนามชัย,Tambon Sanam Chai,3111,15.207,103.356,2019-08-09T03:33:09.000+07:00,2025-09-20T06:31:26.000+07:00,
311115,31150,ตำบลกระสัง,Tambon Krasang,3111,15.195,103.405,2019-08-09T03:33:09.000+07:00,2025-09-20T06:31:26.000+07:00,
311201,31220,ตำบลปะคำ,Tambon Pakham,3112,14.454,102.721,2019-08-09T03:33:09.000+07:00,2025-09-20T06:31:26.000+07:00,
311202,31220,ตำบลไทยเจริญ,Tambon Thai Charoen,3112,14.461,102.683,2019-08-09T03:33:09.000+07:00,2025-09-20T06:31:26.000+07:00,
311203,31220,ตำบลหนองบัว,Tambon Nong Bua,3112,14.432,102.657,2019-08-09T03:33:09.000+07:00,2025-09-20T06:31:26.000+07:00,
311204,31220,ตำบลโคกมะม่วง,Tambon Khok Mamuang,3112,14.402,102.612,2019-08-09T03:33:09.000+07:00,2025-09-20T06:31:26.000+07:00,
311205,31220,ตำบลหูทำนบ,Tambon Hu Thamnop,3112,14.364,102.696,2019-08-09T03:33:09.000+07:00,2025-09-20T06:31:26.000+07:00,
311301,31230,ตำบลนาโพธิ์,Tambon Na Pho,3113,15.635,102.944,2019-08-09T03:33:09.000+07:00,2025-09-20T06:31:26.000+07:00,
311302,31230,ตำบลบ้านคู,Tambon Ban Khu,3113,15.712,102.933,2019-08-09T03:33:09.000+07:00,2025-09-20T06:31:26.000+07:00,
311303,31230,ตำบลบ้านดู่,Tambon Ban Du,3113,15.713,102.977,2019-08-09T03:33:09.000+07:00,2025-09-20T06:31:26.000+07:00,
311304,31230,ตำบลดอนกอก,Tambon Don Kok,3113,15.763,102.895,2019-08-09T03:33:09.000+07:00,2025-09-20T06:31:26.000+07:00,
311305,31230,ตำบลศรีสว่าง,Tambon Si Sawang,3113,15.673,102.934,2019-08-09T03:33:09.000+07:00,2025-09-20T06:31:26.000+07:00,
311401,31240,ตำบลสระแก้ว,Tambon Sa Kaeo,3114,14.828,102.681,2019-08-09T03:33:09.000+07:00,2025-09-20T06:31:26.000+07:00,
311402,31240,ตำบลห้วยหิน,Tambon Huai Hin,3114,14.871,102.594,2019-08-09T03:33:09.000+07:00,2025-09-20T06:31:26.000+07:00,
311403,31240,ตำบลไทยสามัคคี,Tambon Thai Samakkhi,3114,14.885,102.763,2019-08-09T03:33:09.000+07:00,2025-09-20T06:31:26.000+07:00,
311404,31240,ตำบลหนองชัยศรี,Tambon Nong Chai Si,3114,14.823,102.645,2019-08-09T03:33:09.000+07:00,2025-09-20T06:31:26.000+07:00,
311405,31240,ตำบลเสาเดียว,Tambon Sao Diao,3114,14.911,102.609,2019-08-09T03:33:09.000+07:00,2025-09-20T06:31:26.000+07:00,
311406,31240,ตำบลเมืองฝ้าย,Tambon Mueang Fai,3114,14.843,102.741,2019-08-09T03:33:09.000+07:00,2025-09-20T06:31:26.000+07:00,
311407,31240,ตำบลสระทอง,Tambon Sa Thong,3114,14.889,102.67,2019-08-09T03:33:09.000+07:00,2025-09-20T06:31:26.000+07:00,
311501,31250,ตำบลจันดุม,Tambon Chan Dum,3115,14.678,103.118,2019-08-09T03:33:09.000+07:00,2025-09-20T06:31:26.000+07:00,
311502,31250,ตำบลโคกขมิ้น,Tambon Khok Khamin,3115,14.769,103.193,2019-08-09T03:33:09.000+07:00,2025-09-20T06:31:26.000+07:00,
311503,31250,ตำบลป่าชัน,Tambon Pa Chan,3115,14.717,103.241,2019-08-09T03:33:09.000+07:00,2025-09-20T06:31:26.000+07:00,
311504,31250,ตำบลสะเดา,Tambon Sadao,3115,14.722,103.168,2019-08-09T03:33:09.000+07:00,2025-09-20T06:31:26.000+07:00,
311505,31250,ตำบลสำโรง,Tambon Samrong,3115,14.776,103.111,2019-08-09T03:33:09.000+07:00,2025-09-20T06:31:26.000+07:00,
311601,31000,ตำบลห้วยราช,Tambon Huai Rat,3116,14.964,103.183,2019-08-09T03:33:09.000+07:00,2025-09-20T06:31:26.000+07:00,
311602,31000,ตำบลสามแวง,Tambon Sam Waeng,3116,15.009,103.192,2019-08-09T03:33:09.000+07:00,2025-09-20T06:31:26.000+07:00,
311603,31000,ตำบลตาเสา,Tambon Ta Sao,3116,15.088,103.285,2019-08-09T03:33:09.000+07:00,2025-09-20T06:31:26.000+07:00,
311604,31000,ตำบลบ้านตะโก,Tambon Ban Tako,3116,14.969,103.233,2019-08-09T03:33:09.000+07:00,2025-09-20T06:31:26.000+07:00,
311605,31000,ตำบลสนวน,Tambon Sanuan,3116,14.933,103.182,2019-08-09T03:33:09.000+07:00,2025-09-20T06:31:26.000+07:00,
311606,31000,ตำบลโคกเหล็ก,Tambon Khok Lek,3116,15.023,103.23,2019-08-09T03:33:09.000+07:00,2025-09-20T06:31:26.000+07:00,
311607,31000,ตำบลเมืองโพธิ์,Tambon Mueang Pho,3116,15.042,103.268,2019-08-09T03:33:09.000+07:00,2025-09-20T06:31:26.000+07:00,
311608,31000,ตำบลห้วยราชา,Tambon Huai Racha,3116,14.982,103.203,2019-08-09T03:33:09.000+07:00,2025-09-20T06:31:26.000+07:00,
311701,31110,ตำบลโนนสุวรรณ,Tambon Non Suwan,3117,14.538,102.604,2019-08-09T03:33:09.000+07:00,2025-09-20T06:31:26.000+07:00,
311702,31110,ตำบลทุ่งจังหัน,Tambon Thung Changhan,3117,14.566,102.558,2019-08-09T03:33:09.000+07:00,2025-09-20T06:31:26.000+07:00,
311703,31110,ตำบลโกรกแก้ว,Tambon Krok Kaeo,3117,14.621,102.637,2019-08-09T03:33:09.000+07:00,2025-09-20T06:31:26.000+07:00,
311704,31110,ตำบลดงอีจาน,Tambon Dong I Chan,3117,14.546,102.517,2019-08-09T03:33:09.000+07:00,2025-09-20T06:31:26.000+07:00,
311801,31110,ตำบลชำนิ,Tambon Chamni,3118,14.785,102.81,2019-08-09T03:33:09.000+07:00,2025-09-20T06:31:26.000+07:00,
311802,31110,ตำบลหนองปล่อง,Tambon Nong Plong,3118,14.743,102.844,2019-08-09T03:33:09.000+07:00,2025-09-20T06:31:26.000+07:00,
311803,31110,ตำบลเมืองยาง,Tambon Mueang Yang,3118,14.794,102.906,2019-08-09T03:33:09.000+07:00,2025-09-20T06:31:26.000+07:00,
311804,31110,ตำบลช่อผกา,Tambon Cho Phaka,3118,14.809,102.787,2019-08-09T03:33:09.000+07:00,2025-09-20T06:31:26.000+07:00,
311805,31110,ตำบลละลวด,Tambon Laluat,3118,14.78,102.745,2019-08-09T03:33:09.000+07:00,2025-09-20T06:31:26.000+07:00,
311806,31110,ตำบลโคกสนวน,Tambon Khok Sanuan,3118,14.755,102.888,2019-08-09T03:33:09.000+07:00,2025-09-20T06:31:26.000+07:00,
311901,31120,ตำบลหนองแวง,Tambon Nong Waeng,3119,15.553,102.907,2019-08-09T03:33:09.000+07:00,2025-09-20T06:31:26.000+07:00,
311902,31120,ตำบลทองหลาง,Tambon Thonglang,3119,15.608,102.805,2019-08-09T03:33:09.000+07:00,2025-09-20T06:31:26.000+07:00,
311903,31120,ตำบลแดงใหญ่,Tambon Daeng Yai,3119,15.605,102.857,2019-08-09T03:33:09.000+07:00,2025-09-20T06:31:26.000+07:00,
311904,31120,ตำบลกู่สวนแตง,Tambon Ku Suan Taeng,3119,15.534,102.86,2019-08-09T03:33:09.000+07:00,2025-09-20T06:31:26.000+07:00,
311905,31120,ตำบลหนองเยือง,Tambon Nong Yueang,3119,15.555,102.811,2019-08-09T03:33:09.000+07:00,2025-09-20T06:31:26.000+07:00,
312001,31260,ตำบลโนนดินแดง,Tambon Non Din Daeng,3120,14.316,102.721,2019-08-09T03:33:09.000+07:00,2025-09-20T06:31:26.000+07:00,
312002,31260,ตำบลส้มป่อย,Tambon Som Poi,3120,14.346,102.764,2019-08-09T03:33:09.000+07:00,2025-09-20T06:31:26.000+07:00,
312003,31260,ตำบลลำนางรอง,Tambon Lam Nang Rong,3120,14.213,102.698,2019-08-09T03:33:09.000+07:00,2025-09-20T06:31:26.000+07:00,
312101,31000,ตำบลบ้านด่าน,Tambon Ban Dan,3121,15.112,103.162,2019-08-09T03:33:09.000+07:00,2025-09-20T06:31:26.000+07:00,
312102,31000,ตำบลปราสาท,Tambon Prasat,3121,15.081,103.217,2019-08-09T03:33:09.000+07:00,2025-09-20T06:31:26.000+07:00,
312103,31000,ตำบลวังเหนือ,Tambon Wang Nuea,3121,15.138,103.219,2019-08-09T03:33:09.000+07:00,2025-09-20T06:31:26.000+07:00,
312104,31000,ตำบลโนนขวาง,Tambon Non Khwang,3121,15.191,103.157,2019-08-09T03:33:09.000+07:00,2025-09-20T06:31:26.000+07:00,
312201,31150,ตำบลแคนดง,Tambon Khaen Dong,3122,15.317,103.123,2019-08-09T03:33:09.000+07:00,2025-09-20T06:31:26.000+07:00,
312202,31150,ตำบลดงพลอง,Tambon Dong Phlong,3122,15.321,103.172,2019-08-09T03:33:09.000+07:00,2025-09-20T06:31:26.000+07:00,
312203,31150,ตำบลสระบัว,Tambon Sa Bua,3122,15.32,103.077,2019-08-09T03:33:09.000+07:00,2025-09-20T06:31:26.000+07:00,
312204,31150,ตำบลหัวฝาย,Tambon Hua Fai,3122,15.267,103.18,2019-08-09T03:33:09.000+07:00,2025-09-20T06:31:26.000+07:00,
312301,31110,ตำบลเจริญสุข,Tambon Charoen Suk,3123,14.574,102.865,2019-08-09T03:33:09.000+07:00,2025-09-20T06:31:26.000+07:00,
312302,31110,ตำบลตาเป๊ก,Tambon Ta Pek,3123,14.568,102.924,2019-08-09T03:33:09.000+07:00,2025-09-20T06:31:26.000+07:00,
312303,31110,ตำบลอีสานเขต,Tambon Isan Khet,3123,14.641,102.931,2019-08-09T03:33:09.000+07:00,2025-09-20T06:31:26.000+07:00,
312304,31170,ตำบลถาวร,Tambon Thawon,3123,14.518,102.87,2019-08-09T03:33:09.000+07:00,2025-09-20T06:31:26.000+07:00,
312305,31170,ตำบลยายแย้มวัฒนา,Tambon Yai Yaem Watthana,3123,14.505,102.918,2019-08-09T03:33:09.000+07:00,2025-09-20T06:31:26.000+07:00,
320101,32000,ตำบลในเมือง,Tambon Nai Mueang,3201,14.884,103.49,2019-08-09T03:33:09.000+07:00,2025-09-20T06:31:26.000+07:00,
320102,32000,ตำบลตั้งใจ,Tambon Tang Chai,3201,15.074,103.55,2019-08-09T03:33:09.000+07:00,2025-09-20T06:31:26.000+07:00,
320103,32000,ตำบลเพี้ยราม,Tambon Phia Ram,3201,15.067,103.471,2019-08-09T03:33:09.000+07:00,2025-09-20T06:31:26.000+07:00,
320104,32000,ตำบลนาดี,Tambon Na Di,3201,15.024,103.528,2019-08-09T03:33:09.000+07:00,2025-09-20T06:31:26.000+07:00,
320105,32000,ตำบลท่าสว่าง,Tambon Tha Sawang,3201,14.955,103.452,2019-08-09T03:33:09.000+07:00,2025-09-20T06:31:26.000+07:00,
320106,32000,ตำบลสลักได,Tambon Salakdai,3201,14.855,103.562,2019-08-09T03:33:09.000+07:00,2025-09-20T06:31:26.000+07:00,
320107,32000,ตำบลตาอ็อง,Tambon Ta Ong,3201,14.748,103.617,2019-08-09T03:33:09.000+07:00,2025-09-20T06:31:26.000+07:00,
320109,32000,ตำบลสำโรง,Tambon Samrong,3201,14.802,103.627,2019-08-09T03:33:09.000+07:00,2025-09-20T06:31:26.000+07:00,
320110,32000,ตำบลแกใหญ่,Tambon Kae Yai,3201,14.951,103.513,2019-08-09T03:33:09.000+07:00,2025-09-20T06:31:26.000+07:00,
320111,32000,ตำบลนอกเมือง,Tambon Nok Mueang,3201,14.858,103.491,2019-08-09T03:33:09.000+07:00,2025-09-20T06:31:26.000+07:00,
320112,32000,ตำบลคอโค,Tambon Kho Kho,3201,14.903,103.425,2019-08-09T03:33:09.000+07:00,2025-09-20T06:31:26.000+07:00,
320113,32000,ตำบลสวาย,Tambon Sawai,3201,14.793,103.337,2019-08-09T03:33:09.000+07:00,2025-09-20T06:31:26.000+07:00,
320114,32000,ตำบลเฉนียง,Tambon Chaniang,3201,14.796,103.477,2019-08-09T03:33:09.000+07:00,2025-09-20T06:31:26.000+07:00,
320116,32000,ตำบลเทนมีย์,Tambon Thenmi,3201,14.774,103.542,2019-08-09T03:33:09.000+07:00,2025-09-20T06:31:26.000+07:00,
320118,32000,ตำบลนาบัว,Tambon Na Bua,3201,14.782,103.412,2019-08-09T03:33:09.000+07:00,2025-09-20T06:31:26.000+07:00,
320119,32000,ตำบลเมืองที,Tambon Mueang Thi,3201,14.91,103.652,2019-08-09T03:33:09.000+07:00,2025-09-20T06:31:26.000+07:00,
320120,32000,ตำบลราม,Tambon Ram,3201,14.848,103.65,2019-08-09T03:33:09.000+07:00,2025-09-20T06:31:26.000+07:00,
320121,32000,ตำบลบุฤาษี,Tambon Bu Ruesi,3201,14.904,103.597,2019-08-09T03:33:09.000+07:00,2025-09-20T06:31:26.000+07:00,
320122,32000,ตำบลตระแสง,Tambon Trasaeng,3201,14.855,103.403,2019-08-09T03:33:09.000+07:00,2025-09-20T06:31:26.000+07:00,
320125,32000,ตำบลแสลงพันธ์,Tambon Salaeng Phan,3201,14.918,103.545,2019-08-09T03:33:09.000+07:00,2025-09-20T06:31:26.000+07:00,
320126,32000,ตำบลกาเกาะ,Tambon Ka Ko,3201,15.114,103.473,2019-08-09T03:33:09.000+07:00,2025-09-20T06:31:26.000+07:00,
320201,32190,ตำบลชุมพลบุรี,Tambon Chumphon Buri,3202,15.377,103.411,2019-08-09T03:33:09.000+07:00,2025-09-20T06:31:26.000+07:00,
320202,32190,ตำบลนาหนองไผ่,Tambon Na Nong Phai,3202,15.376,103.487,2019-08-09T03:33:09.000+07:00,2025-09-20T06:31:26.000+07:00,
320203,32190,ตำบลไพรขลา,Tambon Phrai Khla,3202,15.395,103.556,2019-08-09T03:33:09.000+07:00,2025-09-20T06:31:26.000+07:00,
320204,32190,ตำบลศรีณรงค์,Tambon Si Narong,3202,15.373,103.338,2019-08-09T03:33:09.000+07:00,2025-09-20T06:31:26.000+07:00,
320205,32190,ตำบลยะวึก,Tambon Yawuek,3202,15.359,103.23,2019-08-09T03:33:09.000+07:00,2025-09-20T06:31:26.000+07:00,
320206,32190,ตำบลเมืองบัว,Tambon Mueang Bua,3202,15.429,103.205,2019-08-09T03:33:09.000+07:00,2025-09-20T06:31:26.000+07:00,
320207,32190,ตำบลสระขุด,Tambon Sa Khut,3202,15.44,103.15,2019-08-09T03:33:09.000+07:00,2025-09-20T06:31:26.000+07:00,
320208,32190,ตำบลกระเบื้อง,Tambon Krabueang,3202,15.359,103.291,2019-08-09T03:33:09.000+07:00,2025-09-20T06:31:26.000+07:00,
320209,32190,ตำบลหนองเรือ,Tambon Nong Ruea,3202,15.312,103.557,2019-08-09T03:33:09.000+07:00,2025-09-20T06:31:26.000+07:00,
320301,32120,ตำบลท่าตูม,Tambon Tha Tum,3203,15.295,103.639,2019-08-09T03:33:09.000+07:00,2025-09-20T06:31:26.000+07:00,
320302,32120,ตำบลกระโพ,Tambon Krapho,3203,15.245,103.492,2019-08-09T03:33:09.000+07:00,2025-09-20T06:31:26.000+07:00,
320303,32120,ตำบลพรมเทพ,Tambon Phrom Thep,3203,15.351,103.622,2019-08-09T03:33:09.000+07:00,2025-09-20T06:31:26.000+07:00,
320304,32120,ตำบลโพนครก,Tambon Phon Khrok,3203,15.401,103.725,2019-08-09T03:33:09.000+07:00,2025-09-20T06:31:26.000+07:00,
320305,32120,ตำบลเมืองแก,Tambon Mueang Kae,3203,15.221,103.67,2019-08-09T03:33:09.000+07:00,2025-09-20T06:31:26.000+07:00,
320306,32120,ตำบลบะ,Tambon Ba,3203,15.242,103.569,2019-08-09T03:33:09.000+07:00,2025-09-20T06:31:26.000+07:00,
320307,32120,ตำบลหนองบัว,Tambon Nong Bua,3203,15.327,103.742,2019-08-09T03:33:09.000+07:00,2025-09-20T06:31:26.000+07:00,
320308,32120,ตำบลบัวโคก,Tambon Bua Khok,3203,15.228,103.71,2019-08-09T03:33:09.000+07:00,2025-09-20T06:31:26.000+07:00,
320309,32120,ตำบลหนองเมธี,Tambon Nong Methi,3203,15.232,103.615,2019-08-09T03:33:09.000+07:00,2025-09-20T06:31:26.000+07:00,
320310,32120,ตำบลทุ่งกุลา,Tambon Thung Kula,3203,15.429,103.62,2019-08-09T03:33:09.000+07:00,2025-09-20T06:31:26.000+07:00,
320401,32180,ตำบลจอมพระ,Tambon Chom Phra,3204,15.107,103.599,2019-08-09T03:33:09.000+07:00,2025-09-20T06:31:26.000+07:00,
320402,32180,ตำบลเมืองลีง,Tambon Mueang Ling,3204,15.17,103.465,2019-08-09T03:33:09.000+07:00,2025-09-20T06:31:26.000+07:00,
320403,32180,ตำบลกระหาด,Tambon Krahat,3204,15.13,103.529,2019-08-09T03:33:09.000+07:00,2025-09-20T06:31:26.000+07:00,
320404,32180,ตำบลบุแกรง,Tambon Bu Kraeng,3204,15.079,103.683,2019-08-09T03:33:09.000+07:00,2025-09-20T06:31:26.000+07:00,
320405,32180,ตำบลหนองสนิท,Tambon Nong Sanit,3204,15.16,103.655,2019-08-09T03:33:09.000+07:00,2025-09-20T06:31:26.000+07:00,
320406,32180,ตำบลบ้านผือ,Tambon Ban Phue,3204,15.123,103.682,2019-08-09T03:33:09.000+07:00,2025-09-20T06:31:26.000+07:00,
320407,32180,ตำบลลุ่มระวี,Tambon Lum Rawi,3204,15.162,103.602,2019-08-09T03:33:09.000+07:00,2025-09-20T06:31:26.000+07:00,
320408,32180,ตำบลชุมแสง,Tambon Chum Saeng,3204,15.178,103.53,2019-08-09T03:33:09.000+07:00,2025-09-20T06:31:26.000+07:00,
320409,32180,ตำบลเป็นสุข,Tambon Pen Suk,3204,15.136,103.565,2019-08-09T03:33:09.000+07:00,2025-09-20T06:31:26.000+07:00,
320501,32140,ตำบลกังแอน,Tambon Kang-aen,3205,14.656,103.406,2019-08-09T03:33:09.000+07:00,2025-09-20T06:31:26.000+07:00,
320502,32140,ตำบลทมอ,Tambon Thamo,3205,14.722,103.486,2019-08-09T03:33:09.000+07:00,2025-09-20T06:31:26.000+07:00,
320503,32140,ตำบลไพล,Tambon Phlai,3205,14.688,103.377,2019-08-09T03:33:09.000+07:00,2025-09-20T06:31:26.000+07:00,
320504,32140,ตำบลปรือ,Tambon Prue,3205,14.645,103.288,2019-08-09T03:33:09.000+07:00,2025-09-20T06:31:26.000+07:00,
320505,32140,ตำบลทุ่งมน,Tambon Thung Mon,3205,14.72,103.282,2019-08-09T03:33:09.000+07:00,2025-09-20T06:31:26.000+07:00,
320506,32140,ตำบลตาเบา,Tambon Ta Bao,3205,14.615,103.493,2019-08-09T03:33:09.000+07:00,2025-09-20T06:31:26.000+07:00,
320507,32140,ตำบลหนองใหญ่,Tambon Nong Yai,3205,14.552,103.462,2019-08-09T03:33:09.000+07:00,2025-09-20T06:31:26.000+07:00,
320508,32140,ตำบลโคกยาง,Tambon Khok Yang,3205,14.673,103.529,2019-08-09T03:33:09.000+07:00,2025-09-20T06:31:26.000+07:00,
320509,32140,ตำบลโคกสะอาด,Tambon Khok Sa-at,3205,14.541,103.373,2019-08-09T03:33:09.000+07:00,2025-09-20T06:31:26.000+07:00,
320510,32140,ตำบลบ้านไทร,Tambon Ban Sai,3205,14.622,103.602,2019-08-09T03:33:09.000+07:00,2025-09-20T06:31:26.000+07:00,
320511,32140,ตำบลโชคนาสาม,Tambon Chok Na Sam,3205,14.544,103.28,2019-08-09T03:33:09.000+07:00,2025-09-20T06:31:26.000+07:00,
320512,32140,ตำบลเชื้อเพลิง,Tambon Chuea Phloeng,3205,14.713,103.418,2019-08-09T03:33:09.000+07:00,2025-09-20T06:31:26.000+07:00,
320513,32140,ตำบลปราสาททนง,Tambon Prasat Thanong,3205,14.652,103.356,2019-08-09T03:33:09.000+07:00,2025-09-20T06:31:26.000+07:00,
320514,32140,ตำบลตานี,Tambon Tani,3205,14.617,103.258,2019-08-09T03:33:09.000+07:00,2025-09-20T06:31:26.000+07:00,
320515,32140,ตำบลบ้านพลวง,Tambon Ban Phluang,3205,14.602,103.408,2019-08-09T03:33:09.000+07:00,2025-09-20T06:31:26.000+07:00,
320516,32140,ตำบลกันตวจระมวล,Tambon Kantuat Ramuan,3205,,,2019-08-09T03:33:09.000+07:00,2025-09-20T06:31:26.000+07:00,
320517,32140,ตำบลสมุด,Tambon Samut,3205,14.686,103.339,2019-08-09T03:33:09.000+07:00,2025-09-20T06:31:26.000+07:00,
320518,32140,ตำบลประทัดบุ,Tambon Prathat Bu,3205,14.727,103.341,2019-08-09T03:33:09.000+07:00,2025-09-20T06:31:26.000+07:00,
320601,32210,ตำบลกาบเชิง,Tambon Kap Choeng,3206,14.488,103.585,2019-08-09T03:33:09.000+07:00,2025-09-20T06:31:26.000+07:00,
320604,32210,ตำบลคูตัน,Tambon Khu Tan,3206,14.533,103.667,2019-08-09T03:33:09.000+07:00,2025-09-20T06:31:26.000+07:00,
320605,32210,ตำบลด่าน,Tambon Dan,3206,14.465,103.709,2019-08-09T03:33:09.000+07:00,2025-09-20T06:31:26.000+07:00,
320606,32210,ตำบลแนงมุด,Tambon Naeng Mut,3206,14.397,103.459,2019-08-09T03:33:09.000+07:00,2025-09-20T06:31:26.000+07:00,
320607,32210,ตำบลโคกตะเคียน,Tambon Khok Takhian,3206,14.48,103.505,2019-08-09T03:33:09.000+07:00,2025-09-20T06:31:26.000+07:00,
320610,32210,ตำบลตะเคียน,Tambon Takhian,3206,14.464,103.632,2019-08-09T03:33:09.000+07:00,2025-09-20T06:31:26.000+07:00,
320701,32130,ตำบลรัตนบุรี,Tambon Rattanaburi,3207,15.311,103.843,2019-08-09T03:33:09.000+07:00,2025-09-20T06:31:26.000+07:00,
320702,32130,ตำบลธาตุ,Tambon That,3207,15.317,103.94,2019-08-09T03:33:09.000+07:00,2025-09-20T06:31:26.000+07:00,
320703,32130,ตำบลแก,Tambon Kae,3207,15.355,103.808,2019-08-09T03:33:09.000+07:00,2025-09-20T06:31:26.000+07:00,
320704,32130,ตำบลดอนแรด,Tambon Don Raet,3207,15.369,104.014,2019-08-09T03:33:09.000+07:00,2025-09-20T06:31:26.000+07:00,
320705,32130,ตำบลหนองบัวทอง,Tambon Nong Bua Thong,3207,15.392,103.933,2019-08-09T03:33:09.000+07:00,2025-09-20T06:31:26.000+07:00,
320706,32130,ตำบลหนองบัวบาน,Tambon Nong Bua Ban,3207,15.239,103.826,2019-08-09T03:33:09.000+07:00,2025-09-20T06:31:26.000+07:00,
320709,32130,ตำบลไผ่,Tambon Phai,3207,15.324,103.895,2019-08-09T03:33:09.000+07:00,2025-09-20T06:31:26.000+07:00,
320711,32130,ตำบลเบิด,Tambon Boet,3207,15.268,103.921,2019-08-09T03:33:09.000+07:00,2025-09-20T06:31:26.000+07:00,
320713,32130,ตำบลน้ำเขียว,Tambon Nam Khiao,3207,15.316,103.786,2019-08-09T03:33:09.000+07:00,2025-09-20T06:31:26.000+07:00,
320714,32130,ตำบลกุดขาคีม,Tambon Kut Kha Khim,3207,15.407,103.846,2019-08-09T03:33:09.000+07:00,2025-09-20T06:31:26.000+07:00,
320715,32130,ตำบลยางสว่าง,Tambon Yang Sawang,3207,15.306,103.987,2019-08-09T03:33:09.000+07:00,2025-09-20T06:31:26.000+07:00,
320716,32130,ตำบลทับใหญ่,Tambon Thap Ya,3207,15.41,103.89,2019-08-09T03:33:09.000+07:00,2025-09-20T06:31:26.000+07:00,
320801,32160,ตำบลสนม,Tambon Sanom,3208,15.203,103.761,2019-08-09T03:33:09.000+07:00,2025-09-20T06:31:26.000+07:00,
320802,32160,ตำบลโพนโก,Tambon Phon Ko,3208,15.251,103.766,2019-08-09T03:33:09.000+07:00,2025-09-20T06:31:26.000+07:00,
320803,32160,ตำบลหนองระฆัง,Tambon Nong Rakhang,3208,15.152,103.755,2019-08-09T03:33:09.000+07:00,2025-09-20T06:31:26.000+07:00,
320804,32160,ตำบลนานวน,Tambon Na Nuan,3208,15.139,103.793,2019-08-09T03:33:09.000+07:00,2025-09-20T06:31:26.000+07:00,
320805,32160,ตำบลแคน,Tambon Khaen,3208,15.17,103.828,2019-08-09T03:33:09.000+07:00,2025-09-20T06:31:26.000+07:00,
320806,32160,ตำบลหัวงัว,Tambon Hua Ngua,3208,15.124,103.838,2019-08-09T03:33:09.000+07:00,2025-09-20T06:31:26.000+07:00,
320807,32160,ตำบลหนองอียอ,Tambon Nong I Yo,3208,15.157,103.714,2019-08-09T03:33:09.000+07:00,2025-09-20T06:31:26.000+07:00,
320901,32110,ตำบลระแงง,Tambon Ra-ngaeng,3209,14.898,103.824,2019-08-09T03:33:09.000+07:00,2025-09-20T06:31:26.000+07:00,
320902,32110,ตำบลตรึม,Tambon Truem,3209,15.035,103.845,2019-08-09T03:33:09.000+07:00,2025-09-20T06:31:26.000+07:00,
320903,32110,ตำบลจารพัต,Tambon Charaphat,3209,14.867,103.735,2019-08-09T03:33:09.000+07:00,2025-09-20T06:31:26.000+07:00,
320904,32110,ตำบลยาง,Tambon Yang,3209,14.955,103.856,2019-08-09T03:33:09.000+07:00,2025-09-20T06:31:26.000+07:00,
320905,32110,ตำบลแตล,Tambon Taen,3209,15.029,103.71,2019-08-09T03:33:09.000+07:00,2025-09-20T06:31:26.000+07:00,
320906,32110,ตำบลหนองบัว,Tambon Nong Bua,3209,15.083,103.76,2019-08-09T03:33:09.000+07:00,2025-09-20T06:31:26.000+07:00,
320907,32110,ตำบลคาละแมะ,Tambon Khalamae,3209,15.081,103.825,2019-08-09T03:33:09.000+07:00,2025-09-20T06:31:26.000+07:00,
320908,32110,ตำบลหนองเหล็ก,Tambon Nong Lek,3209,14.812,103.722,2019-08-09T03:33:09.000+07:00,2025-09-20T06:31:26.000+07:00,
320909,32110,ตำบลหนองขวาว,Tambon Nong Khwao,3209,14.979,103.794,2019-08-09T03:33:09.000+07:00,2025-09-20T06:31:26.000+07:00,
320910,32110,ตำบลช่างปี่,Tambon Chang Pi,3209,14.946,103.705,2019-08-09T03:33:09.000+07:00,2025-09-20T06:31:26.000+07:00,
320911,32110,ตำบลกุดหวาย,Tambon Kut Wai,3209,14.92,103.868,2019-08-09T03:33:09.000+07:00,2025-09-20T06:31:26.000+07:00,
320912,32110,ตำบลขวาวใหญ่,Tambon Khwao Yai,3209,15.018,103.77,2019-08-09T03:33:09.000+07:00,2025-09-20T06:31:26.000+07:00,
320913,32110,ตำบลนารุ่ง,Tambon Na Rung,3209,14.984,103.829,2019-08-09T03:33:09.000+07:00,2025-09-20T06:31:26.000+07:00,
320914,32110,ตำบลตรมไพร,Tambon Trom Phrai,3209,14.845,103.785,2019-08-09T03:33:09.000+07:00,2025-09-20T06:31:26.000+07:00,
320915,32110,ตำบลผักไหม,Tambon Phak Mai,3209,14.848,103.83,2019-08-09T03:33:09.000+07:00,2025-09-20T06:31:26.000+07:00,
321001,32150,ตำบลสังขะ,Tambon Sangkha,3210,14.663,103.839,2019-08-09T03:33:09.000+07:00,2025-09-20T06:31:26.000+07:00,
321002,32150,ตำบลขอนแตก,Tambon Khon Taek,3210,14.717,103.932,2019-08-09T03:33:09.000+07:00,2025-09-20T06:31:26.000+07:00,
321006,32150,ตำบลดม,Tambon Dom,3210,14.575,103.856,2019-08-09T03:33:09.000+07:00,2025-09-20T06:31:26.000+07:00,
321007,32150,ตำบลพระแก้ว,Tambon Phra Kaeo,3210,14.653,103.954,2019-08-09T03:33:09.000+07:00,2025-09-20T06:31:26.000+07:00,
321008,32150,ตำบลบ้านจารย์,Tambon Ban Chan,3210,14.561,103.749,2019-08-09T03:33:09.000+07:00,2025-09-20T06:31:26.000+07:00,
321009,32150,ตำบลกระเทียม,Tambon Krathiam,3210,14.604,103.673,2019-08-09T03:33:09.000+07:00,2025-09-20T06:31:26.000+07:00,
321010,32150,ตำบลสะกาด,Tambon Sakat,3210,14.612,103.753,2019-08-09T03:33:09.000+07:00,2025-09-20T06:31:26.000+07:00,
321011,32150,ตำบลตาตุม,Tambon Ta Tum,3210,14.449,103.779,2019-08-09T03:33:09.000+07:00,2025-09-20T06:31:26.000+07:00,
321012,32150,ตำบลทับทัน,Tambon Thap Than,3210,14.676,103.786,2019-08-09T03:33:09.000+07:00,2025-09-20T06:31:26.000+07:00,
321013,32150,ตำบลตาคง,Tambon Ta Khong,3210,14.66,104.034,2019-08-09T03:33:09.000+07:00,2025-09-20T06:31:26.000+07:00,
321015,32150,ตำบลบ้านชบ,Tambon Ban Chop,3210,14.618,103.849,2019-08-09T03:33:09.000+07:00,2025-09-20T06:31:26.000+07:00,
321017,32150,ตำบลเทพรักษา,Tambon Thep Raksa,3210,14.481,103.868,2019-08-09T03:33:09.000+07:00,2025-09-20T06:31:26.000+07:00,
321101,32220,ตำบลลำดวน,Tambon Lamduan,3211,14.702,103.642,2019-08-09T03:33:09.000+07:00,2025-09-20T06:31:26.000+07:00,
321102,32220,ตำบลโชคเหนือ,Tambon Chok Nuea,3211,14.738,103.721,2019-08-09T03:33:09.000+07:00,2025-09-20T06:31:26.000+07:00,
321103,32220,ตำบลอู่โลก,Tambon U Lok,3211,14.684,103.691,2019-08-09T03:33:09.000+07:00,2025-09-20T06:31:26.000+07:00,
321104,32220,ตำบลตรำดม,Tambon Tram Dom,3211,14.763,103.68,2019-08-09T03:33:09.000+07:00,2025-09-20T06:31:26.000+07:00,
321105,32220,ตำบลตระเปียงเตีย,Tambon Trapiang Tia,3211,14.751,103.77,2019-08-09T03:33:09.000+07:00,2025-09-20T06:31:26.000+07:00,
321201,32170,ตำบลสำโรงทาบ,Tambon Samrong Thap,3212,14.989,103.926,2019-08-09T03:33:09.000+07:00,2025-09-20T06:31:26.000+07:00,
321202,32170,ตำบลหนองไผ่ล้อม,Tambon Nong Phai Lom,3212,15.02,103.905,2019-08-09T03:33:09.000+07:00,2025-09-20T06:31:26.000+07:00,
321203,32170,ตำบลกระออม,Tambon Kra-om,3212,15.13,103.968,2019-08-09T03:33:09.000+07:00,2025-09-20T06:31:26.000+07:00,
321204,32170,ตำบลหนองฮะ,Tambon Nong Ha,3212,15.097,103.911,2019-08-09T03:33:09.000+07:00,2025-09-20T06:31:26.000+07:00,
321205,32170,ตำบลศรีสุข,Tambon Si Suk,3212,15.07,103.949,2019-08-09T03:33:09.000+07:00,2025-09-20T06:31:26.000+07:00,
321206,32170,ตำบลเกาะแก้ว,Tambon Ko Kaeo,3212,14.958,103.952,2019-08-09T03:33:09.000+07:00,2025-09-20T06:31:26.000+07:00,
321207,32170,ตำบลหมื่นศรี,Tambon Muen Si,3212,15.003,103.968,2019-08-09T03:33:09.000+07:00,2025-09-20T06:31:26.000+07:00,
321208,32170,ตำบลเสม็จ,Tambon Samet,3212,15.092,103.875,2019-08-09T03:33:09.000+07:00,2025-09-20T06:31:26.000+07:00,
321209,32170,ตำบลสะโน,Tambon Sano,3212,15.066,103.999,2019-08-09T03:33:09.000+07:00,2025-09-20T06:31:26.000+07:00,
321210,32170,ตำบลประดู่,Tambon Pradu,3212,15.039,103.952,2019-08-09T03:33:09.000+07:00,2025-09-20T06:31:26.000+07:00,
321301,32230,ตำบลบัวเชด,Tambon Buachet,3213,14.527,103.942,2019-08-09T03:33:09.000+07:00,2025-09-20T06:31:26.000+07:00,
321302,32230,ตำบลสะเดา,Tambon Sadao,3213,14.532,104.014,2019-08-09T03:33:09.000+07:00,2025-09-20T06:31:26.000+07:00,
321303,32230,ตำบลจรัส,Tambon Charat,3213,14.413,103.976,2019-08-09T03:33:09.000+07:00,2025-09-20T06:31:26.000+07:00,
321304,32230,ตำบลตาวัง,Tambon Ta Wang,3213,14.609,104.016,2019-08-09T03:33:09.000+07:00,2025-09-20T06:31:26.000+07:00,
321305,32230,ตำบลอาโพน,Tambon A Phon,3213,14.479,103.921,2019-08-09T03:33:09.000+07:00,2025-09-20T06:31:26.000+07:00,
321306,32230,ตำบลสำเภาลูน,Tambon Samphao Lun,3213,14.57,103.953,2019-08-09T03:33:09.000+07:00,2025-09-20T06:31:26.000+07:00,
321401,32140,ตำบลบักได,Tambon Bakdai,3214,14.416,103.35,2019-08-09T03:33:09.000+07:00,2025-09-20T06:31:26.000+07:00,
321402,32140,ตำบลโคกกลาง,Tambon Khok Klang,3214,14.49,103.249,2019-08-09T03:33:09.000+07:00,2025-09-20T06:31:26.000+07:00,
321403,32140,ตำบลจีกแดก,Tambon Chik Daek,3214,14.497,103.354,2019-08-09T03:33:09.000+07:00,2025-09-20T06:31:26.000+07:00,
321404,32140,ตำบลตาเมียง,Tambon Ta Miang,3214,14.386,103.26,2019-08-09T03:33:09.000+07:00,2025-09-20T06:31:26.000+07:00,
321501,32150,ตำบลณรงค์,Tambon Narong,3215,14.754,103.882,2019-08-09T03:33:09.000+07:00,2025-09-20T06:31:26.000+07:00,
321502,32150,ตำบลแจนแวน,Tambon Chaenwaen,3215,14.797,103.922,2019-08-09T03:33:09.000+07:00,2025-09-20T06:31:26.000+07:00,
321503,32150,ตำบลตรวจ,Tambon Truat,3215,14.802,103.846,2019-08-09T03:33:09.000+07:00,2025-09-20T06:31:26.000+07:00,
321504,32150,ตำบลหนองแวง,Tambon Nong Waeng,3215,14.757,103.977,2019-08-09T03:33:09.000+07:00,2025-09-20T06:31:26.000+07:00,
321505,32150,ตำบลศรีสุข,Tambon Si Suk,3215,14.738,103.818,2019-08-09T03:33:09.000+07:00,2025-09-20T06:31:26.000+07:00,
321601,32000,ตำบลเขวาสินรินทร์,Tambon Khwao Sinarin,3216,15.009,103.582,2019-08-09T03:33:09.000+07:00,2025-09-20T06:31:26.000+07:00,
321602,32000,ตำบลบึง,Tambon Bueng,3216,15.06,103.61,2019-08-09T03:33:09.000+07:00,2025-09-20T06:31:26.000+07:00,
321603,32000,ตำบลตากูก,Tambon Ta Kuk,3216,15.026,103.644,2019-08-09T03:33:09.000+07:00,2025-09-20T06:31:26.000+07:00,
321604,32000,ตำบลปราสาททอง,Tambon Prasat Thong,3216,14.976,103.648,2019-08-09T03:33:09.000+07:00,2025-09-20T06:31:26.000+07:00,
321605,32000,ตำบลบ้านแร่,Tambon Ban Rae,3216,14.966,103.576,2019-08-09T03:33:09.000+07:00,2025-09-20T06:31:26.000+07:00,
321701,32130,ตำบลหนองหลวง,Tambon Nong Luang,3217,15.228,103.927,2019-08-09T03:33:09.000+07:00,2025-09-20T06:31:26.000+07:00,
321702,32130,ตำบลคำผง,Tambon Kham Phong,3217,15.186,103.942,2019-08-09T03:33:09.000+07:00,2025-09-20T06:31:26.000+07:00,
321703,32130,ตำบลโนน,Tambon Non,3217,15.173,103.911,2019-08-09T03:33:09.000+07:00,2025-09-20T06:31:26.000+07:00,
321704,32130,ตำบลระเวียง,Tambon Rawiang,3217,15.251,103.885,2019-08-09T03:33:09.000+07:00,2025-09-20T06:31:26.000+07:00,
321705,32130,ตำบลหนองเทพ,Tambon Nong Thep,3217,15.14,103.88,2019-08-09T03:33:09.000+07:00,2025-09-20T06:31:26.000+07:00,
330101,33000,ตำบลเมืองเหนือ,Tambon Mueang Nuea,3301,15.103,104.336,2019-08-09T03:33:09.000+07:00,2025-09-20T06:31:26.000+07:00,
330102,33000,ตำบลเมืองใต้,Tambon Mueang Tai,3301,,,2019-08-09T03:33:09.000+07:00,2025-09-20T06:31:26.000+07:00,
330103,33000,ตำบลคูซอด,Tambon Khu Sot,3301,15.213,104.278,2019-08-09T03:33:09.000+07:00,2025-09-20T06:31:26.000+07:00,
330104,33000,ตำบลซำ,Tambon Sam,3301,15.04,104.332,2019-08-09T03:33:09.000+07:00,2025-09-20T06:31:26.000+07:00,
330105,33000,ตำบลจาน,Tambon Chan,3301,14.989,104.398,2019-08-09T03:33:09.000+07:00,2025-09-20T06:31:26.000+07:00,
330106,33000,ตำบลตะดอบ,Tambon Tadop,3301,15.037,104.434,2019-08-09T03:33:09.000+07:00,2025-09-20T06:31:26.000+07:00,
330107,33000,ตำบลหนองครก,Tambon Nong Khrok,3301,15.078,104.295,2019-08-09T03:33:09.000+07:00,2025-09-20T06:31:26.000+07:00,
330111,33000,ตำบลโพนข่า,Tambon Phon Kha,3301,15.055,104.385,2019-08-09T03:33:09.000+07:00,2025-09-20T06:31:26.000+07:00,
330112,33000,ตำบลโพนค้อ,Tambon Phon Kho,3301,15.015,104.369,2019-08-09T03:33:09.000+07:00,2025-09-20T06:31:26.000+07:00,
330115,33000,ตำบลโพนเขวา,Tambon Phon Khwao,3301,,,2019-08-09T03:33:09.000+07:00,2025-09-20T06:31:26.000+07:00,
330116,33000,ตำบลหญ้าปล้อง,Tambon Ya Plong,3301,15.135,104.293,2019-08-09T03:33:09.000+07:00,2025-09-20T06:31:26.000+07:00,
330118,33000,ตำบลทุ่ม,Tambon Thum,3301,14.98,104.336,2019-08-09T03:33:09.000+07:00,2025-09-20T06:31:26.000+07:00,
330119,33000,ตำบลหนองไฮ,Tambon Nong Hai,3301,15.007,104.427,2019-08-09T03:33:09.000+07:00,2025-09-20T06:31:26.000+07:00,
330121,33000,ตำบลหนองแก้ว,Tambon Nong Kaeo,3301,15.096,104.433,2019-08-09T03:33:09.000+07:00,2025-09-20T06:31:26.000+07:00,
330122,33000,ตำบลน้ำคำ,Tambon Nam Kham,3301,15.167,104.34,2019-08-09T03:33:09.000+07:00,2025-09-20T06:31:26.000+07:00,
330123,33000,ตำบลโพธิ์,Tambon Pho,3301,15.124,104.394,2019-08-09T03:33:09.000+07:00,2025-09-20T06:31:26.000+07:00,
330124,33000,ตำบลหมากเขียบ,Tambon Mak Khiap,3301,15.051,104.258,2019-08-09T03:33:09.000+07:00,2025-09-20T06:31:26.000+07:00,
330127,33000,ตำบลหนองไผ่,Tambon Nong Phai,3301,15.143,104.271,2019-08-09T03:33:09.000+07:00,2025-09-20T06:31:26.000+07:00,
330201,33190,ตำบลยางชุมน้อย,Tambon Yang Chum Noi,3302,15.26,104.401,2019-08-09T03:33:09.000+07:00,2025-09-20T06:31:26.000+07:00,
330202,33190,ตำบลลิ้นฟ้า,Tambon Lin Fa,3302,15.18,104.422,2019-08-09T03:33:09.000+07:00,2025-09-20T06:31:26.000+07:00,
330203,33190,ตำบลคอนกาม,Tambon Khon Kam,3302,15.223,104.36,2019-08-09T03:33:09.000+07:00,2025-09-20T06:31:26.000+07:00,
330204,33190,ตำบลโนนคูณ,Tambon Non Khun,3302,15.302,104.354,2019-08-09T03:33:09.000+07:00,2025-09-20T06:31:26.000+07:00,
330205,33190,ตำบลกุดเมืองฮาม,Tambon Kut Mueang Ham,3302,15.235,104.319,2019-08-09T03:33:09.000+07:00,2025-09-20T06:31:26.000+07:00,
330206,33190,ตำบลบึงบอน,Tambon Bueng Bon,3302,15.251,104.444,2019-08-09T03:33:09.000+07:00,2025-09-20T06:31:26.000+07:00,
330207,33190,ตำบลยางชุมใหญ่,Tambon Yang Chum Yai,3302,15.212,104.413,2019-08-09T03:33:09.000+07:00,2025-09-20T06:31:26.000+07:00,
330301,33130,ตำบลดูน,Tambon Dun,3303,15.113,104.578,2019-08-09T03:33:09.000+07:00,2025-09-20T06:31:26.000+07:00,
330302,33130,ตำบลโนนสัง,Tambon Non Sang,3303,15.1,104.642,2019-08-09T03:33:09.000+07:00,2025-09-20T06:31:26.000+07:00,
330303,33130,ตำบลหนองหัวช้าง,Tambon Nong Hua Chang,3303,15.049,104.643,2019-08-09T03:33:09.000+07:00,2025-09-20T06:31:26.000+07:00,
330304,33130,ตำบลยาง,Tambon Yang,3303,15.072,104.526,2019-08-09T03:33:09.000+07:00,2025-09-20T06:31:26.000+07:00,
330305,33130,ตำบลหนองแวง,Tambon Nong Waeng,3303,15.194,104.658,2019-08-09T03:33:09.000+07:00,2025-09-20T06:31:26.000+07:00,
330306,33130,ตำบลหนองแก้ว,Tambon Nong Kaeo,3303,15.143,104.702,2019-08-09T03:33:09.000+07:00,2025-09-20T06:31:26.000+07:00,
330307,33130,ตำบลทาม,Tambon Tham,3303,15.232,104.616,2019-08-09T03:33:09.000+07:00,2025-09-20T06:31:26.000+07:00,
330308,33130,ตำบลละทาย,Tambon Lathai,3303,15.182,104.583,2019-08-09T03:33:09.000+07:00,2025-09-20T06:31:26.000+07:00,
330309,33130,ตำบลเมืองน้อย,Tambon Mueang Noi,3303,15.203,104.547,2019-08-09T03:33:09.000+07:00,2025-09-20T06:31:26.000+07:00,
330310,33130,ตำบลอีปาด,Tambon I Pat,3303,15.223,104.5,2019-08-09T03:33:09.000+07:00,2025-09-20T06:31:26.000+07:00,
330311,33130,ตำบลบัวน้อย,Tambon Bua Noi,3303,15.173,104.478,2019-08-09T03:33:09.000+07:00,2025-09-20T06:31:26.000+07:00,
330312,33130,ตำบลหนองบัว,Tambon Nong Bua,3303,15.12,104.525,2019-08-09T03:33:09.000+07:00,2025-09-20T06:31:26.000+07:00,
330313,33130,ตำบลดู่,Tambon Du,3303,15.08,104.476,2019-08-09T03:33:09.000+07:00,2025-09-20T06:31:26.000+07:00,
330314,33130,ตำบลผักแพว,Tambon Phak Phaeo,3303,15.034,104.537,2019-08-09T03:33:09.000+07:00,2025-09-20T06:31:26.000+07:00,
330315,33130,ตำบลจาน,Tambon Chan,3303,14.995,104.494,2019-08-09T03:33:09.000+07:00,2025-09-20T06:31:26.000+07:00,
330320,33130,ตำบลคำเนียม,Tambon Kham Niam,3303,15.066,104.583,2019-08-09T03:33:09.000+07:00,2025-09-20T06:31:26.000+07:00,
330401,33110,ตำบลบึงมะลู,Tambon Bueng Malu,3304,14.535,104.714,2019-08-09T03:33:09.000+07:00,2025-09-20T06:31:26.000+07:00,
330402,33110,ตำบลกุดเสลา,Tambon Kut Salao,3304,14.679,104.833,2019-08-09T03:33:09.000+07:00,2025-09-20T06:31:26.000+07:00,
330403,33110,ตำบลเมือง,Tambon Mueang,3304,14.582,104.67,2019-08-09T03:33:09.000+07:00,2025-09-20T06:31:26.000+07:00,
330405,33110,ตำบลสังเม็ก,Tambon Sang Mek,3304,14.643,104.729,2019-08-09T03:33:09.000+07:00,2025-09-20T06:31:26.000+07:00,
330406,33110,ตำบลน้ำอ้อม,Tambon Nam Om,3304,14.66,104.657,2019-08-09T03:33:09.000+07:00,2025-09-20T06:31:26.000+07:00,
330407,33110,ตำบลละลาย,Tambon Lalai,3304,14.444,104.547,2019-08-09T03:33:09.000+07:00,2025-09-20T06:31:26.000+07:00,
330408,33110,ตำบลรุง,Tambon Rung,3304,14.48,104.63,2019-08-09T03:33:09.000+07:00,2025-09-20T06:31:26.000+07:00,
330409,33110,ตำบลตระกาจ,Tambon Trakat,3304,14.712,104.596,2019-08-09T03:33:09.000+07:00,2025-09-20T06:31:26.000+07:00,
330411,33110,ตำบลจานใหญ่,Tambon Chan Yai,3304,14.724,104.655,2019-08-09T03:33:09.000+07:00,2025-09-20T06:31:26.000+07:00,
330412,33110,ตำบลภูเงิน,Tambon Phu Ngoen,3304,14.745,104.571,2019-08-09T03:33:09.000+07:00,2025-09-20T06:31:26.000+07:00,
330413,33110,ตำบลชำ,Tambon Cham,3304,14.543,104.575,2019-08-09T03:33:09.000+07:00,2025-09-20T06:31:26.000+07:00,
330414,33110,ตำบลกระแชง,Tambon Krachaeng,3304,14.65,104.566,2019-08-09T03:33:09.000+07:00,2025-09-20T06:31:26.000+07:00,
330415,33110,ตำบลโนนสำราญ,Tambon Non Samran,3304,14.534,104.8,2019-08-09T03:33:09.000+07:00,2025-09-20T06:31:26.000+07:00,
330416,33110,ตำบลหนองหญ้าลาด,Tambon Nong Ya Lat,3304,14.654,104.621,2019-08-09T03:33:09.000+07:00,2025-09-20T06:31:26.000+07:00,
330419,33110,ตำบลเสาธงชัย,Tambon Sao Thong Chai,3304,14.447,104.685,2019-08-09T03:33:09.000+07:00,2025-09-20T06:31:26.000+07:00,
330420,33110,ตำบลขนุน,Tambon Khanun,3304,14.602,104.798,2019-08-09T03:33:09.000+07:00,2025-09-20T06:31:26.000+07:00,
330421,33110,ตำบลสวนกล้วย,Tambon Suan Kluai,3304,14.682,104.777,2019-08-09T03:33:09.000+07:00,2025-09-20T06:31:26.000+07:00,
330423,33110,ตำบลเวียงเหนือ,Tambon Wiang Nuea,3304,14.637,104.686,2019-08-09T03:33:09.000+07:00,2025-09-20T06:31:26.000+07:00,
330424,33110,ตำบลทุ่งใหญ่,Tambon Thung Yai,3304,14.59,104.591,2019-08-09T03:33:09.000+07:00,2025-09-20T06:31:26.000+07:00,
330425,33110,ตำบลภูผาหมอก,Tambon Phu Pha Mok,3304,14.466,104.809,2019-08-09T03:33:09.000+07:00,2025-09-20T06:31:26.000+07:00,
330501,33140,ตำบลกันทรารมย์,Tambon Kanthararom,3305,14.717,104.07,2019-08-09T03:33:09.000+07:00,2025-09-20T06:31:26.000+07:00,
330502,33140,ตำบลจะกง,Tambon Chakong,3305,14.821,104.253,2019-08-09T03:33:09.000+07:00,2025-09-20T06:31:26.000+07:00,
330503,33140,ตำบลใจดี,Tambon Chai Di,3305,14.753,104.15,2019-08-09T03:33:09.000+07:00,2025-09-20T06:31:26.000+07:00,
330504,33140,ตำบลดองกำเม็ด,Tambon Dong Kammet,3305,14.775,104.186,2019-08-09T03:33:09.000+07:00,2025-09-20T06:31:26.000+07:00,
330505,33140,ตำบลโสน,Tambon Sano,3305,14.657,104.104,2019-08-09T03:33:09.000+07:00,2025-09-20T06:31:26.000+07:00,
330506,33140,ตำบลปรือใหญ่,Tambon Prue Yai,3305,14.601,104.246,2019-08-09T03:33:09.000+07:00,2025-09-20T06:31:26.000+07:00,
330507,33140,ตำบลสะเดาใหญ่,Tambon Sadao Yai,3305,14.712,104.268,2019-08-09T03:33:09.000+07:00,2025-09-20T06:31:26.000+07:00,
330508,33140,ตำบลตาอุด,Tambon Ta Ut,3305,14.669,104.271,2019-08-09T03:33:09.000+07:00,2025-09-20T06:31:26.000+07:00,
330509,33140,ตำบลห้วยเหนือ,Tambon Huai Nuea,3305,14.72,104.205,2019-08-09T03:33:09.000+07:00,2025-09-20T06:31:26.000+07:00,
330510,33140,ตำบลห้วยใต้,Tambon Huai Tai,3305,14.662,104.179,2019-08-09T03:33:09.000+07:00,2025-09-20T06:31:26.000+07:00,
330511,33140,ตำบลหัวเสือ,Tambon Hua Suea,3305,14.834,104.186,2019-08-09T03:33:09.000+07:00,2025-09-20T06:31:26.000+07:00,
330513,33140,ตำบลตะเคียน,Tambon Takhian,3305,14.773,104.248,2019-08-09T03:33:09.000+07:00,2025-09-20T06:31:26.000+07:00,
330515,33140,ตำบลนิคมพัฒนา,Tambon Nikhom Phatthana,3305,14.644,104.234,2019-08-09T03:33:09.000+07:00,2025-09-20T06:31:26.000+07:00,
330517,33140,ตำบลโคกเพชร,Tambon Khok Phet,3305,14.804,104.149,2019-08-09T03:33:09.000+07:00,2025-09-20T06:31:26.000+07:00,
330518,33140,ตำบลปราสาท,Tambon Prasat,3305,14.727,104.016,2019-08-09T03:33:09.000+07:00,2025-09-20T06:31:26.000+07:00,
330521,33140,ตำบลสำโรงตาเจ็น,Tambon Samrong Ta Chen,3305,14.872,104.17,2019-08-09T03:33:09.000+07:00,2025-09-20T06:31:26.000+07:00,
330522,33140,ตำบลห้วยสำราญ,Tambon Huai Samran,3305,14.715,104.115,2019-08-09T03:33:09.000+07:00,2025-09-20T06:31:26.000+07:00,
330524,33140,ตำบลกฤษณา,Tambon Kritsana,3305,14.874,104.255,2019-08-09T03:33:09.000+07:00,2025-09-20T06:31:26.000+07:00,
330525,33140,ตำบลลมศักดิ์,Tambon Lom Sak,3305,14.762,104.283,2019-08-09T03:33:09.000+07:00,2025-09-20T06:31:26.000+07:00,
330526,33140,ตำบลหนองฉลอง,Tambon Nong Chalong,3305,14.684,104.227,2019-08-09T03:33:09.000+07:00,2025-09-20T06:31:26.000+07:00,
330527,33140,ตำบลศรีตระกูล,Tambon Si Trakun,3305,14.639,104.28,2019-08-09T03:33:09.000+07:00,2025-09-20T06:31:26.000+07:00,
330528,33140,ตำบลศรีสะอาด,Tambon Si Sa-at,3305,14.754,104.102,2019-08-09T03:33:09.000+07:00,2025-09-20T06:31:26.000+07:00,
330601,33180,ตำบลไพรบึง,Tambon Phrai Bueng,3306,14.744,104.373,2019-08-09T03:33:09.000+07:00,2025-09-20T06:31:26.000+07:00,
330602,33180,ตำบลดินแดง,Tambon Din Daeng,3306,14.801,104.308,2019-08-09T03:33:09.000+07:00,2025-09-20T06:31:26.000+07:00,
330603,33180,ตำบลปราสาทเยอ,Tambon Prasat Yoe,3306,14.811,104.364,2019-08-09T03:33:09.000+07:00,2025-09-20T06:31:26.000+07:00,
330604,33180,ตำบลสำโรงพลัน,Tambon Samrong Phlan,3306,14.7,104.342,2019-08-09T03:33:09.000+07:00,2025-09-20T06:31:26.000+07:00,
330605,33180,ตำบลสุขสวัสดิ์,Tambon Suk Sawat,3306,14.856,104.359,2019-08-09T03:33:09.000+07:00,2025-09-20T06:31:26.000+07:00,
330606,33180,ตำบลโนนปูน,Tambon Non Pun,3306,14.857,104.303,2019-08-09T03:33:09.000+07:00,2025-09-20T06:31:26.000+07:00,
330701,33170,ตำบลพิมาย,Tambon Phimai,3307,14.835,104.032,2019-08-09T03:33:09.000+07:00,2025-09-20T06:31:26.000+07:00,
330702,33170,ตำบลกู่,Tambon Ku,3307,14.853,103.957,2019-08-09T03:33:09.000+07:00,2025-09-20T06:31:26.000+07:00,
330703,33170,ตำบลหนองเชียงทูน,Tambon Nong Chiang Thun,3307,14.875,104.101,2019-08-09T03:33:09.000+07:00,2025-09-20T06:31:26.000+07:00,
330704,33170,ตำบลตูม,Tambon Tum,3307,14.903,104.009,2019-08-09T03:33:09.000+07:00,2025-09-20T06:31:26.000+07:00,
330705,33170,ตำบลสมอ,Tambon Samo,3307,14.82,104.094,2019-08-09T03:33:09.000+07:00,2025-09-20T06:31:26.000+07:00,
330706,33170,ตำบลโพธิ์ศรี,Tambon Pho Si,3307,14.78,104.082,2019-08-09T03:33:09.000+07:00,2025-09-20T06:31:26.000+07:00,
330707,33170,ตำบลสำโรงปราสาท,Tambon Samrong Prasat,3307,14.917,104.081,2019-08-09T03:33:09.000+07:00,2025-09-20T06:31:26.000+07:00,
330708,33170,ตำบลดู่,Tambon Du,3307,14.782,104.027,2019-08-09T03:33:09.000+07:00,2025-09-20T06:31:26.000+07:00,
330709,33170,ตำบลสวาย,Tambon Sawai,3307,14.913,103.962,2019-08-09T03:33:09.000+07:00,2025-09-20T06:31:26.000+07:00,
330710,33170,ตำบลพิมายเหนือ,Tambon Phimai Nuea,3307,14.881,104.042,2019-08-09T03:33:09.000+07:00,2025-09-20T06:31:26.000+07:00,
330801,33150,ตำบลสิ,Tambon Si,3308,14.625,104.436,2019-08-09T03:33:09.000+07:00,2025-09-20T06:31:26.000+07:00,
330802,33150,ตำบลบักดอง,Tambon Bak Dong,3308,14.476,104.444,2019-08-09T03:33:09.000+07:00,2025-09-20T06:31:26.000+07:00,
330803,33150,ตำบลพราน,Tambon Phran,3308,14.592,104.501,2019-08-09T03:33:09.000+07:00,2025-09-20T06:31:26.000+07:00,
330804,33150,ตำบลโพธิ์วงศ์,Tambon Pho Wong,3308,14.666,104.458,2019-08-09T03:33:09.000+07:00,2025-09-20T06:31:26.000+07:00,
330805,33150,ตำบลไพร,Tambon Phrai,3308,14.706,104.454,2019-08-09T03:33:09.000+07:00,2025-09-20T06:31:26.000+07:00,
330806,33150,ตำบลกระหวัน,Tambon Krawan,3308,14.673,104.414,2019-08-09T03:33:09.000+07:00,2025-09-20T06:31:26.000+07:00,
330807,33150,ตำบลขุนหาญ,Tambon Khun Han,3308,14.635,104.371,2019-08-09T03:33:09.000+07:00,2025-09-20T06:31:26.000+07:00,
330808,33150,ตำบลโนนสูง,Tambon Non Sung,3308,14.581,104.416,2019-08-09T03:33:09.000+07:00,2025-09-20T06:31:26.000+07:00,
330809,33150,ตำบลกันทรอม,Tambon Kanthrom,3308,14.575,104.353,2019-08-09T03:33:09.000+07:00,2025-09-20T06:31:26.000+07:00,
330810,33150,ตำบลภูฝ้าย,Tambon Phu Fai,3308,14.683,104.51,2019-08-09T03:33:09.000+07:00,2025-09-20T06:31:26.000+07:00,
330811,33150,ตำบลโพธิ์กระสังข์,Tambon Pho Krasang,3308,14.628,104.327,2019-08-09T03:33:09.000+07:00,2025-09-20T06:31:26.000+07:00,
330812,33150,ตำบลห้วยจันทร์,Tambon Huai Chan,3308,14.465,104.353,2019-08-09T03:33:09.000+07:00,2025-09-20T06:31:26.000+07:00,
330901,33160,ตำบลเมืองคง,Tambon Mueang Khong,3309,15.356,104.159,2019-08-09T03:33:09.000+07:00,2025-09-20T06:31:26.000+07:00,
330902,33160,ตำบลเมืองแคน,Tambon Muang Khaen,3309,15.351,104.214,2019-08-09T03:33:09.000+07:00,2025-09-20T06:31:26.000+07:00,
330903,33160,ตำบลหนองแค,Tambon Nong Khae,3309,15.38,104.106,2019-08-09T03:33:09.000+07:00,2025-09-20T06:31:26.000+07:00,
330906,33160,ตำบลจิกสังข์ทอง,Tambon Chik Sang Thong,3309,15.435,104.125,2019-08-09T03:33:09.000+07:00,2025-09-20T06:31:26.000+07:00,
330907,33160,ตำบลด่าน,Tambon Dan,3309,15.421,104.026,2019-08-09T03:33:09.000+07:00,2025-09-20T06:31:26.000+07:00,
330908,33160,ตำบลดู่,Tambon Du,3309,15.416,104.162,2019-08-09T03:33:09.000+07:00,2025-09-20T06:31:26.000+07:00,
330909,33160,ตำบลหนองอึ่ง,Tambon Nong Ueng,3309,15.278,104.176,2019-08-09T03:33:09.000+07:00,2025-09-20T06:31:26.000+07:00,
330910,33160,ตำบลบัวหุ่ง,Tambon Bua Hung,3309,15.321,104.105,2019-08-09T03:33:09.000+07:00,2025-09-20T06:31:26.000+07:00,
330911,33160,ตำบลไผ่,Tambon Phai,3309,15.332,104.257,2019-08-09T03:33:09.000+07:00,2025-09-20T06:31:26.000+07:00,
330912,33160,ตำบลส้มป่อย,Tambon Som Poi,3309,15.283,104.232,2019-08-09T03:33:09.000+07:00,2025-09-20T06:31:26.000+07:00,
330913,33160,ตำบลหนองหมี,Tambon Nong Mi,3309,15.271,104.293,2019-08-09T03:33:09.000+07:00,2025-09-20T06:31:26.000+07:00,
330914,33160,ตำบลหว้านคำ,Tambon Wan Kham,3309,15.407,104.2,2019-08-09T03:33:09.000+07:00,2025-09-20T06:31:26.000+07:00,
330915,33160,ตำบลสร้างปี่,Tambon Sang Pi,3309,15.317,104.305,2019-08-09T03:33:09.000+07:00,2025-09-20T06:31:26.000+07:00,
331001,33120,ตำบลกำแพง,Tambon Kamphaeng,3310,15.1,104.15,2019-08-09T03:33:09.000+07:00,2025-09-20T06:31:26.000+07:00,
331002,33120,ตำบลอี่หล่ำ,Tambon I Lam,3310,15.198,104.188,2019-08-09T03:33:09.000+07:00,2025-09-20T06:31:26.000+07:00,
331003,33120,ตำบลก้านเหลือง,Tambon Kan Lueang,3310,15.052,104.143,2019-08-09T03:33:09.000+07:00,2025-09-20T06:31:26.000+07:00,
331004,33120,ตำบลทุ่งไชย,Tambon Thung Chai,3310,15.016,104.109,2019-08-09T03:33:09.000+07:00,2025-09-20T06:31:26.000+07:00,
331005,33120,ตำบลสำโรง,Tambon Samrong,3310,15.146,104.148,2019-08-09T03:33:09.000+07:00,2025-09-20T06:31:26.000+07:00,
331006,33120,ตำบลแขม,Tambon Khaem,3310,15.198,104.14,2019-08-09T03:33:09.000+07:00,2025-09-20T06:31:26.000+07:00,
331007,33120,ตำบลหนองไฮ,Tambon Nong Hai,3310,15.145,104.093,2019-08-09T03:33:09.000+07:00,2025-09-20T06:31:26.000+07:00,
331008,33120,ตำบลขะยูง,Tambon Khayung,3310,15.126,104.238,2019-08-09T03:33:09.000+07:00,2025-09-20T06:31:26.000+07:00,
331010,33120,ตำบลตาเกษ,Tambon Ta Ket,3310,15.143,104.21,2019-08-09T03:33:09.000+07:00,2025-09-20T06:31:26.000+07:00,
331011,33120,ตำบลหัวช้าง,Tambon Hua Chang,3310,15.251,104.132,2019-08-09T03:33:09.000+07:00,2025-09-20T06:31:26.000+07:00,
331012,33120,ตำบลรังแร้ง,Tambon Rang Raeng,3310,15.223,104.228,2019-08-09T03:33:09.000+07:00,2025-09-20T06:31:26.000+07:00,
331014,33120,ตำบลแต้,Tambon Tae,3310,15.12,104.178,2019-08-09T03:33:09.000+07:00,2025-09-20T06:31:26.000+07:00,
331015,33120,ตำบลแข้,Tambon Khae,3310,15.067,104.176,2019-08-09T03:33:09.000+07:00,2025-09-20T06:31:26.000+07:00,
331016,33120,ตำบลโพธิ์ชัย,Tambon Pho Chai,3310,15.173,104.227,2019-08-09T03:33:09.000+07:00,2025-09-20T06:31:26.000+07:00,
331017,33120,ตำบลปะอาว,Tambon Pa Ao,3310,15.101,104.214,2019-08-09T03:33:09.000+07:00,2025-09-20T06:31:26.000+07:00,
331018,33120,ตำบลหนองห้าง,Tambon Nong Hang,3310,15.098,104.088,2019-08-09T03:33:09.000+07:00,2025-09-20T06:31:26.000+07:00,
331022,33120,ตำบลสระกำแพงใหญ่,Tambon Sa Kamphaeng Yai,3310,15.093,104.128,2019-08-09T03:33:09.000+07:00,2025-09-20T06:31:26.000+07:00,
331024,33120,ตำบลโคกหล่าม,Tambon Khok Lam,3310,15.22,104.171,2019-08-09T03:33:09.000+07:00,2025-09-20T06:31:26.000+07:00,
331025,33120,ตำบลโคกจาน,Tambon Khok Chan,3310,14.966,104.104,2019-08-09T03:33:09.000+07:00,2025-09-20T06:31:26.000+07:00,
331101,33220,ตำบลเป๊าะ,Tambon Po,3311,15.297,104.06,2019-08-09T03:33:09.000+07:00,2025-09-20T06:31:26.000+07:00,
331102,33220,ตำบลบึงบูรพ์,Tambon Bueng Bun,3311,15.328,104.067,2019-08-09T03:33:09.000+07:00,2025-09-20T06:31:26.000+07:00,
331201,33210,ตำบลห้วยทับทัน,Tambon Huai Thap Than,3312,15.065,104.044,2019-08-09T03:33:09.000+07:00,2025-09-20T06:31:26.000+07:00,
331202,33210,ตำบลเมืองหลวง,Tambon Mueang Luang,3312,15.021,104.047,2019-08-09T03:33:09.000+07:00,2025-09-20T06:31:26.000+07:00,
331203,33210,ตำบลกล้วยกว้าง,Tambon Kluai Kwang,3312,14.966,104.069,2019-08-09T03:33:09.000+07:00,2025-09-20T06:31:26.000+07:00,
331204,33210,ตำบลผักไหม,Tambon Phak Mai,3312,14.947,104.013,2019-08-09T03:33:09.000+07:00,2025-09-20T06:31:26.000+07:00,
331205,33210,ตำบลจานแสนไชย,Tambon Chan Saen Chai,3312,14.981,104.019,2019-08-09T03:33:09.000+07:00,2025-09-20T06:31:26.000+07:00,
331206,33210,ตำบลปราสาท,Tambon Prasat,3312,15.11,104.027,2019-08-09T03:33:09.000+07:00,2025-09-20T06:31:26.000+07:00,
331301,33250,ตำบลโนนค้อ,Tambon Non Kho,3313,14.899,104.71,2019-08-09T03:33:09.000+07:00,2025-09-20T06:31:26.000+07:00,
331302,33250,ตำบลบก,Tambon Bok,3313,14.976,104.64,2019-08-09T03:33:09.000+07:00,2025-09-20T06:31:26.000+07:00,
331303,33250,ตำบลโพธิ์,Tambon Pho,3313,14.923,104.614,2019-08-09T03:33:09.000+07:00,2025-09-20T06:31:26.000+07:00,
331304,33250,ตำบลหนองกุง,Tambon Nong Kung,3313,14.861,104.774,2019-08-09T03:33:09.000+07:00,2025-09-20T06:31:26.000+07:00,
331305,33250,ตำบลเหล่ากวาง,Tambon Lao Kwang,3313,14.88,104.638,2019-08-09T03:33:09.000+07:00,2025-09-20T06:31:26.000+07:00,
331401,33240,ตำบลศรีแก้ว,Tambon Si Kaeo,3314,14.766,104.476,2019-08-09T03:33:09.000+07:00,2025-09-20T06:31:26.000+07:00,
331402,33240,ตำบลพิงพวย,Tambon Phing Phuai,3314,14.744,104.453,2019-08-09T03:33:09.000+07:00,2025-09-20T06:31:26.000+07:00,
331403,33240,ตำบลสระเยาว์,Tambon Sa Yao,3314,14.785,104.515,2019-08-09T03:33:09.000+07:00,2025-09-20T06:31:26.000+07:00,
331404,33240,ตำบลตูม,Tambon Tum,3314,14.866,104.488,2019-08-09T03:33:09.000+07:00,2025-09-20T06:31:26.000+07:00,
331405,33240,ตำบลเสื่องข้าว,Tambon Sueang Khao,3314,14.813,104.555,2019-08-09T03:33:09.000+07:00,2025-09-20T06:31:26.000+07:00,
331406,33240,ตำบลศรีโนนงาม,Tambon Si Non Ngam,3314,14.806,104.419,2019-08-09T03:33:09.000+07:00,2025-09-20T06:31:26.000+07:00,
331407,33240,ตำบลสะพุง,Tambon Saphung,3314,14.828,104.474,2019-08-09T03:33:09.000+07:00,2025-09-20T06:31:26.000+07:00,
331501,33130,ตำบลน้ำเกลี้ยง,Tambon Nam Kliang,3315,14.917,104.55,2019-08-09T03:33:09.000+07:00,2025-09-20T06:31:26.000+07:00,
331502,33130,ตำบลละเอาะ,Tambon La-o,3315,14.93,104.451,2019-08-09T03:33:09.000+07:00,2025-09-20T06:31:26.000+07:00,
331503,33130,ตำบลตองปิด,Tambon Tong Pit,3315,14.964,104.479,2019-08-09T03:33:09.000+07:00,2025-09-20T06:31:26.000+07:00,
331504,33130,ตำบลเขิน,Tambon Khoen,3315,14.852,104.58,2019-08-09T03:33:09.000+07:00,2025-09-20T06:31:26.000+07:00,
331505,33130,ตำบลรุ่งระวี,Tambon Rung Rawi,3315,14.876,104.525,2019-08-09T03:33:09.000+07:00,2025-09-20T06:31:26.000+07:00,
331506,33130,ตำบลคูบ,Tambon Khup,3315,14.971,104.569,2019-08-09T03:33:09.000+07:00,2025-09-20T06:31:26.000+07:00,
331601,33270,ตำบลบุสูง,Tambon Bu Sung,3316,14.957,104.209,2019-08-09T03:33:09.000+07:00,2025-09-20T06:31:26.000+07:00,
331602,33270,ตำบลธาตุ,Tambon That,3316,14.988,104.186,2019-08-09T03:33:09.000+07:00,2025-09-20T06:31:26.000+07:00,
331603,33270,ตำบลดวนใหญ่,Tambon Duan Yai,3316,14.945,104.271,2019-08-09T03:33:09.000+07:00,2025-09-20T06:31:26.000+07:00,
331604,33270,ตำบลบ่อแก้ว,Tambon Bo Kaeo,3316,14.992,104.27,2019-08-09T03:33:09.000+07:00,2025-09-20T06:31:26.000+07:00,
331605,33270,ตำบลศรีสำราญ,Tambon Si Samran,3316,14.909,104.155,2019-08-09T03:33:09.000+07:00,2025-09-20T06:31:26.000+07:00,
331606,33270,ตำบลทุ่งสว่าง,Tambon Thung Sawang,3316,15.018,104.224,2019-08-09T03:33:09.000+07:00,2025-09-20T06:31:26.000+07:00,
331607,33270,ตำบลวังหิน,Tambon Wang Hin,3316,14.92,104.24,2019-08-09T03:33:09.000+07:00,2025-09-20T06:31:26.000+07:00,
331608,33270,ตำบลโพนยาง,Tambon Phon Yang,3316,14.926,104.204,2019-08-09T03:33:09.000+07:00,2025-09-20T06:31:26.000+07:00,
331701,33140,ตำบลโคกตาล,Tambon Khok Tan,3317,14.549,104.203,2019-08-09T03:33:09.000+07:00,2025-09-20T06:31:26.000+07:00,
331702,33140,ตำบลห้วยตามอญ,Tambon Huai Ta Mon,3317,14.525,104.077,2019-08-09T03:33:09.000+07:00,2025-09-20T06:31:26.000+07:00,
331703,33140,ตำบลห้วยตึ๊กชู,Tambon Huai Tuekchu,3317,14.566,104.12,2019-08-09T03:33:09.000+07:00,2025-09-20T06:31:26.000+07:00,
331704,33140,ตำบลละลม,Tambon Lalom,3317,14.588,104.079,2019-08-09T03:33:09.000+07:00,2025-09-20T06:31:26.000+07:00,
331705,33140,ตำบลตะเคียนราม,Tambon Takhian Ram,3317,14.606,104.169,2019-08-09T03:33:09.000+07:00,2025-09-20T06:31:26.000+07:00,
331706,33140,ตำบลดงรัก,Tambon Dong Rak,3317,14.44,104.189,2019-08-09T03:33:09.000+07:00,2025-09-20T06:31:26.000+07:00,
331707,33140,ตำบลไพรพัฒนา,Tambon Phrai Phatthana,3317,14.426,104.085,2019-08-09T03:33:09.000+07:00,2025-09-20T06:31:26.000+07:00,
331801,33120,ตำบลเมืองจันทร์,Tambon Mueang Chan,3318,15.155,104.011,2019-08-09T03:33:09.000+07:00,2025-09-20T06:31:26.000+07:00,
331802,33120,ตำบลตาโกน,Tambon Takon,3318,15.205,103.996,2019-08-09T03:33:09.000+07:00,2025-09-20T06:31:26.000+07:00,
331803,33120,ตำบลหนองใหญ่,Tambon Nong Yai,3318,15.198,104.035,2019-08-09T03:33:09.000+07:00,2025-09-20T06:31:26.000+07:00,
331901,33110,ตำบลเสียว,Tambon Siao,3319,14.799,104.668,2019-08-09T03:33:09.000+07:00,2025-09-20T06:31:26.000+07:00,
331902,33110,ตำบลหนองหว้า,Tambon Nong Wa,3319,14.754,104.722,2019-08-09T03:33:09.000+07:00,2025-09-20T06:31:26.000+07:00,
331903,33110,ตำบลหนองงูเหลือม,Tambon Nong Ngu Lueam,3319,14.836,104.653,2019-08-09T03:33:09.000+07:00,2025-09-20T06:31:26.000+07:00,
331904,33110,ตำบลหนองฮาง,Tambon Nong Hang,3319,14.778,104.594,2019-08-09T03:33:09.000+07:00,2025-09-20T06:31:26.000+07:00,
331905,33110,ตำบลท่าคล้อ,Tambon Tha Khlo,3319,14.761,104.783,2019-08-09T03:33:09.000+07:00,2025-09-20T06:31:26.000+07:00,
332001,33230,ตำบลพยุห์,Tambon Phayu,3320,14.935,104.387,2019-08-09T03:33:09.000+07:00,2025-09-20T06:31:26.000+07:00,
332002,33230,ตำบลพรหมสวัสดิ์,Tambon Phrom Sawat,3320,14.852,104.427,2019-08-09T03:33:09.000+07:00,2025-09-20T06:31:26.000+07:00,
332003,33230,ตำบลตำแย,Tambon Tamyae,3320,14.918,104.422,2019-08-09T03:33:09.000+07:00,2025-09-20T06:31:26.000+07:00,
332004,33230,ตำบลโนนเพ็ก,Tambon Non Phek,3320,14.933,104.327,2019-08-09T03:33:09.000+07:00,2025-09-20T06:31:26.000+07:00,
332005,33230,ตำบลหนองค้า,Tambon Nong Kha,3320,14.898,104.334,2019-08-09T03:33:09.000+07:00,2025-09-20T06:31:26.000+07:00,
332101,33120,ตำบลโดด,Tambon Dot,3321,15.204,104.078,2019-08-09T03:33:09.000+07:00,2025-09-20T06:31:26.000+07:00,
332102,33120,ตำบลเสียว,Tambon Siao,3321,15.251,104.043,2019-08-09T03:33:09.000+07:00,2025-09-20T06:31:26.000+07:00,
332103,33120,ตำบลหนองม้า,Tambon Nong Ma,3321,15.254,104.083,2019-08-09T03:33:09.000+07:00,2025-09-20T06:31:26.000+07:00,
332104,33120,ตำบลผือใหญ่,Tambon Phue Yai,3321,15.233,104.111,2019-08-09T03:33:09.000+07:00,2025-09-20T06:31:26.000+07:00,
332105,33120,ตำบลอีเซ,Tambon I Se,3321,15.269,104.009,2019-08-09T03:33:09.000+07:00,2025-09-20T06:31:26.000+07:00,
332201,33160,ตำบลกุง,Tambon Kung,3322,15.474,104.084,2019-08-09T03:33:09.000+07:00,2025-09-20T06:31:26.000+07:00,
332202,33160,ตำบลคลีกลิ้ง,Tambon Kleek Ling,3322,15.529,104.109,2019-08-09T03:33:09.000+07:00,2025-09-20T06:31:26.000+07:00,
332203,33160,ตำบลหนองบัวดง,Tambon Nong Bua Dong,3322,15.458,104.046,2019-08-09T03:33:09.000+07:00,2025-09-20T06:31:26.000+07:00,
332204,33160,ตำบลโจดม่วง,Tambon Jod Maung,3322,15.473,104.139,2019-08-09T03:33:09.000+07:00,2025-09-20T06:31:26.000+07:00,
340101,34000,ตำบลในเมือง,Tambon Nai Mueang,3401,15.232,104.859,2019-08-09T03:33:09.000+07:00,2025-09-20T06:31:26.000+07:00,
340104,34000,ตำบลหัวเรือ,Tambon Hua Ruea,3401,15.367,104.845,2019-08-09T03:33:09.000+07:00,2025-09-20T06:31:26.000+07:00,
340105,34000,ตำบลหนองขอน,Tambon Nong Khon,3401,15.32,104.766,2019-08-09T03:33:09.000+07:00,2025-09-20T06:31:26.000+07:00,
340107,34000,ตำบลปทุม,Tambon Pathum,3401,15.244,104.894,2019-08-09T03:33:09.000+07:00,2025-09-20T06:31:26.000+07:00,
340108,34000,ตำบลขามใหญ่,Tambon Kham Yai,3401,15.302,104.836,2019-08-09T03:33:09.000+07:00,2025-09-20T06:31:26.000+07:00,
340109,34000,ตำบลแจระแม,Tambon Chaeramae,3401,15.251,104.802,2019-08-09T03:33:09.000+07:00,2025-09-20T06:31:26.000+07:00,
340111,34000,ตำบลหนองบ่อ,Tambon Nong Bo,3401,15.239,104.727,2019-08-09T03:33:09.000+07:00,2025-09-20T06:31:26.000+07:00,
340112,34000,ตำบลไร่น้อย,Tambon Rai Noi,3401,15.314,104.905,2019-08-09T03:33:09.000+07:00,2025-09-20T06:31:26.000+07:00,
340113,34000,ตำบลกระโสบ,Tambon Krasop,3401,15.309,104.97,2019-08-09T03:33:09.000+07:00,2025-09-20T06:31:26.000+07:00,
340116,34000,ตำบลกุดลาด,Tambon Kut Lat,3401,15.291,105.0,2019-08-09T03:33:09.000+07:00,2025-09-20T06:31:26.000+07:00,
340119,34000,ตำบลขี้เหล็ก,Tambon Khilek,3401,15.351,104.815,2019-08-09T03:33:09.000+07:00,2025-09-20T06:31:26.000+07:00,
340120,34000,ตำบลปะอาว,Tambon Pa-ao,3401,15.365,104.716,2019-08-09T03:33:09.000+07:00,2025-09-20T06:31:26.000+07:00,
340201,34250,ตำบลนาคำ,Tambon Na Kham,3402,15.507,105.327,2019-08-09T03:33:09.000+07:00,2025-09-20T06:31:26.000+07:00,
340202,34250,ตำบลแก้งกอก,Tambon Kaeng Kok,3402,15.478,105.237,2019-08-09T03:33:09.000+07:00,2025-09-20T06:31:26.000+07:00,
340203,34250,ตำบลเอือดใหญ่,Tambon Ueat Yai,3402,15.52,105.219,2019-08-09T03:33:09.000+07:00,2025-09-20T06:31:26.000+07:00,
340204,34250,ตำบลวาริน,Tambon Warin,3402,15.415,105.26,2019-08-09T03:33:09.000+07:00,2025-09-20T06:31:26.000+07:00,
340205,34250,ตำบลลาดควาย,Tambon Lat Khwai,3402,15.564,105.329,2019-08-09T03:33:09.000+07:00,2025-09-20T06:31:26.000+07:00,
340206,34250,ตำบลสงยาง,Tambon Song Yang,3402,15.623,105.286,2019-08-09T03:33:09.000+07:00,2025-09-20T06:31:26.000+07:00,
340207,34250,ตำบลตะบ่าย,Tambon Ta Bai,3402,15.56,105.227,2019-08-09T03:33:09.000+07:00,2025-09-20T06:31:26.000+07:00,
340208,34250,ตำบลคำไหล,Tambon Kham Lai,3402,15.409,105.346,2019-08-09T03:33:09.000+07:00,2025-09-20T06:31:26.000+07:00,
340209,34250,ตำบลหนามแท่ง,Tambon Nam Thaeng,3402,15.695,105.565,2019-08-09T03:33:09.000+07:00,2025-09-20T06:31:26.000+07:00,
340210,34250,ตำบลนาเลิน,Tambon Na Loen,3402,15.607,105.383,2019-08-09T03:33:09.000+07:00,2025-09-20T06:31:26.000+07:00,
340211,34250,ตำบลดอนใหญ่,Tambon Don Yai,3402,15.447,105.316,2019-08-09T03:33:09.000+07:00,2025-09-20T06:31:26.000+07:00,
340301,34220,ตำบลโขงเจียม,Tambon Khong Chiam,3403,15.296,105.452,2019-08-09T03:33:09.000+07:00,2025-09-20T06:31:26.000+07:00,
340302,34220,ตำบลห้วยยาง,Tambon Huai Yang,3403,15.467,105.455,2019-08-09T03:33:09.000+07:00,2025-09-20T06:31:26.000+07:00,
340303,34220,ตำบลนาโพธิ์กลาง,Tambon Na Pho Klang,3403,15.553,105.557,2019-08-09T03:33:09.000+07:00,2025-09-20T06:31:26.000+07:00,
340304,34220,ตำบลหนองแสงใหญ่,Tambon Nong Saeng Yai,3403,15.339,105.389,2019-08-09T03:33:09.000+07:00,2025-09-20T06:31:26.000+07:00,
340305,34220,ตำบลห้วยไผ่,Tambon Huai Phai,3403,15.42,105.551,2019-08-09T03:33:09.000+07:00,2025-09-20T06:31:26.000+07:00,
340306,34220,ตำบลคำเขื่อนแก้ว,Tambon Kham Khuen Kaew,3403,,,2019-08-09T03:33:09.000+07:00,2025-09-20T06:31:26.000+07:00,
340401,34150,ตำบลเขื่องใน,Tambon Khueang Nai,3404,15.371,104.556,2019-08-09T03:33:09.000+07:00,2025-09-20T06:31:26.000+07:00,
340402,34150,ตำบลสร้างถ่อ,Tambon Sang Tho,3404,15.367,104.503,2019-08-09T03:33:09.000+07:00,2025-09-20T06:31:26.000+07:00,
340403,34150,ตำบลค้อทอง,Tambon Kho Thong,3404,15.399,104.429,2019-08-09T03:33:09.000+07:00,2025-09-20T06:31:26.000+07:00,
340404,34150,ตำบลก่อเอ้,Tambon Ko E,3404,15.392,104.623,2019-08-09T03:33:09.000+07:00,2025-09-20T06:31:26.000+07:00,
340405,34150,ตำบลหัวดอน,Tambon Hua Don,3404,15.307,104.69,2019-08-09T03:33:09.000+07:00,2025-09-20T06:31:26.000+07:00,
340406,34150,ตำบลชีทวน,Tambon Chi Thuan,3404,15.269,104.653,2019-08-09T03:33:09.000+07:00,2025-09-20T06:31:26.000+07:00,
340407,34150,ตำบลท่าไห,Tambon Tha Hai,3404,15.319,104.602,2019-08-09T03:33:09.000+07:00,2025-09-20T06:31:26.000+07:00,
340408,34150,ตำบลนาคำใหญ่,Tambon Na Kham Yai,3404,15.283,104.566,2019-08-09T03:33:09.000+07:00,2025-09-20T06:31:26.000+07:00,
340409,34150,ตำบลแดงหม้อ,Tambon Daeng Mo,3404,15.29,104.513,2019-08-09T03:33:09.000+07:00,2025-09-20T06:31:26.000+07:00,
340410,34150,ตำบลธาตุน้อย,Tambon That Noi,3404,15.281,104.48,2019-08-09T03:33:09.000+07:00,2025-09-20T06:31:26.000+07:00,
340411,34320,ตำบลบ้านไทย,Tambon Ban Thai,3404,15.454,104.424,2019-08-09T03:33:09.000+07:00,2025-09-20T06:31:26.000+07:00,
340412,34320,ตำบลบ้านกอก,Tambon Ban Kok,3404,15.489,104.464,2019-08-09T03:33:09.000+07:00,2025-09-20T06:31:26.000+07:00,
340413,34320,ตำบลกลางใหญ่,Tambon Klang Yai,3404,15.515,104.407,2019-08-09T03:33:09.000+07:00,2025-09-20T06:31:26.000+07:00,
340414,34320,ตำบลโนนรัง,Tambon Non Rang,3404,15.521,104.5,2019-08-09T03:33:09.000+07:00,2025-09-20T06:31:26.000+07:00,
340415,34150,ตำบลยางขี้นก,Tambon Yang Khi Nok,3404,15.446,104.508,2019-08-09T03:33:09.000+07:00,2025-09-20T06:31:26.000+07:00,
340416,34150,ตำบลศรีสุข,Tambon Si Suk,3404,15.477,104.515,2019-08-09T03:33:09.000+07:00,2025-09-20T06:31:26.000+07:00,
340417,34150,ตำบลสหธาตุ,Tambon Sahathat,3404,15.338,104.459,2019-08-09T03:33:09.000+07:00,2025-09-20T06:31:26.000+07:00,
340418,34150,ตำบลหนองเหล่า,Tambon Nong Lao,3404,15.453,104.592,2019-08-09T03:33:09.000+07:00,2025-09-20T06:31:26.000+07:00,
340501,34170,ตำบลเขมราฐ,Tambon Khemarat,3405,16.049,105.136,2019-08-09T03:33:09.000+07:00,2025-09-20T06:31:26.000+07:00,
340503,34170,ตำบลขามป้อม,Tambon Kham Pom,3405,15.977,105.179,2019-08-09T03:33:09.000+07:00,2025-09-20T06:31:26.000+07:00,
340504,34170,ตำบลเจียด,Tambon Chiat,3405,15.872,105.222,2019-08-09T03:33:09.000+07:00,2025-09-20T06:31:26.000+07:00,
340507,34170,ตำบลหนองผือ,Tambon Nong Phue,3405,15.95,105.058,2019-08-09T03:33:09.000+07:00,2025-09-20T06:31:26.000+07:00,
340508,34170,ตำบลนาแวง,Tambon Na Waeng,3405,16.011,105.329,2019-08-09T03:33:09.000+07:00,2025-09-20T06:31:26.000+07:00,
340510,34170,ตำบลแก้งเหนือ,Tambon Kaeng Nuea,3405,15.932,105.128,2019-08-09T03:33:09.000+07:00,2025-09-20T06:31:26.000+07:00,
340511,34170,ตำบลหนองนกทา,Tambon Nong Nok Tha,3405,16.019,105.096,2019-08-09T03:33:09.000+07:00,2025-09-20T06:31:26.000+07:00,
340512,34170,ตำบลหนองสิม,Tambon Nong Sim,3405,16.025,105.037,2019-08-09T03:33:09.000+07:00,2025-09-20T06:31:26.000+07:00,
340513,34170,ตำบลหัวนา,Tambon Hua Na,3405,15.867,105.155,2019-08-09T03:33:09.000+07:00,2025-09-20T06:31:26.000+07:00,
340701,34160,ตำบลเมืองเดช,Tambon Mueang Det,3407,14.92,105.055,2019-08-09T03:33:09.000+07:00,2025-09-20T06:31:26.000+07:00,
340702,34160,ตำบลนาส่วง,Tambon Na Suang,3407,15.012,104.983,2019-08-09T03:33:09.000+07:00,2025-09-20T06:31:26.000+07:00,
340704,34160,ตำบลนาเจริญ,Tambon Na Charoen,3407,14.902,104.955,2019-08-09T03:33:09.000+07:00,2025-09-20T06:31:26.000+07:00,
340706,34160,ตำบลทุ่งเทิง,Tambon Thung Thoeng,3407,14.819,104.846,2019-08-09T03:33:09.000+07:00,2025-09-20T06:31:26.000+07:00,
340708,34160,ตำบลสมสะอาด,Tambon Som Sa-at,3407,14.824,104.987,2019-08-09T03:33:09.000+07:00,2025-09-20T06:31:26.000+07:00,
340709,34160,ตำบลกุดประทาย,Tambon Kut Prathai,3407,14.966,105.196,2019-08-09T03:33:09.000+07:00,2025-09-20T06:31:26.000+07:00,
340710,34160,ตำบลตบหู,Tambon Top Hu,3407,14.702,105.09,2019-08-09T03:33:09.000+07:00,2025-09-20T06:31:26.000+07:00,
340711,34160,ตำบลกลาง,Tambon Klang,3407,14.797,105.141,2019-08-09T03:33:09.000+07:00,2025-09-20T06:31:26.000+07:00,
340712,34160,ตำบลแก้ง,Tambon Kaeng,3407,14.695,105.014,2019-08-09T03:33:09.000+07:00,2025-09-20T06:31:26.000+07:00,
340713,34160,ตำบลท่าโพธิ์ศรี,Tambon Tha Pho Si,3407,14.84,105.049,2019-08-09T03:33:09.000+07:00,2025-09-20T06:31:26.000+07:00,
340715,34160,ตำบลบัวงาม,Tambon Bua Ngam,3407,14.801,105.218,2019-08-09T03:33:09.000+07:00,2025-09-20T06:31:26.000+07:00,
340716,34160,ตำบลคำครั่ง,Tambon Kham Khrang,3407,14.889,105.205,2019-08-09T03:33:09.000+07:00,2025-09-20T06:31:26.000+07:00,
340717,34160,ตำบลนากระแซง,Tambon Na Krasaeng,3407,14.87,104.908,2019-08-09T03:33:09.000+07:00,2025-09-20T06:31:26.000+07:00,
340720,34160,ตำบลโพนงาม,Tambon Phon Ngam,3407,14.904,105.115,2019-08-09T03:33:09.000+07:00,2025-09-20T06:31:26.000+07:00,
340721,34160,ตำบลป่าโมง,Tambon Pa Mong,3407,14.961,104.976,2019-08-09T03:33:09.000+07:00,2025-09-20T06:31:26.000+07:00,
340723,34160,ตำบลโนนสมบูรณ์,Tambon Non Sombun,3407,14.76,105.03,2019-08-09T03:33:09.000+07:00,2025-09-20T06:31:26.000+07:00,
340801,34280,ตำบลนาจะหลวย,Tambon Na Chaluai,3408,14.487,105.261,2019-08-09T03:33:09.000+07:00,2025-09-20T06:31:26.000+07:00,
340802,34280,ตำบลโนนสมบูรณ์,Tambon Non Sombun,3408,14.688,105.201,2019-08-09T03:33:09.000+07:00,2025-09-20T06:31:26.000+07:00,
340803,34280,ตำบลพรสวรรค์,Tambon Phon Sawan,3408,14.627,105.18,2019-08-09T03:33:09.000+07:00,2025-09-20T06:31:26.000+07:00,
340804,34280,ตำบลบ้านตูม,Tambon Ban Tum,3408,14.608,105.241,2019-08-09T03:33:09.000+07:00,2025-09-20T06:31:26.000+07:00,
340805,34280,ตำบลโสกแสง,Tambon Sok Saeng,3408,14.661,105.258,2019-08-09T03:33:09.000+07:00,2025-09-20T06:31:26.000+07:00,
340806,34280,ตำบลโนนสวรรค์,Tambon Non Sawan,3408,14.659,105.141,2019-08-09T03:33:09.000+07:00,2025-09-20T06:31:26.000+07:00,
340901,34260,ตำบลโซง,Tambon Song,3409,14.46,104.947,2019-08-09T03:33:09.000+07:00,2025-09-20T06:31:26.000+07:00,
340903,34260,ตำบลยาง,Tambon Yang,3409,14.634,105.011,2019-08-09T03:33:09.000+07:00,2025-09-20T06:31:26.000+07:00,
340904,34260,ตำบลโดมประดิษฐ์,Tambon Dom Pradit,3409,14.337,105.059,2019-08-09T03:33:09.000+07:00,2025-09-20T06:31:26.000+07:00,
340906,34260,ตำบลบุเปือย,Tambon Bu Pueai,3409,14.538,105.056,2019-08-09T03:33:09.000+07:00,2025-09-20T06:31:26.000+07:00,
340907,34260,ตำบลสีวิเชียร,Tambon Si Wichian,3409,14.483,105.04,2019-08-09T03:33:09.000+07:00,2025-09-20T06:31:26.000+07:00,
340909,34260,ตำบลยางใหญ่,Tambon Yang Yai,3409,14.575,105.094,2019-08-09T03:33:09.000+07:00,2025-09-20T06:31:26.000+07:00,
340911,34260,ตำบลเก่าขาม,Tambon Kao Kham,3409,14.577,105.02,2019-08-09T03:33:09.000+07:00,2025-09-20T06:31:26.000+07:00,
341001,34230,ตำบลโพนงาม,Tambon Phon Ngam,3410,14.759,105.464,2019-08-09T03:33:09.000+07:00,2025-09-20T06:31:26.000+07:00,
341002,34230,ตำบลห้วยข่า,Tambon Huai Kha,3410,14.567,105.424,2019-08-09T03:33:09.000+07:00,2025-09-20T06:31:26.000+07:00,
341003,34230,ตำบลคอแลน,Tambon Kho Laen,3410,14.867,105.461,2019-08-09T03:33:09.000+07:00,2025-09-20T06:31:26.000+07:00,
341004,34230,ตำบลนาโพธิ์,Tambon Na Pho,3410,14.891,105.294,2019-08-09T03:33:09.000+07:00,2025-09-20T06:31:26.000+07:00,
341005,34230,ตำบลหนองสะโน,Tambon Nong Sano,3410,14.771,105.288,2019-08-09T03:33:09.000+07:00,2025-09-20T06:31:26.000+07:00,
341006,34230,ตำบลโนนค้อ,Tambon Non Kho,3410,14.672,105.307,2019-08-09T03:33:09.000+07:00,2025-09-20T06:31:26.000+07:00,
341007,34230,ตำบลบัวงาม,Tambon Bua Ngam,3410,14.741,105.371,2019-08-09T03:33:09.000+07:00,2025-09-20T06:31:26.000+07:00,
341008,34230,ตำบลบ้านแมด,Tambon Ban Maet,3410,14.906,105.348,2019-08-09T03:33:09.000+07:00,2025-09-20T06:31:26.000+07:00,
341101,34130,ตำบลขุหลุ,Tambon Khulu,3411,15.601,105.021,2019-08-09T03:33:09.000+07:00,2025-09-20T06:31:26.000+07:00,
341102,34130,ตำบลกระเดียน,Tambon Kradian,3411,15.618,105.089,2019-08-09T03:33:09.000+07:00,2025-09-20T06:31:26.000+07:00,
341103,34130,ตำบลเกษม,Tambon Kasem,3411,15.691,105.049,2019-08-09T03:33:09.000+07:00,2025-09-20T06:31:26.000+07:00,
341104,34130,ตำบลกุศกร,Tambon Kutsakon,3411,15.57,105.102,2019-08-09T03:33:09.000+07:00,2025-09-20T06:31:26.000+07:00,
341105,34130,ตำบลขามเปี้ย,Tambon Kham Pia,3411,15.542,104.934,2019-08-09T03:33:09.000+07:00,2025-09-20T06:31:26.000+07:00,
341106,34130,ตำบลคอนสาย,Tambon Khon Sai,3411,15.736,105.128,2019-08-09T03:33:09.000+07:00,2025-09-20T06:31:26.000+07:00,
341107,34130,ตำบลโคกจาน,Tambon Khok Chan,3411,15.507,105.1,2019-08-09T03:33:09.000+07:00,2025-09-20T06:31:26.000+07:00,
341108,34130,ตำบลนาพิน,Tambon Na Phin,3411,15.562,105.034,2019-08-09T03:33:09.000+07:00,2025-09-20T06:31:26.000+07:00,
341109,34130,ตำบลนาสะไม,Tambon Na Samai,3411,15.687,104.913,2019-08-09T03:33:09.000+07:00,2025-09-20T06:31:26.000+07:00,
341110,34130,ตำบลโนนกุง,Tambon Non Kung,3411,15.659,105.168,2019-08-09T03:33:09.000+07:00,2025-09-20T06:31:26.000+07:00,
341111,34130,ตำบลตระการ,Tambon Trakan,3411,15.466,105.05,2019-08-09T03:33:09.000+07:00,2025-09-20T06:31:26.000+07:00,
341112,34130,ตำบลตากแดด,Tambon Tak Daet,3411,15.589,105.183,2019-08-09T03:33:09.000+07:00,2025-09-20T06:31:26.000+07:00,
341113,34130,ตำบลไหล่ทุ่ง,Tambon Lai Thung,3411,15.6,104.968,2019-08-09T03:33:09.000+07:00,2025-09-20T06:31:26.000+07:00,
341114,34130,ตำบลเป้า,Tambon Pao,3411,15.69,104.978,2019-08-09T03:33:09.000+07:00,2025-09-20T06:31:26.000+07:00,
341115,34130,ตำบลเซเป็ด,Tambon Se Pet,3411,15.547,104.988,2019-08-09T03:33:09.000+07:00,2025-09-20T06:31:26.000+07:00,
341116,34130,ตำบลสะพือ,Tambon Saphue,3411,15.51,105.029,2019-08-09T03:33:09.000+07:00,2025-09-20T06:31:26.000+07:00,
341117,34130,ตำบลหนองเต่า,Tambon Nong Tao,3411,15.725,104.933,2019-08-09T03:33:09.000+07:00,2025-09-20T06:31:26.000+07:00,
341118,34130,ตำบลถ้ำแข้,Tambon Tham Khae,3411,15.672,105.134,2019-08-09T03:33:09.000+07:00,2025-09-20T06:31:26.000+07:00,
341119,34130,ตำบลท่าหลวง,Tambon Tha Luang,3411,15.673,105.212,2019-08-09T03:33:09.000+07:00,2025-09-20T06:31:26.000+07:00,
341120,34130,ตำบลห้วยฝ้ายพัฒนา,Tambon Huai Fai Phatthana,3411,15.522,105.168,2019-08-09T03:33:09.000+07:00,2025-09-20T06:31:26.000+07:00,
341121,34130,ตำบลกุดยาลวน,Tambon Kut Ya Luan,3411,15.731,105.029,2019-08-09T03:33:09.000+07:00,2025-09-20T06:31:26.000+07:00,
341122,34130,ตำบลบ้านแดง,Tambon Ban Daeng,3411,15.658,105.081,2019-08-09T03:33:09.000+07:00,2025-09-20T06:31:26.000+07:00,
341123,34130,ตำบลคำเจริญ,Tambon Kham Charoen,3411,15.642,105.032,2019-08-09T03:33:09.000+07:00,2025-09-20T06:31:26.000+07:00,
341201,34270,ตำบลข้าวปุ้น,Tambon Khaopun,3412,15.792,105.006,2019-08-09T03:33:09.000+07:00,2025-09-20T06:31:26.000+07:00,
341202,34270,ตำบลโนนสวาง,Tambon Non Sawang,3412,15.867,105.026,2019-08-09T03:33:09.000+07:00,2025-09-20T06:31:26.000+07:00,
341203,34270,ตำบลแก่งเค็ง,Tambon Kaeng Kheng,3412,15.776,105.101,2019-08-09T03:33:09.000+07:00,2025-09-20T06:31:26.000+07:00,
341204,34270,ตำบลกาบิน,Tambon Ka Bin,3412,15.757,104.964,2019-08-09T03:33:09.000+07:00,2025-09-20T06:31:26.000+07:00,
341205,34270,ตำบลหนองทันน้ำ,Tambon Nong Than Nam,3412,15.828,105.099,2019-08-09T03:33:09.000+07:00,2025-09-20T06:31:26.000+07:00,
341401,34140,ตำบลม่วงสามสิบ,Tambon Muang Sam Sip,3414,15.515,104.73,2019-08-09T03:33:09.000+07:00,2025-09-20T06:31:26.000+07:00,
341402,34140,ตำบลเหล่าบก,Tambon Lao Bok,3414,15.657,104.667,2019-08-09T03:33:09.000+07:00,2025-09-20T06:31:26.000+07:00,
341403,34140,ตำบลดุมใหญ่,Tambon Dum Yai,3414,15.615,104.739,2019-08-09T03:33:09.000+07:00,2025-09-20T06:31:26.000+07:00,
341404,34140,ตำบลหนองช้างใหญ่,Tambon Non Chang Yai,3414,15.564,104.827,2019-08-09T03:33:09.000+07:00,2025-09-20T06:31:26.000+07:00,
341405,34140,ตำบลหนองเมือง,Tambon Nong Mueang,3414,15.571,104.735,2019-08-09T03:33:09.000+07:00,2025-09-20T06:31:26.000+07:00,
341406,34140,ตำบลเตย,Tambon Toei,3414,15.5,104.828,2019-08-09T03:33:09.000+07:00,2025-09-20T06:31:26.000+07:00,
341407,34140,ตำบลยางสักกระโพหลุ่ม,Tambon Yang Sak Krapho Lum,3414,15.449,104.811,2019-08-09T03:33:09.000+07:00,2025-09-20T06:31:26.000+07:00,
341408,34140,ตำบลหนองไข่นก,Tambon Nong Khai Nok,3414,15.397,104.765,2019-08-09T03:33:09.000+07:00,2025-09-20T06:31:26.000+07:00,
341409,34140,ตำบลหนองเหล่า,Tambon Nong Lao,3414,15.443,104.679,2019-08-09T03:33:09.000+07:00,2025-09-20T06:31:26.000+07:00,
341410,34140,ตำบลหนองฮาง,Tambon Nong Hang,3414,15.501,104.661,2019-08-09T03:33:09.000+07:00,2025-09-20T06:31:26.000+07:00,
341411,34140,ตำบลยางโยภาพ,Tambon Yang Yo Phap,3414,15.593,104.667,2019-08-09T03:33:09.000+07:00,2025-09-20T06:31:26.000+07:00,
341412,34140,ตำบลไผ่ใหญ่,Tambon Phai Yai,3414,15.598,104.617,2019-08-09T03:33:09.000+07:00,2025-09-20T06:31:26.000+07:00,
341413,34140,ตำบลนาเลิง,Tambon Na Loeng,3414,15.541,104.586,2019-08-09T03:33:09.000+07:00,2025-09-20T06:31:26.000+07:00,
341414,34140,ตำบลโพนแพง,Tambon Phon Phaeng,3414,15.444,104.743,2019-08-09T03:33:09.000+07:00,2025-09-20T06:31:26.000+07:00,
341501,34190,ตำบลวารินชำราบ,Tambon Warin Chamrap,3415,15.2,104.853,2019-08-09T03:33:09.000+07:00,2025-09-20T06:31:26.000+07:00,
341502,34190,ตำบลธาตุ,Tambon That,3415,15.139,104.887,2019-08-09T03:33:09.000+07:00,2025-09-20T06:31:26.000+07:00,
341504,34310,ตำบลท่าลาด,Tambon Tha Lat,3415,15.105,104.776,2019-08-09T03:33:09.000+07:00,2025-09-20T06:31:26.000+07:00,
341505,34190,ตำบลโนนโหนน,Tambon Non Non,3415,15.101,104.818,2019-08-09T03:33:09.000+07:00,2025-09-20T06:31:26.000+07:00,
341507,34190,ตำบลคูเมือง,Tambon Khu Mueang,3415,15.08,104.865,2019-08-09T03:33:09.000+07:00,2025-09-20T06:31:26.000+07:00,
341508,34190,ตำบลสระสมิง,Tambon Sa Saming,3415,14.999,104.903,2019-08-09T03:33:09.000+07:00,2025-09-20T06:31:26.000+07:00,
341510,34190,ตำบลคำน้ำแซบ,Tambon Kham Nam Saep,3415,15.198,104.815,2019-08-09T03:33:09.000+07:00,2025-09-20T06:31:26.000+07:00,
341511,34310,ตำบลบุ่งหวาย,Tambon Bung Wai,3415,15.158,104.753,2019-08-09T03:33:09.000+07:00,2025-09-20T06:31:26.000+07:00,
341515,34190,ตำบลคำขวาง,Tambon Kham Khwang,3415,15.165,104.924,2019-08-09T03:33:09.000+07:00,2025-09-20T06:31:26.000+07:00,
341516,34190,ตำบลโพธิ์ใหญ่,Tambon Pho Yai,3415,15.122,104.963,2019-08-09T03:33:09.000+07:00,2025-09-20T06:31:26.000+07:00,
341518,34190,ตำบลแสนสุข,Tambon Saen Suk,3415,15.173,104.872,2019-08-09T03:33:09.000+07:00,2025-09-20T06:31:26.000+07:00,
341520,34190,ตำบลหนองกินเพล,Tambon Nong Kin Phen,3415,15.204,104.782,2019-08-09T03:33:09.000+07:00,2025-09-20T06:31:26.000+07:00,
341521,34190,ตำบลโนนผึ้ง,Tambon Non Phueng,3415,15.162,104.823,2019-08-09T03:33:09.000+07:00,2025-09-20T06:31:26.000+07:00,
341522,34190,ตำบลเมืองศรีไค,Tambon Mueang Si Khai,3415,15.087,104.904,2019-08-09T03:33:09.000+07:00,2025-09-20T06:31:26.000+07:00,
341524,34310,ตำบลห้วยขะยูง,Tambon Huai Khayung,3415,,,2019-08-09T03:33:09.000+07:00,2025-09-20T06:31:26.000+07:00,
341526,34190,ตำบลบุ่งไหม,Tambon Bung Mai,3415,15.197,104.961,2019-08-09T03:33:09.000+07:00,2025-09-20T06:31:26.000+07:00,
341901,34110,ตำบลพิบูล,Tambon Phibun,3419,15.248,105.226,2019-08-09T03:33:09.000+07:00,2025-09-20T06:31:26.000+07:00,
341902,34110,ตำบลกุดชมภู,Tambon Kut Chom Phu,3419,15.202,105.249,2019-08-09T03:33:09.000+07:00,2025-09-20T06:31:26.000+07:00,
341904,34110,ตำบลดอนจิก,Tambon Don Chik,3419,15.132,105.313,2019-08-09T03:33:09.000+07:00,2025-09-20T06:31:26.000+07:00,
341905,34110,ตำบลทรายมูล,Tambon Sai Mun,3419,15.304,105.344,2019-08-09T03:33:09.000+07:00,2025-09-20T06:31:26.000+07:00,
341906,34110,ตำบลนาโพธิ์,Tambon Na Pho,3419,15.069,105.128,2019-08-09T03:33:09.000+07:00,2025-09-20T06:31:26.000+07:00,
341907,34110,ตำบลโนนกลาง,Tambon Non Klang,3419,15.066,105.344,2019-08-09T03:33:09.000+07:00,2025-09-20T06:31:26.000+07:00,
341909,34110,ตำบลโพธิ์ไทร,Tambon Pho Sai,3419,15.216,105.158,2019-08-09T03:33:09.000+07:00,2025-09-20T06:31:26.000+07:00,
341910,34110,ตำบลโพธิ์ศรี,Tambon Pho Si,3419,15.293,105.237,2019-08-09T03:33:09.000+07:00,2025-09-20T06:31:26.000+07:00,
341911,34110,ตำบลระเว,Tambon Rawe,3419,15.34,105.297,2019-08-09T03:33:09.000+07:00,2025-09-20T06:31:26.000+07:00,
341912,34110,ตำบลไร่ใต้,Tambon Rai Tai,3419,15.136,105.122,2019-08-09T03:33:09.000+07:00,2025-09-20T06:31:26.000+07:00,
341913,34110,ตำบลหนองบัวฮี,Tambon Nong Bua Hi,3419,15.065,105.19,2019-08-09T03:33:09.000+07:00,2025-09-20T06:31:26.000+07:00,
341914,34110,ตำบลอ่างศิลา,Tambon Ang Sila,3419,15.031,105.288,2019-08-09T03:33:09.000+07:00,2025-09-20T06:31:26.000+07:00,
341918,34110,ตำบลโนนกาหลง,Tambon Non Kalong,3419,14.993,105.336,2019-08-09T03:33:09.000+07:00,2025-09-20T06:31:26.000+07:00,
341919,34110,ตำบลบ้านแขม,Tambon Ban Khaem,3419,15.022,105.25,2019-08-09T03:33:09.000+07:00,2025-09-20T06:31:26.000+07:00,
342001,34330,ตำบลตาลสุม,Tambon Tan Sum,3420,15.326,105.156,2019-08-09T03:33:09.000+07:00,2025-09-20T06:31:26.000+07:00,
342002,34330,ตำบลสำโรง,Tambon Samrong,3420,15.38,105.233,2019-08-09T03:33:09.000+07:00,2025-09-20T06:31:26.000+07:00,
342003,34330,ตำบลจิกเทิง,Tambon Chik Thoeng,3420,15.352,105.086,2019-08-09T03:33:09.000+07:00,2025-09-20T06:31:26.000+07:00,
342004,34330,ตำบลหนองกุง,Tambon Nong Kung,3420,15.444,105.185,2019-08-09T03:33:09.000+07:00,2025-09-20T06:31:26.000+07:00,
342005,34330,ตำบลนาคาย,Tambon Na Khai,3420,15.417,105.108,2019-08-09T03:33:09.000+07:00,2025-09-20T06:31:26.000+07:00,
342006,34330,ตำบลคำหว้า,Tambon Kham Wa,3420,15.385,105.166,2019-08-09T03:33:09.000+07:00,2025-09-20T06:31:26.000+07:00,
342101,34340,ตำบลโพธิ์ไทร,Tambon Pho Sai,3421,15.816,105.261,2019-08-09T03:33:09.000+07:00,2025-09-20T06:31:26.000+07:00,
342102,34340,ตำบลม่วงใหญ่,Tambon Muang Yai,3421,15.86,105.273,2019-08-09T03:33:09.000+07:00,2025-09-20T06:31:26.000+07:00,
342103,34340,ตำบลสำโรง,Tambon Sam Rong,3421,15.728,105.494,2019-08-09T03:33:09.000+07:00,2025-09-20T06:31:26.000+07:00,
342104,34340,ตำบลสองคอน,Tambon Song Khon,3421,15.834,105.345,2019-08-09T03:33:09.000+07:00,2025-09-20T06:31:26.000+07:00,
342105,34340,ตำบลสารภี,Tambon Saraphi,3421,15.756,105.254,2019-08-09T03:33:09.000+07:00,2025-09-20T06:31:26.000+07:00,
342106,34340,ตำบลเหล่างาม,Tambon Lao Ngam,3421,15.76,105.374,2019-08-09T03:33:09.000+07:00,2025-09-20T06:31:26.000+07:00,
342201,34360,ตำบลสำโรง,Tambon Samrong,3422,15.01,104.793,2019-08-09T03:33:09.000+07:00,2025-09-20T06:31:26.000+07:00,
342202,34360,ตำบลโคกก่อง,Tambon Khok Kong,3422,15.033,104.839,2019-08-09T03:33:09.000+07:00,2025-09-20T06:31:26.000+07:00,
342203,34360,ตำบลหนองไฮ,Tambon Nong Hai,3422,14.96,104.76,2019-08-09T03:33:09.000+07:00,2025-09-20T06:31:26.000+07:00,
342204,34360,ตำบลค้อน้อย,Tambon Kho Noi,3422,14.922,104.812,2019-08-09T03:33:09.000+07:00,2025-09-20T06:31:26.000+07:00,
342205,34360,ตำบลโนนกาเล็น,Tambon Non Ka Len,3422,15.02,104.72,2019-08-09T03:33:09.000+07:00,2025-09-20T06:31:26.000+07:00,
342206,34360,ตำบลโคกสว่าง,Tambon Khok Sawang,3422,14.936,104.865,2019-08-09T03:33:09.000+07:00,2025-09-20T06:31:26.000+07:00,
342207,34360,ตำบลโนนกลาง,Tambon Non Klang,3422,14.959,104.713,2019-08-09T03:33:09.000+07:00,2025-09-20T06:31:26.000+07:00,
342208,34360,ตำบลบอน,Tambon Bon,3422,15.055,104.765,2019-08-09T03:33:09.000+07:00,2025-09-20T06:31:26.000+07:00,
342209,34360,ตำบลขามป้อม,Tambon Kham Pom,3422,14.981,104.821,2019-08-09T03:33:09.000+07:00,2025-09-20T06:31:26.000+07:00,
342401,34000,ตำบลดอนมดแดง,Tambon Don Mot Daeng,3424,15.315,105.065,2019-08-09T03:33:09.000+07:00,2025-09-20T06:31:26.000+07:00,
342402,34000,ตำบลเหล่าแดง,Tambon Lao Daeng,3424,15.375,105.028,2019-08-09T03:33:09.000+07:00,2025-09-20T06:31:26.000+07:00,
342403,34000,ตำบลท่าเมือง,Tambon Tha Mueang,3424,15.473,104.968,2019-08-09T03:33:09.000+07:00,2025-09-20T06:31:26.000+07:00,
342404,34000,ตำบลคำไฮใหญ่,Tambon Kham Hai Yai,3424,15.372,104.968,2019-08-09T03:33:09.000+07:00,2025-09-20T06:31:26.000+07:00,
342501,34350,ตำบลคันไร่,Tambon Khan Rai,3425,15.225,105.33,2019-08-09T03:33:09.000+07:00,2025-09-20T06:31:26.000+07:00,
342502,34350,ตำบลช่องเม็ก,Tambon Chong Mek,3425,15.126,105.414,2019-08-09T03:33:09.000+07:00,2025-09-20T06:31:26.000+07:00,
342503,34350,ตำบลโนนก่อ,Tambon Non Ko,3425,14.993,105.425,2019-08-09T03:33:09.000+07:00,2025-09-20T06:31:26.000+07:00,
342504,34350,ตำบลนิคมสร้างตนเองลำโดมน้อย,Tambon Nikhom Sang Ton Eng Lam Dom Noi,3425,,,2019-08-09T03:33:09.000+07:00,2025-09-20T06:31:26.000+07:00,
342505,34350,ตำบลฝางคำ,Tambon Fang Kham,3425,15.134,105.364,2019-08-09T03:33:09.000+07:00,2025-09-20T06:31:26.000+07:00,
342506,34350,ตำบลคำเขื่อนแก้ว,Tambon Kham Khuean Kaeo,3425,15.24,105.507,2019-08-09T03:33:09.000+07:00,2025-09-20T06:31:26.000+07:00,
342602,34160,ตำบลหนองอ้ม,Tambon Nong Om,3426,14.804,104.922,2019-08-09T03:33:09.000+07:00,2025-09-20T06:31:26.000+07:00,
342603,34160,ตำบลนาเกษม,Tambon Na Kasem,3426,14.723,104.931,2019-08-09T03:33:09.000+07:00,2025-09-20T06:31:26.000+07:00,
342604,34160,ตำบลกุดเรือ,Tambon Kut Ruea,3426,14.678,104.955,2019-08-09T03:33:09.000+07:00,2025-09-20T06:31:26.000+07:00,
342605,34160,ตำบลโคกชำแระ,Tambon Khok Chamrae,3426,14.752,104.908,2019-08-09T03:33:09.000+07:00,2025-09-20T06:31:26.000+07:00,
342606,34160,ตำบลนาห่อม,Tambon Na Hom,3426,14.76,104.855,2019-08-09T03:33:09.000+07:00,2025-09-20T06:31:26.000+07:00,
342901,34160,ตำบลนาเยีย,Tambon Na Yia,3429,15.006,105.143,2019-08-09T03:33:09.000+07:00,2025-09-20T06:31:26.000+07:00,
342902,34160,ตำบลนาดี,Tambon Na Di,3429,15.116,105.018,2019-08-09T03:33:09.000+07:00,2025-09-20T06:31:26.000+07:00,
342903,34160,ตำบลนาเรือง,Tambon Na Rueang,3429,14.987,105.068,2019-08-09T03:33:09.000+07:00,2025-09-20T06:31:26.000+07:00,
343001,34170,ตำบลนาตาล,Tambon Na Tan,3430,15.893,105.31,2019-08-09T03:33:09.000+07:00,2025-09-20T06:31:26.000+07:00,
343002,34170,ตำบลพะลาน,Tambon Phalan,3430,15.96,105.332,2019-08-09T03:33:09.000+07:00,2025-09-20T06:31:26.000+07:00,
343003,34170,ตำบลกองโพน,Tambon Kong Phon,3430,15.965,105.27,2019-08-09T03:33:09.000+07:00,2025-09-20T06:31:26.000+07:00,
343004,34170,ตำบลพังเคน,Tambon Phang Khen,3430,15.921,105.212,2019-08-09T03:33:09.000+07:00,2025-09-20T06:31:26.000+07:00,
343101,34000,ตำบลเหล่าเสือโก้ก,Tambon Lao Suea Kok,3431,15.432,104.918,2019-08-09T03:33:09.000+07:00,2025-09-20T06:31:26.000+07:00,
343102,34000,ตำบลโพนเมือง,Tambon Phon Mueang,3431,15.492,104.891,2019-08-09T03:33:09.000+07:00,2025-09-20T06:31:26.000+07:00,
343103,34000,ตำบลแพงใหญ่,Tambon Phaeng Yai,3431,15.395,104.881,2019-08-09T03:33:09.000+07:00,2025-09-20T06:31:26.000+07:00,
343104,34000,ตำบลหนองบก,Tambon Nong Bok,3431,15.423,104.988,2019-08-09T03:33:09.000+07:00,2025-09-20T06:31:26.000+07:00,
343201,34190,ตำบลแก่งโดม,Tambon Kaeng Dom,3432,15.204,105.087,2019-08-09T03:33:09.000+07:00,2025-09-20T06:31:26.000+07:00,
343202,34190,ตำบลท่าช้าง,Tambon Tha Chang,3432,15.229,104.99,2019-08-09T03:33:09.000+07:00,2025-09-20T06:31:26.000+07:00,
343203,34190,ตำบลบุ่งมะแลง,Tambon Bung Malaeng,3432,15.238,105.045,2019-08-09T03:33:09.000+07:00,2025-09-20T06:31:26.000+07:00,
343204,34190,ตำบลสว่าง,Tambon Sawang,3432,15.274,105.118,2019-08-09T03:33:09.000+07:00,2025-09-20T06:31:26.000+07:00,
343301,34260,ตำบลตาเกา,Tambon Ta Kao,3433,14.568,104.919,2019-08-09T03:33:09.000+07:00,2025-09-20T06:31:26.000+07:00,
343302,34260,ตำบลไพบูลย์,Tambon Phaibun,3433,14.603,104.854,2019-08-09T03:33:09.000+07:00,2025-09-20T06:31:26.000+07:00,
343303,34260,ตำบลขี้เหล็ก,Tambon Khilek,3433,14.624,104.899,2019-08-09T03:33:09.000+07:00,2025-09-20T06:31:26.000+07:00,
343304,34260,ตำบลโคกสะอาด,Tambon Khok Sa-at,3433,14.443,104.848,2019-08-09T03:33:09.000+07:00,2025-09-20T06:31:26.000+07:00,
350101,35000,ตำบลในเมือง,Tambon Nai Mueang,3501,15.799,104.148,2019-08-09T03:33:09.000+07:00,2025-09-20T06:31:26.000+07:00,
350102,35000,ตำบลน้ำคำใหญ่,Tambon Nam Kham Yai,3501,15.828,104.167,2019-08-09T03:33:09.000+07:00,2025-09-20T06:31:26.000+07:00,
350103,35000,ตำบลตาดทอง,Tambon Tat Thong,3501,15.777,104.205,2019-08-09T03:33:09.000+07:00,2025-09-20T06:31:26.000+07:00,
350104,35000,ตำบลสำราญ,Tambon Samran,3501,15.838,104.113,2019-08-09T03:33:09.000+07:00,2025-09-20T06:31:26.000+07:00,
350105,35000,ตำบลค้อเหนือ,Tambon Kho Nuea,3501,15.835,104.044,2019-08-09T03:33:09.000+07:00,2025-09-20T06:31:26.000+07:00,
350106,35000,ตำบลดู่ทุ่ง,Tambon Du Thung,3501,15.899,104.041,2019-08-09T03:33:09.000+07:00,2025-09-20T06:31:26.000+07:00,
350107,35000,ตำบลเดิด,Tambon Doet,3501,15.945,104.062,2019-08-09T03:33:09.000+07:00,2025-09-20T06:31:26.000+07:00,
350108,35000,ตำบลขั้นไดใหญ่,Tambon Khandai Yai,3501,15.915,104.12,2019-08-09T03:33:09.000+07:00,2025-09-20T06:31:26.000+07:00,
350109,35000,ตำบลทุ่งแต้,Tambon Thung Tae,3501,15.913,104.179,2019-08-09T03:33:09.000+07:00,2025-09-20T06:31:26.000+07:00,
350110,35000,ตำบลสิงห์,Tambon Sing,3501,15.823,104.241,2019-08-09T03:33:09.000+07:00,2025-09-20T06:31:26.000+07:00,
350111,35000,ตำบลนาสะไมย์,Tambon Na Samai,3501,15.895,104.246,2019-08-09T03:33:09.000+07:00,2025-09-20T06:31:26.000+07:00,
350112,35000,ตำบลเขื่องคำ,Tambon Khueang Kham,3501,15.74,104.16,2019-08-09T03:33:09.000+07:00,2025-09-20T06:31:26.000+07:00,
350113,35000,ตำบลหนองหิน,Tambon Nong Hin,3501,15.859,104.282,2019-08-09T03:33:09.000+07:00,2025-09-20T06:31:26.000+07:00,
350114,35000,ตำบลหนองคู,Tambon Nong Khu,3501,15.78,104.252,2019-08-09T03:33:09.000+07:00,2025-09-20T06:31:26.000+07:00,
350115,35000,ตำบลขุมเงิน,Tambon Khum Ngoen,3501,15.713,104.194,2019-08-09T03:33:09.000+07:00,2025-09-20T06:31:26.000+07:00,
350116,35000,ตำบลทุ่งนางโอก,Tambon Thung Nang Ok,3501,15.886,104.147,2019-08-09T03:33:09.000+07:00,2025-09-20T06:31:26.000+07:00,
350117,35000,ตำบลหนองเรือ,Tambon Nong Ruea,3501,15.861,104.207,2019-08-09T03:33:09.000+07:00,2025-09-20T06:31:26.000+07:00,
350118,35000,ตำบลหนองเป็ด,Tambon Nong Pet,3501,15.877,104.335,2019-08-09T03:33:09.000+07:00,2025-09-20T06:31:26.000+07:00,
350201,35170,ตำบลทรายมูล,Tambon Sai Mun,3502,15.956,104.224,2019-08-09T03:33:09.000+07:00,2025-09-20T06:31:26.000+07:00,
350202,35170,ตำบลดู่ลาด,Tambon Du Lat,3502,16.012,104.208,2019-08-09T03:33:09.000+07:00,2025-09-20T06:31:26.000+07:00,
350203,35170,ตำบลดงมะไฟ,Tambon Dong Mafai,3502,15.981,104.135,2019-08-09T03:33:09.000+07:00,2025-09-20T06:31:26.000+07:00,
350204,35170,ตำบลนาเวียง,Tambon Na Wiang,3502,16.07,104.128,2019-08-09T03:33:09.000+07:00,2025-09-20T06:31:26.000+07:00,
350205,35170,ตำบลไผ่,Tambon Phai,3502,15.927,104.293,2019-08-09T03:33:09.000+07:00,2025-09-20T06:31:26.000+07:00,
350301,35140,ตำบลกุดชุม,Tambon Kut Chum,3503,16.069,104.349,2019-08-09T03:33:09.000+07:00,2025-09-20T06:31:26.000+07:00,
350302,35140,ตำบลโนนเปือย,Tambon Non Pueai,3503,16.011,104.387,2019-08-09T03:33:09.000+07:00,2025-09-20T06:31:26.000+07:00,
350303,35140,ตำบลกำแมด,Tambon Kammaet,3503,15.943,104.379,2019-08-09T03:33:09.000+07:00,2025-09-20T06:31:26.000+07:00,
350304,35140,ตำบลนาโส่,Tambon Na So,3503,15.972,104.317,2019-08-09T03:33:09.000+07:00,2025-09-20T06:31:26.000+07:00,
350305,35140,ตำบลห้วยแก้ง,Tambon Huai Kaeng,3503,16.007,104.291,2019-08-09T03:33:09.000+07:00,2025-09-20T06:31:26.000+07:00,
350306,35140,ตำบลหนองหมี,Tambon Nong Mi,3503,16.051,104.296,2019-08-09T03:33:09.000+07:00,2025-09-20T06:31:26.000+07:00,
350307,35140,ตำบลโพนงาม,Tambon Phon Ngam,3503,16.045,104.166,2019-08-09T03:33:09.000+07:00,2025-09-20T06:31:26.000+07:00,
350308,35140,ตำบลคำน้ำสร้าง,Tambon Kham Nam Sang,3503,16.099,104.258,2019-08-09T03:33:09.000+07:00,2025-09-20T06:31:26.000+07:00,
350309,35140,ตำบลหนองแหน,Tambon Nong Nae,3503,16.127,104.217,2019-08-09T03:33:09.000+07:00,2025-09-20T06:31:26.000+07:00,
350401,35110,ตำบลลุมพุก,Tambon Lumphuk,3504,15.643,104.323,2019-08-09T03:33:09.000+07:00,2025-09-20T06:31:26.000+07:00,
350402,35110,ตำบลย่อ,Tambon Yo,3504,15.693,104.222,2019-08-09T03:33:09.000+07:00,2025-09-20T06:31:26.000+07:00,
350403,35110,ตำบลสงเปือย,Tambon Song Pueai,3504,15.647,104.221,2019-08-09T03:33:09.000+07:00,2025-09-20T06:31:26.000+07:00,
350404,35110,ตำบลโพนทัน,Tambon Phon Than,3504,15.665,104.282,2019-08-09T03:33:09.000+07:00,2025-09-20T06:31:26.000+07:00,
350405,35110,ตำบลทุ่งมน,Tambon Thung Mon,3504,15.747,104.286,2019-08-09T03:33:09.000+07:00,2025-09-20T06:31:26.000+07:00,
350406,35180,ตำบลนาคำ,Tambon Na Kham,3504,15.633,104.412,2019-08-09T03:33:09.000+07:00,2025-09-20T06:31:26.000+07:00,
350407,35180,ตำบลดงแคนใหญ่,Tambon Dong Khaen Yai,3504,15.572,104.395,2019-08-09T03:33:09.000+07:00,2025-09-20T06:31:26.000+07:00,
350408,35110,ตำบลกู่จาน,Tambon Ku Chan,3504,15.682,104.399,2019-08-09T03:33:09.000+07:00,2025-09-20T06:31:26.000+07:00,
350409,35180,ตำบลนาแก,Tambon Na Kae,3504,15.597,104.426,2019-08-09T03:33:09.000+07:00,2025-09-20T06:31:26.000+07:00,
350410,35110,ตำบลกุดกุง,Tambon Kut Kung,3504,15.615,104.246,2019-08-09T03:33:09.000+07:00,2025-09-20T06:31:26.000+07:00,
350411,35110,ตำบลเหล่าไฮ,Tambon Lao Hai,3504,15.724,104.382,2019-08-09T03:33:09.000+07:00,2025-09-20T06:31:26.000+07:00,
350412,35180,ตำบลแคนน้อย,Tambon Khaen Noi,3504,15.594,104.347,2019-08-09T03:33:09.000+07:00,2025-09-20T06:31:26.000+07:00,
350413,35110,ตำบลดงเจริญ,Tambon Dong Charoen,3504,15.698,104.292,2019-08-09T03:33:09.000+07:00,2025-09-20T06:31:26.000+07:00,
350501,35150,ตำบลโพธิ์ไทร,Tambon Pho Sai,3505,15.832,104.398,2019-08-09T03:33:09.000+07:00,2025-09-20T06:31:26.000+07:00,
350502,35150,ตำบลกระจาย,Tambon Krachai,3505,15.801,104.299,2019-08-09T03:33:09.000+07:00,2025-09-20T06:31:26.000+07:00,
350503,35150,ตำบลโคกนาโก,Tambon Khok Na Ko,3505,15.925,104.43,2019-08-09T03:33:09.000+07:00,2025-09-20T06:31:26.000+07:00,
350504,35150,ตำบลเชียงเพ็ง,Tambon Chiang Pheng,3505,15.772,104.409,2019-08-09T03:33:09.000+07:00,2025-09-20T06:31:26.000+07:00,
350505,35150,ตำบลศรีฐาน,Tambon Si Than,3505,15.777,104.343,2019-08-09T03:33:09.000+07:00,2025-09-20T06:31:26.000+07:00,
350601,35130,ตำบลฟ้าหยาด,Tambon Fa Yat,3506,15.514,104.256,2019-08-09T03:33:09.000+07:00,2025-09-20T06:31:26.000+07:00,
350602,35130,ตำบลหัวเมือง,Tambon Hua Mueang,3506,15.566,104.207,2019-08-09T03:33:09.000+07:00,2025-09-20T06:31:26.000+07:00,
350603,35130,ตำบลคูเมือง,Tambon Khu Mueang,3506,15.502,104.184,2019-08-09T03:33:09.000+07:00,2025-09-20T06:31:26.000+07:00,
350604,35130,ตำบลผือฮี,Tambon Phue Hi,3506,15.45,104.27,2019-08-09T03:33:09.000+07:00,2025-09-20T06:31:26.000+07:00,
350605,35130,ตำบลบากเรือ,Tambon Bak Ruea,3506,15.564,104.278,2019-08-09T03:33:09.000+07:00,2025-09-20T06:31:26.000+07:00,
350606,35130,ตำบลม่วง,Tambon Muang,3506,15.473,104.324,2019-08-09T03:33:09.000+07:00,2025-09-20T06:31:26.000+07:00,
350607,35130,ตำบลโนนทราย,Tambon Non Sai,3506,15.552,104.329,2019-08-09T03:33:09.000+07:00,2025-09-20T06:31:26.000+07:00,
350608,35130,ตำบลบึงแก,Tambon Bueng Kae,3506,15.511,104.358,2019-08-09T03:33:09.000+07:00,2025-09-20T06:31:26.000+07:00,
350609,35130,ตำบลพระเสาร์,Tambon Phra Sao,3506,15.566,104.153,2019-08-09T03:33:09.000+07:00,2025-09-20T06:31:26.000+07:00,
350610,35130,ตำบลสงยาง,Tambon Song Yang,3506,15.446,104.225,2019-08-09T03:33:09.000+07:00,2025-09-20T06:31:26.000+07:00,
350701,35160,ตำบลฟ้าห่วน,Tambon Fa Huan,3507,15.339,104.405,2019-08-09T03:33:09.000+07:00,2025-09-20T06:31:26.000+07:00,
350702,35160,ตำบลกุดน้ำใส,Tambon Kut Nam Sai,3507,15.415,104.353,2019-08-09T03:33:09.000+07:00,2025-09-20T06:31:26.000+07:00,
350703,35160,ตำบลน้ำอ้อม,Tambon Nam Om,3507,15.397,104.28,2019-08-09T03:33:09.000+07:00,2025-09-20T06:31:26.000+07:00,
350704,35160,ตำบลค้อวัง,Tambon Kho Wang,3507,15.363,104.31,2019-08-09T03:33:09.000+07:00,2025-09-20T06:31:26.000+07:00,
350802,35120,ตำบลบุ่งค้า,Tambon Bung Kha,3508,16.176,104.669,2019-08-09T03:33:09.000+07:00,2025-09-20T06:31:26.000+07:00,
350803,35120,ตำบลสวาท,Tambon Sawat,3508,16.153,104.538,2019-08-09T03:33:09.000+07:00,2025-09-20T06:31:26.000+07:00,
350805,35120,ตำบลห้องแซง,Tambon Hong Saeng,3508,16.269,104.373,2019-08-09T03:33:09.000+07:00,2025-09-20T06:31:26.000+07:00,
350806,35120,ตำบลสามัคคี,Tambon Samakkhi,3508,16.232,104.453,2019-08-09T03:33:09.000+07:00,2025-09-20T06:31:26.000+07:00,
350807,35120,ตำบลกุดเชียงหมี,Tambon Kut Chiang Mi,3508,16.313,104.446,2019-08-09T03:33:09.000+07:00,2025-09-20T06:31:26.000+07:00,
350810,35120,ตำบลสามแยก,Tambon Sam Yaek,3508,16.217,104.562,2019-08-09T03:33:09.000+07:00,2025-09-20T06:31:26.000+07:00,
350811,35120,ตำบลกุดแห่,Tambon Kut Hae,3508,16.275,104.52,2019-08-09T03:33:09.000+07:00,2025-09-20T06:31:26.000+07:00,
350812,35120,ตำบลโคกสำราญ,Tambon Khok Samran,3508,16.149,104.592,2019-08-09T03:33:09.000+07:00,2025-09-20T06:31:26.000+07:00,
350813,35120,ตำบลสร้างมิ่ง,Tambon Sang Ming,3508,16.095,104.506,2019-08-09T03:33:09.000+07:00,2025-09-20T06:31:26.000+07:00,
350814,35120,ตำบลศรีแก้ว,Tambon Si Kaeo,3508,16.194,104.332,2019-08-09T03:33:09.000+07:00,2025-09-20T06:31:26.000+07:00,
350901,35120,ตำบลไทยเจริญ,Tambon Thai Charoen,3509,16.06,104.432,2019-08-09T03:33:09.000+07:00,2025-09-20T06:31:26.000+07:00,
350902,35120,ตำบลน้ำคำ,Tambon Nam Kham,3509,16.015,104.486,2019-08-09T03:33:09.000+07:00,2025-09-20T06:31:26.000+07:00,
350903,35120,ตำบลส้มผ่อ,Tambon Som Pho,3509,16.162,104.432,2019-08-09T03:33:09.000+07:00,2025-09-20T06:31:26.000+07:00,
350904,35120,ตำบลคำเตย,Tambon Kham Toei,3509,16.1,104.388,2019-08-09T03:33:09.000+07:00,2025-09-20T06:31:26.000+07:00,
350905,35120,ตำบลคำไผ่,Tambon Kham Phai,3509,16.061,104.521,2019-08-09T03:33:09.000+07:00,2025-09-20T06:31:26.000+07:00,
360101,36000,ตำบลในเมือง,Tambon Nai Mueang,3601,15.804,102.037,2019-08-09T03:33:09.000+07:00,2025-09-20T06:31:26.000+07:00,
360102,36000,ตำบลรอบเมือง,Tambon Rop Mueang,3601,15.846,102.027,2019-08-09T03:33:09.000+07:00,2025-09-20T06:31:26.000+07:00,
360103,36000,ตำบลโพนทอง,Tambon Phon Thong,3601,15.863,102.114,2019-08-09T03:33:09.000+07:00,2025-09-20T06:31:26.000+07:00,
360104,36000,ตำบลนาฝาย,Tambon Na Fai,3601,15.919,101.982,2019-08-09T03:33:09.000+07:00,2025-09-20T06:31:26.000+07:00,
360105,36240,ตำบลบ้านค่าย,Tambon Ban Khai,3601,15.684,102.028,2019-08-09T03:33:09.000+07:00,2025-09-20T06:31:26.000+07:00,
360106,36000,ตำบลกุดตุ้ม,Tambon Kut Tum,3601,15.771,102.181,2019-08-09T03:33:09.000+07:00,2025-09-20T06:31:26.000+07:00,
360107,36000,ตำบลชีลอง,Tambon Chi Long,3601,15.73,101.999,2019-08-09T03:33:09.000+07:00,2025-09-20T06:31:26.000+07:00,
360108,36000,ตำบลบ้านเล่า,Tambon Ban Lao,3601,15.872,102.061,2019-08-09T03:33:09.000+07:00,2025-09-20T06:31:26.000+07:00,
360109,36000,ตำบลนาเสียว,Tambon Na Siao,3601,15.941,102.11,2019-08-09T03:33:09.000+07:00,2025-09-20T06:31:26.000+07:00,
360110,36000,ตำบลหนองนาแซง,Tambon Nong Na Saeng,3601,15.742,102.022,2019-08-09T03:33:09.000+07:00,2025-09-20T06:31:26.000+07:00,
360111,36000,ตำบลลาดใหญ่,Tambon Lat Yai,3601,15.809,102.189,2019-08-09T03:33:09.000+07:00,2025-09-20T06:31:26.000+07:00,
360112,36240,ตำบลหนองไผ่,Tambon Nong Phai,3601,15.707,102.052,2019-08-09T03:33:09.000+07:00,2025-09-20T06:31:26.000+07:00,
360113,36000,ตำบลท่าหินโงม,Tambon Tha Hin Ngom,3601,16.021,101.993,2019-08-09T03:33:09.000+07:00,2025-09-20T06:31:26.000+07:00,
360114,36000,ตำบลห้วยต้อน,Tambon Huai Ton,3601,15.93,101.919,2019-08-09T03:33:09.000+07:00,2025-09-20T06:31:26.000+07:00,
360115,36000,ตำบลห้วยบง,Tambon Huai Bong,3601,15.843,102.167,2019-08-09T03:33:09.000+07:00,2025-09-20T06:31:26.000+07:00,
360116,36240,ตำบลโนนสำราญ,Tambon Non Samran,3601,15.661,102.093,2019-08-09T03:33:09.000+07:00,2025-09-20T06:31:26.000+07:00,
360117,36000,ตำบลโคกสูง,Tambon Khok Sung,3601,15.827,101.958,2019-08-09T03:33:09.000+07:00,2025-09-20T06:31:26.000+07:00,
360118,36000,ตำบลบุ่งคล้า,Tambon Bung Khla,3601,15.759,102.056,2019-08-09T03:33:09.000+07:00,2025-09-20T06:31:26.000+07:00,
360119,36000,ตำบลซับสีทอง,Tambon Sap Si Thong,3601,16.137,102.017,2019-08-09T03:33:09.000+07:00,2025-09-20T06:31:26.000+07:00,
360201,36170,ตำบลบ้านเขว้า,Tambon Ban Khwao,3602,15.753,101.911,2019-08-09T03:33:09.000+07:00,2025-09-20T06:31:26.000+07:00,
360202,36170,ตำบลตลาดแร้ง,Tambon Talat Raeng,3602,15.778,101.861,2019-08-09T03:33:09.000+07:00,2025-09-20T06:31:26.000+07:00,
360203,36170,ตำบลลุ่มลำชี,Tambon Lum Lam Chi,3602,15.697,101.932,2019-08-09T03:33:09.000+07:00,2025-09-20T06:31:26.000+07:00,
360204,36170,ตำบลชีบน,Tambon Chi Bon,3602,15.866,101.759,2019-08-09T03:33:09.000+07:00,2025-09-20T06:31:26.000+07:00,
360205,36170,ตำบลภูแลนคา,Tambon Phu Laen Kha,3602,15.876,101.84,2019-08-09T03:33:09.000+07:00,2025-09-20T06:31:26.000+07:00,
360206,36170,ตำบลโนนแดง,Tambon Non Dang,3602,15.804,101.93,2019-08-09T03:33:09.000+07:00,2025-09-20T06:31:26.000+07:00,
360301,36140,ตำบลคอนสวรรค์,Tambon Khon Sawan,3603,15.93,102.327,2019-08-09T03:33:09.000+07:00,2025-09-20T06:31:26.000+07:00,
360302,36140,ตำบลยางหวาย,Tambon Yang Wai,3603,15.887,102.31,2019-08-09T03:33:09.000+07:00,2025-09-20T06:31:26.000+07:00,
360303,36140,ตำบลช่องสามหมอ,Tambon Chong Sam Mo,3603,16.018,102.292,2019-08-09T03:33:09.000+07:00,2025-09-20T06:31:26.000+07:00,
360304,36140,ตำบลโนนสะอาด,Tambon Non Sa-at,3603,15.816,102.275,2019-08-09T03:33:09.000+07:00,2025-09-20T06:31:26.000+07:00,
360305,36140,ตำบลห้วยไร่,Tambon Huai Rai,3603,16.021,102.247,2019-08-09T03:33:09.000+07:00,2025-09-20T06:31:26.000+07:00,
360306,36140,ตำบลบ้านโสก,Tambon Ban Sok,3603,15.892,102.263,2019-08-09T03:33:09.000+07:00,2025-09-20T06:31:26.000+07:00,
360307,36140,ตำบลโคกมั่งงอย,Tambon Khok Mang Ngoi,3603,15.955,102.259,2019-08-09T03:33:09.000+07:00,2025-09-20T06:31:26.000+07:00,
360308,36140,ตำบลหนองขาม,Tambon Nong Kham,3603,15.853,102.234,2019-08-09T03:33:09.000+07:00,2025-09-20T06:31:26.000+07:00,
360309,36140,ตำบลศรีสำราญ,Tambon Si Samran,3603,15.993,102.339,2019-08-09T03:33:09.000+07:00,2025-09-20T06:31:26.000+07:00,
360401,36120,ตำบลบ้านยาง,Tambon Ban Yang,3604,16.286,101.869,2019-08-09T03:33:09.000+07:00,2025-09-20T06:31:26.000+07:00,
360402,36120,ตำบลบ้านหัน,Tambon Ban Han,3604,16.307,102.027,2019-08-09T03:33:09.000+07:00,2025-09-20T06:31:26.000+07:00,
360403,36120,ตำบลบ้านเดื่อ,Tambon Ban Duea,3604,16.089,101.908,2019-08-09T03:33:09.000+07:00,2025-09-20T06:31:26.000+07:00,
360404,36120,ตำบลบ้านเป้า,Tambon Ban Pao,3604,16.372,101.951,2019-08-09T03:33:09.000+07:00,2025-09-20T06:31:26.000+07:00,
360405,36120,ตำบลกุดเลาะ,Tambon Kut Lo,3604,16.309,101.943,2019-08-09T03:33:09.000+07:00,2025-09-20T06:31:26.000+07:00,
360406,36120,ตำบลโนนกอก,Tambon Non Kok,3604,16.171,101.949,2019-08-09T03:33:09.000+07:00,2025-09-20T06:31:26.000+07:00,
360407,36120,ตำบลสระโพนทอง,Tambon Sa Phon Thong,3604,16.246,101.984,2019-08-09T03:33:09.000+07:00,2025-09-20T06:31:26.000+07:00,
360408,36120,ตำบลหนองข่า,Tambon Nong Kha,3604,16.169,101.869,2019-08-09T03:33:09.000+07:00,2025-09-20T06:31:26.000+07:00,
360409,36120,ตำบลหนองโพนงาม,Tambon Nong Phon Ngam,3604,16.434,101.877,2019-08-09T03:33:09.000+07:00,2025-09-20T06:31:26.000+07:00,
360410,36120,ตำบลบ้านบัว,Tambon Ban Bua,3604,16.242,101.874,2019-08-09T03:33:09.000+07:00,2025-09-20T06:31:26.000+07:00,
360412,36120,ตำบลโนนทอง,Tambon Non Thong,3604,16.379,101.797,2019-08-09T03:33:09.000+07:00,2025-09-20T06:31:26.000+07:00,
360501,36210,ตำบลหนองบัวแดง,Tambon Nong Bua Daeng,3605,16.351,101.721,2019-08-09T03:33:09.000+07:00,2025-09-20T06:31:26.000+07:00,
360502,36210,ตำบลกุดชุมแสง,Tambon Kut Chum Saeng,3605,16.012,101.834,2019-08-09T03:33:09.000+07:00,2025-09-20T06:31:26.000+07:00,
360503,36210,ตำบลถ้ำวัวแดง,Tambon Tham Wua Daeng,3605,16.161,101.44,2019-08-09T03:33:09.000+07:00,2025-09-20T06:31:26.000+07:00,
360504,36210,ตำบลนางแดด,Tambon Nang Daet,3605,16.28,101.518,2019-08-09T03:33:09.000+07:00,2025-09-20T06:31:26.000+07:00,
360507,36210,ตำบลหนองแวง,Tambon Nong Waeng,3605,16.177,101.722,2019-08-09T03:33:09.000+07:00,2025-09-20T06:31:26.000+07:00,
360508,36210,ตำบลคูเมือง,Tambon Khu Mueang,3605,16.012,101.723,2019-08-09T03:33:09.000+07:00,2025-09-20T06:31:26.000+07:00,
360509,36210,ตำบลท่าใหญ่,Tambon Tha Yai,3605,16.028,101.624,2019-08-09T03:33:09.000+07:00,2025-09-20T06:31:26.000+07:00,
360511,36210,ตำบลวังชมภู,Tambon Wang Chomphu,3605,16.119,101.578,2019-08-09T03:33:09.000+07:00,2025-09-20T06:31:26.000+07:00,
360601,36130,ตำบลบ้านกอก,Tambon Ban Kok,3606,15.467,101.902,2019-08-09T03:33:09.000+07:00,2025-09-20T06:31:26.000+07:00,
360602,36130,ตำบลหนองบัวบาน,Tambon Nong Bua Ban,3606,15.652,101.802,2019-08-09T03:33:09.000+07:00,2025-09-20T06:31:26.000+07:00,
360603,36130,ตำบลบ้านขาม,Tambon Ban Kham,3606,15.474,101.805,2019-08-09T03:33:09.000+07:00,2025-09-20T06:31:26.000+07:00,
360605,36130,ตำบลกุดน้ำใส,Tambon Kut Nam Sai,3606,15.596,101.794,2019-08-09T03:33:09.000+07:00,2025-09-20T06:31:26.000+07:00,
360606,36130,ตำบลหนองโดน,Tambon Nong Don,3606,15.567,101.736,2019-08-09T03:33:09.000+07:00,2025-09-20T06:31:26.000+07:00,
360607,36130,ตำบลละหาน,Tambon Lahan,3606,15.629,101.938,2019-08-09T03:33:09.000+07:00,2025-09-20T06:31:26.000+07:00,
360610,36130,ตำบลหนองบัวใหญ่,Tambon Nong Bua Yai,3606,15.561,101.888,2019-08-09T03:33:09.000+07:00,2025-09-20T06:31:26.000+07:00,
360611,36220,ตำบลหนองบัวโคก,Tambon Nong Bua Khok,3606,15.448,101.854,2019-08-09T03:33:09.000+07:00,2025-09-20T06:31:26.000+07:00,
360613,36130,ตำบลส้มป่อย,Tambon Sompoi,3606,15.711,101.806,2019-08-09T03:33:09.000+07:00,2025-09-20T06:31:26.000+07:00,
360701,36160,ตำบลบ้านชวน,Tambon Ban Chuan,3607,15.518,101.653,2019-08-09T03:33:09.000+07:00,2025-09-20T06:31:26.000+07:00,
360702,36160,ตำบลบ้านเพชร,Tambon Ban Phet,3607,15.434,101.697,2019-08-09T03:33:09.000+07:00,2025-09-20T06:31:26.000+07:00,
360703,36220,ตำบลบ้านตาล,Tambon Ban Tan,3607,15.484,101.756,2019-08-09T03:33:09.000+07:00,2025-09-20T06:31:26.000+07:00,
360704,36220,ตำบลหัวทะเล,Tambon Hua Thale,3607,15.424,101.757,2019-08-09T03:33:09.000+07:00,2025-09-20T06:31:26.000+07:00,
360705,36160,ตำบลโคกเริงรมย์,Tambon Khok Roeng Rom,3607,15.391,101.576,2019-08-09T03:33:09.000+07:00,2025-09-20T06:31:26.000+07:00,
360706,36160,ตำบลเกาะมะนาว,Tambon Ko Manao,3607,15.504,101.61,2019-08-09T03:33:09.000+07:00,2025-09-20T06:31:26.000+07:00,
360707,36160,ตำบลโคกเพชรพัฒนา,Tambon Khok Phet Phatthana,3607,15.471,101.578,2019-08-09T03:33:09.000+07:00,2025-09-20T06:31:26.000+07:00,
360801,36250,ตำบลหนองบัวระเหว,Tambon Nong Bua Rawe,3608,15.757,101.786,2019-08-09T03:33:09.000+07:00,2025-09-20T06:31:26.000+07:00,
360802,36250,ตำบลวังตะเฆ่,Tambon Wang Takhe,3608,15.83,101.583,2019-08-09T03:33:09.000+07:00,2025-09-20T06:31:26.000+07:00,
360803,36250,ตำบลห้วยแย้,Tambon Huai Yae,3608,15.921,101.64,2019-08-09T03:33:09.000+07:00,2025-09-20T06:31:26.000+07:00,
360804,36250,ตำบลโคกสะอาด,Tambon Khok Sa-at,3608,15.778,101.699,2019-08-09T03:33:09.000+07:00,2025-09-20T06:31:26.000+07:00,
360805,36250,ตำบลโสกปลาดุก,Tambon Sok Pla Duk,3608,15.718,101.695,2019-08-09T03:33:09.000+07:00,2025-09-20T06:31:26.000+07:00,
360901,36230,ตำบลวะตะแบก,Tambon Wa Tabaek,3609,15.426,101.436,2019-08-09T03:33:09.000+07:00,2025-09-20T06:31:26.000+07:00,
360902,36230,ตำบลห้วยยายจิ๋ว,Tambon Huai Yai Chio,3609,15.432,101.547,2019-08-09T03:33:09.000+07:00,2025-09-20T06:31:26.000+07:00,
360903,36230,ตำบลนายางกลัก,Tambon Na Yang Klak,3609,15.676,101.517,2019-08-09T03:33:09.000+07:00,2025-09-20T06:31:26.000+07:00,
360904,36230,ตำบลบ้านไร่,Tambon Ban Rai,3609,15.595,101.456,2019-08-09T03:33:09.000+07:00,2025-09-20T06:31:26.000+07:00,
360905,36230,ตำบลโป่งนก,Tambon Pong Nok,3609,15.808,101.469,2019-08-09T03:33:09.000+07:00,2025-09-20T06:31:26.000+07:00,
361001,36110,ตำบลผักปัง,Tambon Phak Pang,3610,16.357,102.136,2019-08-09T03:33:09.000+07:00,2025-09-20T06:31:26.000+07:00,
361002,36110,ตำบลกวางโจน,Tambon Kwang Chon,3610,16.282,102.232,2019-08-09T03:33:09.000+07:00,2025-09-20T06:31:26.000+07:00,
361003,36110,ตำบลหนองคอนไทย,Tambon Nong Khon Thai,3610,16.461,102.181,2019-08-09T03:33:09.000+07:00,2025-09-20T06:31:26.000+07:00,
361004,36110,ตำบลบ้านแก้ง,Tambon Ban Kaeng,3610,16.42,102.049,2019-08-09T03:33:09.000+07:00,2025-09-20T06:31:26.000+07:00,
361005,36110,ตำบลกุดยม,Tambon Kut Yom,3610,16.417,102.202,2019-08-09T03:33:09.000+07:00,2025-09-20T06:31:26.000+07:00,
361006,36110,ตำบลบ้านเพชร,Tambon Ban Phet,3610,16.344,102.256,2019-08-09T03:33:09.000+07:00,2025-09-20T06:31:26.000+07:00,
361007,36110,ตำบลโคกสะอาด,Tambon Khok Sa-at,3610,16.475,102.125,2019-08-09T03:33:09.000+07:00,2025-09-20T06:31:26.000+07:00,
361008,36110,ตำบลหนองตูม,Tambon Nong Tum,3610,16.325,102.092,2019-08-09T03:33:09.000+07:00,2025-09-20T06:31:26.000+07:00,
361009,36110,ตำบลโอโล,Tambon Olo,3610,16.346,102.184,2019-08-09T03:33:09.000+07:00,2025-09-20T06:31:26.000+07:00,
361010,36110,ตำบลธาตุทอง,Tambon That Thong,3610,16.235,102.16,2019-08-09T03:33:09.000+07:00,2025-09-20T06:31:26.000+07:00,
361011,36110,ตำบลบ้านดอน,Tambon Ban Don,3610,16.305,102.304,2019-08-09T03:33:09.000+07:00,2025-09-20T06:31:26.000+07:00,
361101,36190,ตำบลบ้านแท่น,Tambon Ban Thaen,3611,16.405,102.349,2019-08-09T03:33:09.000+07:00,2025-09-20T06:31:26.000+07:00,
361102,36190,ตำบลสามสวน,Tambon Sam Suan,3611,16.419,102.27,2019-08-09T03:33:09.000+07:00,2025-09-20T06:31:26.000+07:00,
361103,36190,ตำบลสระพัง,Tambon Sa Phang,3611,16.401,102.418,2019-08-09T03:33:09.000+07:00,2025-09-20T06:31:26.000+07:00,
361104,36190,ตำบลบ้านเต่า,Tambon Ban Tao,3611,16.35,102.387,2019-08-09T03:33:09.000+07:00,2025-09-20T06:31:26.000+07:00,
361105,36190,ตำบลหนองคู,Tambon Nong Khu,3611,16.293,102.398,2019-08-09T03:33:09.000+07:00,2025-09-20T06:31:26.000+07:00,
361201,36150,ตำบลช่องสามหมอ,Tambon Chong Sam Mo,3612,16.107,102.236,2019-08-09T03:33:09.000+07:00,2025-09-20T06:31:26.000+07:00,
361202,36150,ตำบลหนองขาม,Tambon Nong Kham,3612,16.164,102.194,2019-08-09T03:33:09.000+07:00,2025-09-20T06:31:26.000+07:00,
361203,36150,ตำบลนาหนองทุ่ม,Tambon Na Nong Thum,3612,16.032,102.164,2019-08-09T03:33:09.000+07:00,2025-09-20T06:31:26.000+07:00,
361204,36150,ตำบลบ้านแก้ง,Tambon Ban Kaeng,3612,16.172,102.325,2019-08-09T03:33:09.000+07:00,2025-09-20T06:31:26.000+07:00,
361205,36150,ตำบลหนองสังข์,Tambon Nong Sang,3612,16.242,102.382,2019-08-09T03:33:09.000+07:00,2025-09-20T06:31:26.000+07:00,
361206,36150,ตำบลหลุบคา,Tambon Lup Kha,3612,16.202,102.259,2019-08-09T03:33:09.000+07:00,2025-09-20T06:31:26.000+07:00,
361207,36150,ตำบลโคกกุง,Tambon Khok Kung,3612,16.111,102.154,2019-08-09T03:33:09.000+07:00,2025-09-20T06:31:26.000+07:00,
361208,36150,ตำบลเก่าย่าดี,Tambon Kao Ya Di,3612,16.056,102.074,2019-08-09T03:33:09.000+07:00,2025-09-20T06:31:26.000+07:00,
361209,36150,ตำบลท่ามะไฟหวาน,Tambon Tha Mafai Wan,3612,16.155,102.097,2019-08-09T03:33:09.000+07:00,2025-09-20T06:31:26.000+07:00,
361210,36150,ตำบลหนองไผ่,Tambon Nong Phai,3612,16.13,102.273,2019-08-09T03:33:09.000+07:00,2025-09-20T06:31:26.000+07:00,
361301,36180,ตำบลคอนสาร,Tambon Khon San,3613,16.61,101.921,2019-08-09T03:33:09.000+07:00,2025-09-20T06:31:26.000+07:00,
361302,36180,ตำบลทุ่งพระ,Tambon Thung Phra,3613,16.649,101.642,2019-08-09T03:33:09.000+07:00,2025-09-20T06:31:26.000+07:00,
361303,36180,ตำบลโนนคูณ,Tambon Non Khun,3613,16.485,101.981,2019-08-09T03:33:09.000+07:00,2025-09-20T06:31:26.000+07:00,
361304,36180,ตำบลห้วยยาง,Tambon Huai Yang,3613,16.536,101.896,2019-08-09T03:33:09.000+07:00,2025-09-20T06:31:26.000+07:00,
361305,36180,ตำบลทุ่งลุยลาย,Tambon Thung Luilai,3613,16.522,101.634,2019-08-09T03:33:09.000+07:00,2025-09-20T06:31:26.000+07:00,
361306,36180,ตำบลดงบัง,Tambon Dong Bang,3613,16.587,101.955,2019-08-09T03:33:09.000+07:00,2025-09-20T06:31:26.000+07:00,
361307,36180,ตำบลทุ่งนาเลา,Tambon Thung Na Lao,3613,16.59,101.864,2019-08-09T03:33:09.000+07:00,2025-09-20T06:31:26.000+07:00,
361308,36180,ตำบลดงกลาง,Tambon Dong Klang,3613,16.533,101.983,2019-08-09T03:33:09.000+07:00,2025-09-20T06:31:26.000+07:00,
361401,36260,ตำบลบ้านเจียง,Tambon Chao Thong,3614,16.131,101.375,2019-08-09T03:33:09.000+07:00,2025-09-20T06:31:26.000+07:00,
361402,36260,ตำบลเจาทอง,Tambon Ban Chiang,3614,15.888,101.397,2019-08-09T03:33:09.000+07:00,2025-09-20T06:31:26.000+07:00,
361403,36260,ตำบลวังทอง,Tambon Wang Thong,3614,15.793,101.372,2019-08-09T03:33:09.000+07:00,2025-09-20T06:31:26.000+07:00,
361404,36260,ตำบลแหลมทอง,Tambon Laem Thong,3614,16.014,101.379,2019-08-09T03:33:09.000+07:00,2025-09-20T06:31:26.000+07:00,
361501,36130,ตำบลหนองฉิม,Tambon Nong Chim,3615,15.559,101.968,2019-08-09T03:33:09.000+07:00,2025-09-20T06:31:26.000+07:00,
361502,36130,ตำบลตาเนิน,Tambon Ta Noen,3615,15.527,102.016,2019-08-09T03:33:09.000+07:00,2025-09-20T06:31:26.000+07:00,
361503,36130,ตำบลกะฮาด,Tambon Kahat,3615,15.632,102.026,2019-08-09T03:33:09.000+07:00,2025-09-20T06:31:26.000+07:00,
361504,36130,ตำบลรังงาม,Tambon Rang Ngam,3615,15.487,101.964,2019-08-09T03:33:09.000+07:00,2025-09-20T06:31:26.000+07:00,
361601,36130,ตำบลซับใหญ่,Tambon Sap Yai,3616,15.602,101.573,2019-08-09T03:33:09.000+07:00,2025-09-20T06:31:26.000+07:00,
361602,36130,ตำบลท่ากูบ,Tambon Tha Kup,3616,15.623,101.708,2019-08-09T03:33:09.000+07:00,2025-09-20T06:31:26.000+07:00,
361603,36130,ตำบลตะโกทอง,Tambon Tako Thong,3616,15.565,101.67,2019-08-09T03:33:09.000+07:00,2025-09-20T06:31:26.000+07:00,
370101,37000,ตำบลบุ่ง,Tambon Bung,3701,15.872,104.635,2019-08-09T03:33:09.000+07:00,2025-09-20T06:31:26.000+07:00,
370102,37000,ตำบลไก่คำ,Tambon Kai Kham,3701,15.804,104.64,2019-08-09T03:33:09.000+07:00,2025-09-20T06:31:26.000+07:00,
370103,37000,ตำบลนาจิก,Tambon Na Chik,3701,15.787,104.564,2019-08-09T03:33:09.000+07:00,2025-09-20T06:31:26.000+07:00,
370104,37000,ตำบลปลาค้าว,Tambon Pla Khao,3701,15.785,104.79,2019-08-09T03:33:09.000+07:00,2025-09-20T06:31:26.000+07:00,
370105,37000,ตำบลเหล่าพรวน,Tambon Lao Pruan,3701,15.867,104.794,2019-08-09T03:33:09.000+07:00,2025-09-20T06:31:26.000+07:00,
370106,37000,ตำบลสร้างนกทา,Tambon Sang Nok Tha,3701,15.841,104.75,2019-08-09T03:33:09.000+07:00,2025-09-20T06:31:26.000+07:00,
370107,37000,ตำบลคึมใหญ่,Tambon Khuem Yai,3701,15.948,104.751,2019-08-09T03:33:09.000+07:00,2025-09-20T06:31:26.000+07:00,
370108,37000,ตำบลนาผือ,Tambon Na Phue,3701,15.982,104.626,2019-08-09T03:33:09.000+07:00,2025-09-20T06:31:26.000+07:00,
370109,37000,ตำบลน้ำปลีก,Tambon Nam Plik,3701,15.811,104.46,2019-08-09T03:33:09.000+07:00,2025-09-20T06:31:26.000+07:00,
370110,37000,ตำบลนาวัง,Tambon Na Wang,3701,15.997,104.579,2019-08-09T03:33:09.000+07:00,2025-09-20T06:31:26.000+07:00,
370111,37000,ตำบลนาหมอม้า,Tambon Na Mo Ma,3701,15.885,104.478,2019-08-09T03:33:09.000+07:00,2025-09-20T06:31:26.000+07:00,
370112,37000,ตำบลโนนโพธิ์,Tambon Non Pho,3701,15.873,104.558,2019-08-09T03:33:09.000+07:00,2025-09-20T06:31:26.000+07:00,
370113,37000,ตำบลโนนหนามแท่ง,Tambon Non Nam Thaeng,3701,15.929,104.631,2019-08-09T03:33:09.000+07:00,2025-09-20T06:31:26.000+07:00,
370114,37000,ตำบลห้วยไร่,Tambon Huai Rai,3701,15.851,104.689,2019-08-09T03:33:09.000+07:00,2025-09-20T06:31:26.000+07:00,
370115,37000,ตำบลหนองมะแซว,Tambon Nong Masaeo,3701,15.774,104.746,2019-08-09T03:33:09.000+07:00,2025-09-20T06:31:26.000+07:00,
370116,37000,ตำบลกุดปลาดุก,Tambon Kut Pla Duk,3701,15.945,104.525,2019-08-09T03:33:09.000+07:00,2025-09-20T06:31:26.000+07:00,
370117,37000,ตำบลดอนเมย,Tambon Don Moei,3701,15.823,104.562,2019-08-09T03:33:09.000+07:00,2025-09-20T06:31:26.000+07:00,
370118,37000,ตำบลนายม,Tambon Na Yom,3701,15.878,104.513,2019-08-09T03:33:09.000+07:00,2025-09-20T06:31:26.000+07:00,
370119,37000,ตำบลนาแต้,Tambon Na Tae,3701,15.954,104.692,2019-08-09T03:33:09.000+07:00,2025-09-20T06:31:26.000+07:00,
370201,37210,ตำบลชานุมาน,Tambon Chanuman,3702,16.232,104.944,2019-08-09T03:33:09.000+07:00,2025-09-20T06:31:26.000+07:00,
370202,37210,ตำบลโคกสาร,Tambon Khok San,3702,16.156,104.996,2019-08-09T03:33:09.000+07:00,2025-09-20T06:31:26.000+07:00,
370203,37210,ตำบลคำเขื่อนแก้ว,Tambon Kham Khuean Kaeo,3702,16.15,104.922,2019-08-09T03:33:09.000+07:00,2025-09-20T06:31:26.000+07:00,
370204,37210,ตำบลโคกก่ง,Tambon Khok Kong,3702,16.066,104.97,2019-08-09T03:33:09.000+07:00,2025-09-20T06:31:26.000+07:00,
370205,37210,ตำบลป่าก่อ,Tambon Pa Ko,3702,16.046,104.86,2019-08-09T03:33:09.000+07:00,2025-09-20T06:31:26.000+07:00,
370301,37110,ตำบลหนองข่า,Tambon Nong Kha,3703,15.973,104.892,2019-08-09T03:33:09.000+07:00,2025-09-20T06:31:26.000+07:00,
370302,37110,ตำบลคำโพน,Tambon Kham Phon,3703,15.968,104.967,2019-08-09T03:33:09.000+07:00,2025-09-20T06:31:26.000+07:00,
370303,37110,ตำบลนาหว้า,Tambon Na Wa,3703,15.897,104.918,2019-08-09T03:33:09.000+07:00,2025-09-20T06:31:26.000+07:00,
370304,37110,ตำบลลือ,Tambon Lue,3703,15.796,104.868,2019-08-09T03:33:09.000+07:00,2025-09-20T06:31:26.000+07:00,
370305,37110,ตำบลห้วย,Tambon Huai,3703,15.83,104.948,2019-08-09T03:33:09.000+07:00,2025-09-20T06:31:26.000+07:00,
370306,37110,ตำบลโนนงาม,Tambon Non Ngam,3703,15.862,104.828,2019-08-09T03:33:09.000+07:00,2025-09-20T06:31:26.000+07:00,
370307,37110,ตำบลนาป่าแซง,Tambon Na Pa Saeng,3703,15.872,104.876,2019-08-09T03:33:09.000+07:00,2025-09-20T06:31:26.000+07:00,
370401,37180,ตำบลพนา,Tambon Phana,3704,15.678,104.882,2019-08-09T03:33:09.000+07:00,2025-09-20T06:31:26.000+07:00,
370402,37180,ตำบลจานลาน,Tambon Chan Lan,3704,15.619,104.901,2019-08-09T03:33:09.000+07:00,2025-09-20T06:31:26.000+07:00,
370403,37180,ตำบลไม้กลอน,Tambon Mai Klon,3704,15.731,104.818,2019-08-09T03:33:09.000+07:00,2025-09-20T06:31:26.000+07:00,
370404,37180,ตำบลพระเหลา,Tambon Phra Lao,3704,15.737,104.882,2019-08-09T03:33:09.000+07:00,2025-09-20T06:31:26.000+07:00,
370501,37290,ตำบลเสนางคนิคม,Tambon Senangkhanikhom,3705,16.056,104.685,2019-08-09T03:33:09.000+07:00,2025-09-20T06:31:26.000+07:00,
370502,37290,ตำบลโพนทอง,Tambon Phon Thong,3705,16.069,104.764,2019-08-09T03:33:09.000+07:00,2025-09-20T06:31:26.000+07:00,
370503,37290,ตำบลไร่สีสุก,Tambon Rai Si Suk,3705,16.092,104.639,2019-08-09T03:33:09.000+07:00,2025-09-20T06:31:26.000+07:00,
370504,37290,ตำบลนาเวียง,Tambon Na Wiang,3705,16.029,104.592,2019-08-09T03:33:09.000+07:00,2025-09-20T06:31:26.000+07:00,
370505,37290,ตำบลหนองไฮ,Tambon Nong Hai,3705,16.022,104.787,2019-08-09T03:33:09.000+07:00,2025-09-20T06:31:26.000+07:00,
370506,37290,ตำบลหนองสามสี,Tambon Nong Sam Si,3705,16.05,104.616,2019-08-09T03:33:09.000+07:00,2025-09-20T06:31:26.000+07:00,
370601,37240,ตำบลหัวตะพาน,Tambon Hua Taphan,3706,15.718,104.457,2019-08-09T03:33:09.000+07:00,2025-09-20T06:31:26.000+07:00,
370602,37240,ตำบลคำพระ,Tambon Kham Phra,3706,15.761,104.518,2019-08-09T03:33:09.000+07:00,2025-09-20T06:31:26.000+07:00,
370603,37240,ตำบลเค็งใหญ่,Tambon Kheng Yai,3706,15.738,104.564,2019-08-09T03:33:09.000+07:00,2025-09-20T06:31:26.000+07:00,
370604,37240,ตำบลหนองแก้ว,Tambon Nong Kaeo,3706,15.696,104.531,2019-08-09T03:33:09.000+07:00,2025-09-20T06:31:26.000+07:00,
370605,37240,ตำบลโพนเมืองน้อย,Tambon Phon Mueang Noi,3706,15.65,104.58,2019-08-09T03:33:09.000+07:00,2025-09-20T06:31:26.000+07:00,
370606,37240,ตำบลสร้างถ่อน้อย,Tambon Sang Tho Noi,3706,15.641,104.49,2019-08-09T03:33:09.000+07:00,2025-09-20T06:31:26.000+07:00,
370607,37240,ตำบลจิกดู่,Tambon Chik Du,3706,15.583,104.545,2019-08-09T03:33:09.000+07:00,2025-09-20T06:31:26.000+07:00,
370608,37240,ตำบลรัตนวารี,Tambon Rattanawari,3706,15.723,104.513,2019-08-09T03:33:09.000+07:00,2025-09-20T06:31:26.000+07:00,
370701,37000,ตำบลอำนาจ,Tambon Amnat,3707,15.71,104.668,2019-08-09T03:33:09.000+07:00,2025-09-20T06:31:26.000+07:00,
370702,37000,ตำบลดงมะยาง,Tambon Dong Mayang,3707,15.716,104.617,2019-08-09T03:33:09.000+07:00,2025-09-20T06:31:26.000+07:00,
370703,37000,ตำบลเปือย,Tambon Pueai,3707,15.687,104.697,2019-08-09T03:33:09.000+07:00,2025-09-20T06:31:26.000+07:00,
370704,37000,ตำบลดงบัง,Tambon Dong Bang,3707,15.716,104.765,2019-08-09T03:33:09.000+07:00,2025-09-20T06:31:26.000+07:00,
370705,37000,ตำบลไร่ขี,Tambon Rai Khi,3707,15.663,104.78,2019-08-09T03:33:09.000+07:00,2025-09-20T06:31:26.000+07:00,
370706,37000,ตำบลแมด,Tambon Maet,3707,15.761,104.689,2019-08-09T03:33:09.000+07:00,2025-09-20T06:31:26.000+07:00,
370707,37000,ตำบลโคกกลาง,Tambon Khok Klang,3707,15.751,104.637,2019-08-09T03:33:09.000+07:00,2025-09-20T06:31:26.000+07:00,
380101,38000,ตำบลคำนาดี,Tambon Kham Na Di,3801,,,2019-08-09T03:33:09.000+07:00,2025-09-20T06:31:26.000+07:00,
380102,38000,ตำบลบึงโขงหลง,Tambon Bueng Khong Long,3801,,,2019-08-09T03:33:09.000+07:00,2025-09-20T06:31:26.000+07:00,
380103,38000,ตำบลไคสี,Tambon Khai Si,3801,,,2019-08-09T03:33:09.000+07:00,2025-09-20T06:31:26.000+07:00,
380104,38000,ตำบลชัยพร,Tambon Chaiyaphon,3801,,,2019-08-09T03:33:09.000+07:00,2025-09-20T06:31:26.000+07:00,
380105,38000,ตำบลนาสวรรค์,Tambon Na Sawan,3801,,,2019-08-09T03:33:09.000+07:00,2025-09-20T06:31:26.000+07:00,
380106,38000,ตำบลโนนสมบูรณ์,Tambon Non Sombun,3801,,,2019-08-09T03:33:09.000+07:00,2025-09-20T06:31:26.000+07:00,
380107,38000,ตำบลบึงกาฬ,Tambon Bueng Kan,3801,,,2019-08-09T03:33:09.000+07:00,2025-09-20T06:31:26.000+07:00,
380108,38000,ตำบลโป่งเปื่อย,Tambon Pong Pueai,3801,,,2019-08-09T03:33:09.000+07:00,2025-09-20T06:31:26.000+07:00,
380109,38000,ตำบลวิศิษฐ์,Tambon Wisit,3801,,,2019-08-09T03:33:09.000+07:00,2025-09-20T06:31:26.000+07:00,
380110,38000,ตำบลหนองเข็ง,Tambon Nong Keng,3801,,,2019-08-09T03:33:09.000+07:00,2025-09-20T06:31:26.000+07:00,
380111,38000,ตำบลหนองเลิง,Tambon Nong Loeng,3801,,,2019-08-09T03:33:09.000+07:00,2025-09-20T06:31:26.000+07:00,
380112,38000,ตำบลหอคำ,Tambon Ho Kham,3801,,,2019-08-09T03:33:09.000+07:00,2025-09-20T06:31:26.000+07:00,
380201,38150,ตำบลซาง,Tambon Sang,3802,17.839,103.958,2019-08-09T03:33:09.000+07:00,2025-09-20T06:31:26.000+07:00,
380202,38150,ตำบลเซกา,Tambon Seka,3802,17.964,103.945,2019-08-09T03:33:09.000+07:00,2025-09-20T06:31:26.000+07:00,
380203,38150,ตำบลท่ากกแดง,Tambon Tha Kok Daeng,3802,17.911,103.816,2019-08-09T03:33:09.000+07:00,2025-09-20T06:31:26.000+07:00,
380204,38150,ตำบลท่าสะอาด,Tambon Tha Sa-at,3802,17.975,103.744,2019-08-09T03:33:09.000+07:00,2025-09-20T06:31:26.000+07:00,
380205,38150,ตำบลน้ำจั้น,Tambon Nam Chan,3802,18.063,103.894,2019-08-09T03:33:09.000+07:00,2025-09-20T06:31:26.000+07:00,
380206,38150,ตำบลบ้านต้อง,Tambon Ban Tong,3802,18.099,103.946,2019-08-09T03:33:09.000+07:00,2025-09-20T06:31:26.000+07:00,
380207,38150,ตำบลป่งไฮ,Tambon Pong Hai,3802,17.976,103.873,2019-08-09T03:33:09.000+07:00,2025-09-20T06:31:26.000+07:00,
380208,38150,ตำบลโสกก่าม,Tambon Sok Kam,3802,18.075,104.015,2019-08-09T03:33:09.000+07:00,2025-09-20T06:31:26.000+07:00,
380209,38150,ตำบลหนองทุ่ม,Tambon Nong Thum,3802,17.914,103.891,2019-08-09T03:33:09.000+07:00,2025-09-20T06:31:26.000+07:00,
380301,38170,ตำบลคำแก้ว,Tambon Kham Kaeo,3803,18.093,103.489,2019-08-09T03:33:09.000+07:00,2025-09-20T06:31:26.000+07:00,
380302,38170,ตำบลโซ่,Tambon So,3803,18.039,103.391,2019-08-09T03:33:09.000+07:00,2025-09-20T06:31:26.000+07:00,
380303,38170,ตำบลถ้ำเจริญ,Tambon Tham Charoen,3803,18.208,103.497,2019-08-09T03:33:09.000+07:00,2025-09-20T06:31:26.000+07:00,
380304,38170,ตำบลบัวตูม,Tambon Bua Tum,3803,18.072,103.364,2019-08-09T03:33:09.000+07:00,2025-09-20T06:31:26.000+07:00,
380305,38170,ตำบลศรีชมภู,Tambon Si Chomphu,3803,18.271,103.464,2019-08-09T03:33:09.000+07:00,2025-09-20T06:31:26.000+07:00,
380306,38170,ตำบลหนองพันทา,Tambon Nong Phan Tha,3803,18.129,103.384,2019-08-09T03:33:09.000+07:00,2025-09-20T06:31:26.000+07:00,
380307,38170,ตำบลเหล่าทอง,Tambon Lao Thong,3803,18.144,103.442,2019-08-09T03:33:09.000+07:00,2025-09-20T06:31:26.000+07:00,
380401,38180,ตำบลดอนหญ้านาง,Tambon Don Ya Nang,3804,18.046,103.616,2019-08-09T03:33:09.000+07:00,2025-09-20T06:31:26.000+07:00,
380402,38180,ตำบลป่าแฝก,Tambon Pa Faek,3804,18.094,103.698,2019-08-09T03:33:09.000+07:00,2025-09-20T06:31:26.000+07:00,
380403,38180,ตำบลพรเจริญ,Tambon Phon Charoen,3804,18.031,103.711,2019-08-09T03:33:09.000+07:00,2025-09-20T06:31:26.000+07:00,
380404,38180,ตำบลวังชมภู,Tambon Wang Chomphu,3804,17.983,103.683,2019-08-09T03:33:09.000+07:00,2025-09-20T06:31:26.000+07:00,
380405,38180,ตำบลศรีชมภู,Tambon Si Chomphu,3804,18.044,103.679,2019-08-09T03:33:09.000+07:00,2025-09-20T06:31:26.000+07:00,
380406,38180,ตำบลศรีสำราญ,Tambon Si Samran,3804,18.121,103.646,2019-08-09T03:33:09.000+07:00,2025-09-20T06:31:26.000+07:00,
380407,38180,ตำบลหนองหัวช้าง,Tambon Nong Hua Chang,3804,18.125,103.583,2019-08-09T03:33:09.000+07:00,2025-09-20T06:31:26.000+07:00,
380501,38210,ตำบลชุมภูพร,Tambon Chumphu Phon,3805,18.146,103.714,2019-08-09T03:33:09.000+07:00,2025-09-20T06:31:26.000+07:00,
380502,38210,ตำบลนาสะแบง,Tambon Na Sabaeng,3805,18.14,103.814,2019-08-09T03:33:09.000+07:00,2025-09-20T06:31:26.000+07:00,
380503,38210,ตำบลนาสิงห์,Tambon Na Sing,3805,18.212,103.789,2019-08-09T03:33:09.000+07:00,2025-09-20T06:31:26.000+07:00,
380504,38210,ตำบลนาแสง,Tambon Na Saeng,3805,18.082,103.843,2019-08-09T03:33:09.000+07:00,2025-09-20T06:31:26.000+07:00,
380505,38210,ตำบลศรีวิไล,Tambon Si Wilai,3805,18.225,103.732,2019-08-09T03:33:09.000+07:00,2025-09-20T06:31:26.000+07:00,
380601,38220,ตำบลดงบัง,Tambon Dong Bang,3806,18.033,104.133,2019-08-09T03:33:09.000+07:00,2025-09-20T06:31:26.000+07:00,
380602,38220,ตำบลท่าดอกคำ,Tambon Tha Dok Kham,3806,18.123,104.058,2019-08-09T03:33:09.000+07:00,2025-09-20T06:31:26.000+07:00,
380603,38220,ตำบลบึงโขงหลง,Tambon Bueng Khong Long,3806,18.002,104.045,2019-08-09T03:33:09.000+07:00,2025-09-20T06:31:26.000+07:00,
380604,38220,ตำบลโพธิ์หมากแข้ง,Tambon Pho Mak Khaeng,3806,17.941,104.075,2019-08-09T03:33:09.000+07:00,2025-09-20T06:31:26.000+07:00,
380701,38190,ตำบลนากั้ง,Tambon Na Kang,3807,18.382,103.285,2019-08-09T03:33:09.000+07:00,2025-09-20T06:31:26.000+07:00,
380702,38190,ตำบลนาดง,Tambon Na Dong,3807,18.256,103.304,2019-08-09T03:33:09.000+07:00,2025-09-20T06:31:26.000+07:00,
380703,38190,ตำบลโนนศิลา,Tambon Non Sila,3807,18.292,103.346,2019-08-09T03:33:09.000+07:00,2025-09-20T06:31:26.000+07:00,
380704,38190,ตำบลปากคาด,Tambon Pak Khat,3807,18.343,103.316,2019-08-09T03:33:09.000+07:00,2025-09-20T06:31:26.000+07:00,
380705,38190,ตำบลศรีวิไล,Tambon Sri Wi Lai,3807,18.222,103.398,2019-08-09T03:33:09.000+07:00,2025-09-20T06:31:26.000+07:00,
380706,38190,ตำบลหนองยอง,Tambon Nong Yong,3807,18.208,103.351,2019-08-09T03:33:09.000+07:00,2025-09-20T06:31:26.000+07:00,
380801,38000,ตำบลโคกกว้าง,Tambon Khok Kwang,3808,18.218,104.01,2019-08-09T03:33:09.000+07:00,2025-09-20T06:31:26.000+07:00,
380802,38000,ตำบลบุ่งคล้า,Tambon Bung Khla,3808,18.252,103.962,2019-08-09T03:33:09.000+07:00,2025-09-20T06:31:26.000+07:00,
380803,38000,ตำบลหนองเดิน,Tambon Nong Doen,3808,18.294,103.925,2019-08-09T03:33:09.000+07:00,2025-09-20T06:31:26.000+07:00,
390101,39000,ตำบลหนองบัว,Tambon Nong Bua,3901,17.168,102.444,2019-08-09T03:33:09.000+07:00,2025-09-20T06:31:26.000+07:00,
390102,39000,ตำบลหนองภัยศูนย์,Tambon Nong Phai Sun,3901,17.263,102.395,2019-08-09T03:33:09.000+07:00,2025-09-20T06:31:26.000+07:00,
390103,39000,ตำบลโพธิ์ชัย,Tambon Pho Chai,3901,17.211,102.381,2019-08-09T03:33:09.000+07:00,2025-09-20T06:31:26.000+07:00,
390104,39000,ตำบลหนองสวรรค์,Tambon Nong Sawan,3901,17.2,102.317,2019-08-09T03:33:09.000+07:00,2025-09-20T06:31:26.000+07:00,
390105,39000,ตำบลหัวนา,Tambon Hua Na,3901,17.032,102.39,2019-08-09T03:33:09.000+07:00,2025-09-20T06:31:26.000+07:00,
390106,39000,ตำบลบ้านขาม,Tambon Ban Kham,3901,17.111,102.477,2019-08-09T03:33:09.000+07:00,2025-09-20T06:31:26.000+07:00,
390107,39000,ตำบลนามะเฟือง,Tambon Na Mafueang,3901,17.046,102.506,2019-08-09T03:33:09.000+07:00,2025-09-20T06:31:26.000+07:00,
390108,39000,ตำบลบ้านพร้าว,Tambon Ban Phrao,3901,17.102,102.392,2019-08-09T03:33:09.000+07:00,2025-09-20T06:31:26.000+07:00,
390109,39000,ตำบลโนนขมิ้น,Tambon Non Khamin,3901,17.164,102.283,2019-08-09T03:33:09.000+07:00,2025-09-20T06:31:26.000+07:00,
390110,39000,ตำบลลำภู,Tambon Lam Phu,3901,17.243,102.44,2019-08-09T03:33:09.000+07:00,2025-09-20T06:31:26.000+07:00,
390111,39000,ตำบลกุดจิก,Tambon Kut Chik,3901,17.333,102.372,2019-08-09T03:33:09.000+07:00,2025-09-20T06:31:26.000+07:00,
390112,39000,ตำบลโนนทัน,Tambon Non Than,3901,17.245,102.503,2019-08-09T03:33:09.000+07:00,2025-09-20T06:31:26.000+07:00,
390113,39000,ตำบลนาคำไฮ,Tambon Na Kham Hai,3901,17.28,102.304,2019-08-09T03:33:09.000+07:00,2025-09-20T06:31:26.000+07:00,
390114,39000,ตำบลป่าไม้งาม,Tambon Pa Mai Ngam,3901,16.974,102.366,2019-08-09T03:33:09.000+07:00,2025-09-20T06:31:26.000+07:00,
390115,39000,ตำบลหนองหว้า,Tambon Nong Wa,3901,17.147,102.35,2019-08-09T03:33:09.000+07:00,2025-09-20T06:31:26.000+07:00,
390201,39170,ตำบลนากลาง,Tambon Na Klang,3902,17.312,102.214,2019-08-09T03:33:09.000+07:00,2025-09-20T06:31:26.000+07:00,
390202,39170,ตำบลด่านช้าง,Tambon Dan Chang,3902,17.315,102.14,2019-08-09T03:33:09.000+07:00,2025-09-20T06:31:26.000+07:00,
390205,39350,ตำบลกุดดินจี่,Tambon Kut Din Chi,3902,17.349,102.273,2019-08-09T03:33:09.000+07:00,2025-09-20T06:31:26.000+07:00,
390206,39170,ตำบลฝั่งแดง,Tambon Fang Daeng,3902,17.221,102.223,2019-08-09T03:33:09.000+07:00,2025-09-20T06:31:26.000+07:00,
390207,39350,ตำบลเก่ากลอย,Tambon Kao Kloi,3902,17.397,102.339,2019-08-09T03:33:09.000+07:00,2025-09-20T06:31:26.000+07:00,
390209,39170,ตำบลโนนเมือง,Tambon Non Mueang,3902,17.181,102.154,2019-08-09T03:33:09.000+07:00,2025-09-20T06:31:26.000+07:00,
390210,39170,ตำบลอุทัยสวรรค์,Tambon Uthai Sawan,3902,17.235,102.143,2019-08-09T03:33:09.000+07:00,2025-09-20T06:31:26.000+07:00,
390211,39350,ตำบลดงสวรรค์,Tambon Dong Sawan,3902,17.443,102.193,2019-08-09T03:33:09.000+07:00,2025-09-20T06:31:26.000+07:00,
390213,39170,ตำบลกุดแห่,Tambon Kut Hae,3902,17.391,102.149,2019-08-09T03:33:09.000+07:00,2025-09-20T06:31:26.000+07:00,
390301,39140,ตำบลโนนสัง,Tambon Non Sang,3903,16.872,102.56,2019-08-09T03:33:09.000+07:00,2025-09-20T06:31:26.000+07:00,
390302,39140,ตำบลบ้านถิ่น,Tambon Ban Thin,3903,16.987,102.527,2019-08-09T03:33:09.000+07:00,2025-09-20T06:31:26.000+07:00,
390303,39140,ตำบลหนองเรือ,Tambon Nong Ruea,3903,16.844,102.504,2019-08-09T03:33:09.000+07:00,2025-09-20T06:31:26.000+07:00,
390304,39140,ตำบลกุดดู่,Tambon Kut Du,3903,16.971,102.65,2019-08-09T03:33:09.000+07:00,2025-09-20T06:31:26.000+07:00,
390305,39140,ตำบลบ้านค้อ,Tambon Ban Kho,3903,16.855,102.601,2019-08-09T03:33:09.000+07:00,2025-09-20T06:31:26.000+07:00,
390306,39140,ตำบลโนนเมือง,Tambon Non Mueang,3903,16.84,102.437,2019-08-09T03:33:09.000+07:00,2025-09-20T06:31:26.000+07:00,
390307,39140,ตำบลโคกใหญ่,Tambon Khok Yai,3903,16.809,102.569,2019-08-09T03:33:09.000+07:00,2025-09-20T06:31:26.000+07:00,
390308,39140,ตำบลโคกม่วง,Tambon Khok Muang,3903,16.892,102.4,2019-08-09T03:33:09.000+07:00,2025-09-20T06:31:26.000+07:00,
390309,39140,ตำบลนิคมพัฒนา,Tambon Nikhom Phatthana,3903,16.93,102.524,2019-08-09T03:33:09.000+07:00,2025-09-20T06:31:26.000+07:00,
390310,39140,ตำบลปางกู่,Tambon Pang Ku,3903,17.003,102.593,2019-08-09T03:33:09.000+07:00,2025-09-20T06:31:26.000+07:00,
390401,39180,ตำบลเมืองใหม่,Tambon Mueang Mai,3904,16.992,102.291,2019-08-09T03:33:09.000+07:00,2025-09-20T06:31:26.000+07:00,
390402,39180,ตำบลศรีบุญเรือง,Tambon Si Bun Rueang,3904,16.922,102.302,2019-08-09T03:33:09.000+07:00,2025-09-20T06:31:26.000+07:00,
390403,39180,ตำบลหนองบัวใต้,Tambon Nong Bua Tai,3904,16.92,102.353,2019-08-09T03:33:09.000+07:00,2025-09-20T06:31:26.000+07:00,
390404,39180,ตำบลกุดสะเทียน,Tambon Kut Sathian,3904,17.056,102.238,2019-08-09T03:33:09.000+07:00,2025-09-20T06:31:26.000+07:00,
390405,39180,ตำบลนากอก,Tambon Na Kok,3904,16.904,102.201,2019-08-09T03:33:09.000+07:00,2025-09-20T06:31:26.000+07:00,
390406,39180,ตำบลโนนสะอาด,Tambon Non Sa-at,3904,16.977,102.176,2019-08-09T03:33:09.000+07:00,2025-09-20T06:31:26.000+07:00,
390407,39180,ตำบลยางหล่อ,Tambon Yang Lo,3904,17.062,102.159,2019-08-09T03:33:09.000+07:00,2025-09-20T06:31:26.000+07:00,
390408,39180,ตำบลโนนม่วง,Tambon Non Muang,3904,17.128,102.181,2019-08-09T03:33:09.000+07:00,2025-09-20T06:31:26.000+07:00,
390409,39180,ตำบลหนองกุงแก้ว,Tambon Nong Kung Kaeo,3904,17.149,102.073,2019-08-09T03:33:09.000+07:00,2025-09-20T06:31:26.000+07:00,
390410,39180,ตำบลหนองแก,Tambon Nong Kae,3904,17.083,102.294,2019-08-09T03:33:09.000+07:00,2025-09-20T06:31:26.000+07:00,
390411,39180,ตำบลทรายทอง,Tambon Sai Thong,3904,16.856,102.349,2019-08-09T03:33:09.000+07:00,2025-09-20T06:31:26.000+07:00,
390412,39180,ตำบลหันนางาม,Tambon Han Na Ngam,3904,16.985,102.246,2019-08-09T03:33:09.000+07:00,2025-09-20T06:31:26.000+07:00,
390501,39270,ตำบลนาสี,Tambon Nasi,3905,17.631,102.313,2019-08-09T03:33:09.000+07:00,2025-09-20T06:31:26.000+07:00,
390502,39270,ตำบลบ้านโคก,Tambon Ban Khok,3905,17.528,102.199,2019-08-09T03:33:09.000+07:00,2025-09-20T06:31:26.000+07:00,
390503,39270,ตำบลนาดี,Tambon Na Di,3905,17.473,102.269,2019-08-09T03:33:09.000+07:00,2025-09-20T06:31:26.000+07:00,
390504,39270,ตำบลนาด่าน,Tambon Na Dan,3905,17.47,102.347,2019-08-09T03:33:09.000+07:00,2025-09-20T06:31:26.000+07:00,
390505,39270,ตำบลดงมะไฟ,Tambon Dong Mafai,3905,17.635,102.245,2019-08-09T03:33:09.000+07:00,2025-09-20T06:31:26.000+07:00,
390506,39270,ตำบลสุวรรณคูหา,Tambon Suwannakhuha,3905,17.551,102.277,2019-08-09T03:33:09.000+07:00,2025-09-20T06:31:26.000+07:00,
390507,39270,ตำบลบุญทัน,Tambon Bun Than,3905,17.582,102.14,2019-08-09T03:33:09.000+07:00,2025-09-20T06:31:26.000+07:00,
390508,39270,ตำบลกุดผึ้ง,Tambon Kut Phueng,3905,17.549,102.315,2019-08-09T03:33:09.000+07:00,2025-09-20T06:31:26.000+07:00,
390601,39170,ตำบลนาเหล่า,Tambon Na Lao,3906,17.294,102.073,2019-08-09T03:33:09.000+07:00,2025-09-20T06:31:26.000+07:00,
390602,39170,ตำบลนาแก,Tambon Na Kae,3906,17.396,102.078,2019-08-09T03:33:09.000+07:00,2025-09-20T06:31:26.000+07:00,
390603,39170,ตำบลวังทอง,Tambon Wang Thong,3906,17.32,102.03,2019-08-09T03:33:09.000+07:00,2025-09-20T06:31:26.000+07:00,
390604,39170,ตำบลวังปลาป้อม,Tambon Wang Pla Pom,3906,17.426,102.024,2019-08-09T03:33:09.000+07:00,2025-09-20T06:31:26.000+07:00,
390605,39170,ตำบลเทพคีรี,Tambon Thep Khiri,3906,17.308,102.117,2019-08-09T03:33:09.000+07:00,2025-09-20T06:31:26.000+07:00,
400101,40000,ตำบลในเมือง,Tambon Nai Mueang,4001,16.438,102.837,2019-08-09T03:33:09.000+07:00,2025-09-20T06:31:26.000+07:00,
400102,40000,ตำบลสำราญ,Tambon Samran,4001,16.537,102.837,2019-08-09T03:33:09.000+07:00,2025-09-20T06:31:26.000+07:00,
400103,40000,ตำบลโคกสี,Tambon Khok Si,4001,16.481,102.985,2019-08-09T03:33:09.000+07:00,2025-09-20T06:31:26.000+07:00,
400104,40260,ตำบลท่าพระ,Tambon Tha Phra,4001,16.314,102.813,2019-08-09T03:33:09.000+07:00,2025-09-20T06:31:26.000+07:00,
400105,40000,ตำบลบ้านทุ่ม,Tambon Ban Thum,4001,16.459,102.701,2019-08-09T03:33:09.000+07:00,2025-09-20T06:31:26.000+07:00,
400106,40000,ตำบลเมืองเก่า,Tambon Mueang Kao,4001,16.385,102.809,2019-08-09T03:33:09.000+07:00,2025-09-20T06:31:26.000+07:00,
400107,40000,ตำบลพระลับ,Tambon Phra Lap,4001,16.401,102.885,2019-08-09T03:33:09.000+07:00,2025-09-20T06:31:26.000+07:00,
400108,40000,ตำบลสาวะถี,Tambon Sawathi,4001,16.538,102.684,2019-08-09T03:33:09.000+07:00,2025-09-20T06:31:26.000+07:00,
400109,40000,ตำบลบ้านหว้า,Tambon Ban Wa,4001,16.384,102.713,2019-08-09T03:33:09.000+07:00,2025-09-20T06:31:26.000+07:00,
400110,40000,ตำบลบ้านค้อ,Tambon Ban Kho,4001,16.569,102.753,2019-08-09T03:33:09.000+07:00,2025-09-20T06:31:26.000+07:00,
400111,40000,ตำบลแดงใหญ่,Tambon Daeng Yai,4001,16.485,102.752,2019-08-09T03:33:09.000+07:00,2025-09-20T06:31:26.000+07:00,
400112,40000,ตำบลดอนช้าง,Tambon Don Chang,4001,16.363,102.759,2019-08-09T03:33:09.000+07:00,2025-09-20T06:31:26.000+07:00,
400113,40260,ตำบลดอนหัน,Tambon Don Han,4001,16.334,102.869,2019-08-09T03:33:09.000+07:00,2025-09-20T06:31:26.000+07:00,
400114,40000,ตำบลศิลา,Tambon Sila,4001,16.49,102.857,2019-08-09T03:33:09.000+07:00,2025-09-20T06:31:26.000+07:00,
400115,40000,ตำบลบ้านเป็ด,Tambon Ban Pet,4001,16.435,102.781,2019-08-09T03:33:09.000+07:00,2025-09-20T06:31:26.000+07:00,
400116,40000,ตำบลหนองตูม,Tambon Nong Tum,4001,16.516,102.931,2019-08-09T03:33:09.000+07:00,2025-09-20T06:31:26.000+07:00,
400117,40000,ตำบลบึงเนียม,Tambon Bueng Niam,4001,16.43,102.922,2019-08-09T03:33:09.000+07:00,2025-09-20T06:31:26.000+07:00,
400118,40000,ตำบลโนนท่อน,Tambon Non Thon,4001,16.595,102.837,2019-08-09T03:33:09.000+07:00,2025-09-20T06:31:26.000+07:00,
400201,40270,ตำบลหนองบัว,Tambon Nong Bua,4002,16.497,102.596,2019-08-09T03:33:09.000+07:00,2025-09-20T06:31:26.000+07:00,
400202,40270,ตำบลป่าหวายนั่ง,Tambon Pa Wai Nang,4002,16.609,102.65,2019-08-09T03:33:09.000+07:00,2025-09-20T06:31:26.000+07:00,
400203,40270,ตำบลโนนฆ้อง,Tambon Non Khong,4002,16.416,102.589,2019-08-09T03:33:09.000+07:00,2025-09-20T06:31:26.000+07:00,
400204,40270,ตำบลบ้านเหล่า,Tambon Ban Lao,4002,16.399,102.65,2019-08-09T03:33:09.000+07:00,2025-09-20T06:31:26.000+07:00,
400205,40270,ตำบลป่ามะนาว,Tambon Pa Manao,4002,16.367,102.573,2019-08-09T03:33:09.000+07:00,2025-09-20T06:31:26.000+07:00,
400206,40270,ตำบลบ้านฝาง,Tambon Ban Fang,4002,16.443,102.654,2019-08-09T03:33:09.000+07:00,2025-09-20T06:31:26.000+07:00,
400207,40270,ตำบลโคกงาม,Tambon Khok Ngam,4002,16.582,102.6,2019-08-09T03:33:09.000+07:00,2025-09-20T06:31:26.000+07:00,
400301,40320,ตำบลพระยืน,Tambon Phra Yuen,4003,16.323,102.612,2019-08-09T03:33:09.000+07:00,2025-09-20T06:31:26.000+07:00,
400302,40320,ตำบลพระบุ,Tambon Phra Bu,4003,16.265,102.697,2019-08-09T03:33:09.000+07:00,2025-09-20T06:31:26.000+07:00,
400303,40320,ตำบลบ้านโต้น,Tambon Ban Ton,4003,16.274,102.751,2019-08-09T03:33:09.000+07:00,2025-09-20T06:31:26.000+07:00,
400304,40320,ตำบลหนองแวง,Tambon Nong Waeng,4003,16.318,102.738,2019-08-09T03:33:09.000+07:00,2025-09-20T06:31:26.000+07:00,
400305,40320,ตำบลขามป้อม,Tambon Kham Pom,4003,16.301,102.657,2019-08-09T03:33:09.000+07:00,2025-09-20T06:31:26.000+07:00,
400401,40210,ตำบลหนองเรือ,Tambon Nong Ruea,4004,16.501,102.464,2019-08-09T03:33:09.000+07:00,2025-09-20T06:31:26.000+07:00,
400402,40210,ตำบลบ้านเม็ง,Tambon Ban Meng,4004,16.435,102.46,2019-08-09T03:33:09.000+07:00,2025-09-20T06:31:26.000+07:00,
400403,40240,ตำบลบ้านกง,Tambon Ban Kong,4004,16.5,102.553,2019-08-09T03:33:09.000+07:00,2025-09-20T06:31:26.000+07:00,
400404,40240,ตำบลยางคำ,Tambon Yang Kham,4004,16.398,102.515,2019-08-09T03:33:09.000+07:00,2025-09-20T06:31:26.000+07:00,
400405,40240,ตำบลจระเข้,Tambon Chorakhe,4004,16.458,102.536,2019-08-09T03:33:09.000+07:00,2025-09-20T06:31:26.000+07:00,
400406,40210,ตำบลโนนทอง,Tambon Non Thong,4004,16.552,102.384,2019-08-09T03:33:09.000+07:00,2025-09-20T06:31:26.000+07:00,
400407,40210,ตำบลกุดกว้าง,Tambon Kut Kwang,4004,16.475,102.32,2019-08-09T03:33:09.000+07:00,2025-09-20T06:31:26.000+07:00,
400408,40210,ตำบลโนนทัน,Tambon Non Than,4004,16.507,102.377,2019-08-09T03:33:09.000+07:00,2025-09-20T06:31:26.000+07:00,
400409,40210,ตำบลโนนสะอาด,Tambon Non Sa-at,4004,16.538,102.312,2019-08-09T03:33:09.000+07:00,2025-09-20T06:31:26.000+07:00,
400410,40240,ตำบลบ้านผือ,Tambon Ban Phue,4004,16.54,102.556,2019-08-09T03:33:09.000+07:00,2025-09-20T06:31:26.000+07:00,
400501,40130,ตำบลชุมแพ,Tambon Chum Phae,4005,16.526,102.074,2019-08-09T03:33:09.000+07:00,2025-09-20T06:31:26.000+07:00,
400502,40290,ตำบลโนนหัน,Tambon Non Han,4005,16.603,102.019,2019-08-09T03:33:09.000+07:00,2025-09-20T06:31:26.000+07:00,
400503,40290,ตำบลนาหนองทุ่ม,Tambon Na Nong Thum,4005,16.767,101.98,2019-08-09T03:33:09.000+07:00,2025-09-20T06:31:26.000+07:00,
400504,40130,ตำบลโนนอุดม,Tambon Non Udom,4005,16.505,102.231,2019-08-09T03:33:09.000+07:00,2025-09-20T06:31:26.000+07:00,
400505,40130,ตำบลขัวเรียง,Tambon Khua Riang,4005,16.561,102.214,2019-08-09T03:33:09.000+07:00,2025-09-20T06:31:26.000+07:00,
400506,40130,ตำบลหนองไผ่,Tambon Nong Phai,4005,16.565,102.147,2019-08-09T03:33:09.000+07:00,2025-09-20T06:31:26.000+07:00,
400507,40130,ตำบลไชยสอ,Tambon Chai So,4005,16.514,102.14,2019-08-09T03:33:09.000+07:00,2025-09-20T06:31:26.000+07:00,
400508,40130,ตำบลวังหินลาด,Tambon Wang Hin Lat,4005,16.625,102.093,2019-08-09T03:33:09.000+07:00,2025-09-20T06:31:26.000+07:00,
400509,40130,ตำบลนาเพียง,Tambon Na Phiang,4005,16.49,102.27,2019-08-09T03:33:09.000+07:00,2025-09-20T06:31:26.000+07:00,
400510,40290,ตำบลหนองเขียด,Tambon Nong Khiat,4005,16.658,102.014,2019-08-09T03:33:09.000+07:00,2025-09-20T06:31:26.000+07:00,
400511,40130,ตำบลหนองเสาเล้า,Tambon Nong Sao Lao,4005,16.586,102.298,2019-08-09T03:33:09.000+07:00,2025-09-20T06:31:26.000+07:00,
400512,40290,ตำบลโนนสะอาด,Tambon Non Sa-at,4005,16.576,101.999,2019-08-09T03:33:09.000+07:00,2025-09-20T06:31:26.000+07:00,
400601,40220,ตำบลสีชมพู,Tambon Si Chomphu,4006,16.841,102.156,2019-08-09T03:33:09.000+07:00,2025-09-20T06:31:26.000+07:00,
400602,40220,ตำบลศรีสุข,Tambon Si Suk,4006,16.751,102.206,2019-08-09T03:33:09.000+07:00,2025-09-20T06:31:26.000+07:00,
400603,40220,ตำบลนาจาน,Tambon Na Chan,4006,16.657,102.147,2019-08-09T03:33:09.000+07:00,2025-09-20T06:31:26.000+07:00,
400604,40220,ตำบลวังเพิ่ม,Tambon Wang Phoem,4006,16.82,102.204,2019-08-09T03:33:09.000+07:00,2025-09-20T06:31:26.000+07:00,
400605,40220,ตำบลซำยาง,Tambon Sam Yang,4006,16.688,102.091,2019-08-09T03:33:09.000+07:00,2025-09-20T06:31:26.000+07:00,
400606,40220,ตำบลหนองแดง,Tambon Nong Daeng,4006,16.711,102.113,2019-08-09T03:33:09.000+07:00,2025-09-20T06:31:26.000+07:00,
400607,40220,ตำบลดงลาน,Tambon Dong Lan,4006,16.805,102.075,2019-08-09T03:33:09.000+07:00,2025-09-20T06:31:26.000+07:00,
400608,40220,ตำบลบริบูรณ์,Tambon Boribun,4006,16.855,102.092,2019-08-09T03:33:09.000+07:00,2025-09-20T06:31:26.000+07:00,
400609,40220,ตำบลบ้านใหม่,Tambon Ban Mai,4006,16.761,102.068,2019-08-09T03:33:09.000+07:00,2025-09-20T06:31:26.000+07:00,
400610,40220,ตำบลภูห่าน,Tambon Phu Han,4006,16.72,102.046,2019-08-09T03:33:09.000+07:00,2025-09-20T06:31:26.000+07:00,
400701,40140,ตำบลน้ำพอง,Tambon Nam Phong,4007,16.76,102.825,2019-08-09T03:33:09.000+07:00,2025-09-20T06:31:26.000+07:00,
400702,40140,ตำบลวังชัย,Tambon Wang Chai,4007,16.728,102.862,2019-08-09T03:33:09.000+07:00,2025-09-20T06:31:26.000+07:00,
400703,40140,ตำบลหนองกุง,Tambon Nong Kung,4007,16.73,102.897,2019-08-09T03:33:09.000+07:00,2025-09-20T06:31:26.000+07:00,
400704,40140,ตำบลบัวใหญ่,Tambon Bua Yai,4007,16.632,102.951,2019-08-09T03:33:09.000+07:00,2025-09-20T06:31:26.000+07:00,
400705,40310,ตำบลสะอาด,Tambon Sa-at,4007,16.788,102.768,2019-08-09T03:33:09.000+07:00,2025-09-20T06:31:26.000+07:00,
400706,40310,ตำบลม่วงหวาน,Tambon Muang Wan,4007,16.646,102.779,2019-08-09T03:33:09.000+07:00,2025-09-20T06:31:26.000+07:00,
400707,40140,ตำบลบ้านขาม,Tambon Ban Kham,4007,16.568,102.952,2019-08-09T03:33:09.000+07:00,2025-09-20T06:31:26.000+07:00,
400708,40140,ตำบลบัวเงิน,Tambon Bua Ngoen,4007,16.793,102.995,2019-08-09T03:33:09.000+07:00,2025-09-20T06:31:26.000+07:00,
400709,40140,ตำบลทรายมูล,Tambon Sai Mun,4007,16.669,102.913,2019-08-09T03:33:09.000+07:00,2025-09-20T06:31:26.000+07:00,
400710,40140,ตำบลท่ากระเสริม,Tambon Tha Krasoem,4007,16.613,102.878,2019-08-09T03:33:09.000+07:00,2025-09-20T06:31:26.000+07:00,
400711,40140,ตำบลพังทุย,Tambon Phang Thui,4007,16.774,102.928,2019-08-09T03:33:09.000+07:00,2025-09-20T06:31:26.000+07:00,
400712,40140,ตำบลกุดน้ำใส,Tambon Kut Nam Sai,4007,16.697,102.789,2019-08-09T03:33:09.000+07:00,2025-09-20T06:31:26.000+07:00,
400801,40250,ตำบลโคกสูง,Tambon Khok Sung,4008,16.679,102.676,2019-08-09T03:33:09.000+07:00,2025-09-20T06:31:26.000+07:00,
400802,40250,ตำบลบ้านดง,Tambon Ban Dong,4008,16.801,102.645,2019-08-09T03:33:09.000+07:00,2025-09-20T06:31:26.000+07:00,
400803,40250,ตำบลเขื่อนอุบลรัตน์,Tambon Khuean Ubolratana,4008,16.715,102.636,2019-08-09T03:33:09.000+07:00,2025-09-20T06:31:26.000+07:00,
400804,40250,ตำบลนาคำ,Tambon Na Kham,4008,16.855,102.68,2019-08-09T03:33:09.000+07:00,2025-09-20T06:31:26.000+07:00,
400805,40250,ตำบลศรีสุขสำราญ,Tambon Si Suk Samran,4008,16.92,102.703,2019-08-09T03:33:09.000+07:00,2025-09-20T06:31:26.000+07:00,
400806,40250,ตำบลทุ่งโป่ง,Tambon Thung Pong,4008,16.731,102.676,2019-08-09T03:33:09.000+07:00,2025-09-20T06:31:26.000+07:00,
400901,40170,ตำบลหนองโก,Tambon Nong Ko,4009,16.727,103.11,2019-08-09T03:33:09.000+07:00,2025-09-20T06:31:26.000+07:00,
400902,40170,ตำบลหนองกุงใหญ่,Tambon Nong Kung Yai,4009,16.646,103.086,2019-08-09T03:33:09.000+07:00,2025-09-20T06:31:26.000+07:00,
400905,40170,ตำบลห้วยโจด,Tambon Huai Chot,4009,16.667,103.022,2019-08-09T03:33:09.000+07:00,2025-09-20T06:31:26.000+07:00,
400906,40170,ตำบลห้วยยาง,Tambon Huai Yang,4009,16.87,103.085,2019-08-09T03:33:09.000+07:00,2025-09-20T06:31:26.000+07:00,
400907,40170,ตำบลบ้านฝาง,Tambon Ban Fang,4009,16.769,103.05,2019-08-09T03:33:09.000+07:00,2025-09-20T06:31:26.000+07:00,
400909,40170,ตำบลดูนสาด,Tambon Dun Sat,4009,16.81,103.149,2019-08-09T03:33:09.000+07:00,2025-09-20T06:31:26.000+07:00,
400910,40170,ตำบลหนองโน,Tambon Nong No,4009,16.722,103.03,2019-08-09T03:33:09.000+07:00,2025-09-20T06:31:26.000+07:00,
400911,40170,ตำบลน้ำอ้อม,Tambon Nam Om,4009,16.671,103.127,2019-08-09T03:33:09.000+07:00,2025-09-20T06:31:26.000+07:00,
400912,40170,ตำบลหัวนาคำ,Tambon Hua Na Kham,4009,16.813,103.08,2019-08-09T03:33:09.000+07:00,2025-09-20T06:31:26.000+07:00,
401001,40110,ตำบลบ้านไผ่,Tambon Ban Phai,4010,16.063,102.728,2019-08-09T03:33:09.000+07:00,2025-09-20T06:31:26.000+07:00,
401002,40110,ตำบลในเมือง,Tambon Nai Mueang,4010,16.035,102.723,2019-08-09T03:33:09.000+07:00,2025-09-20T06:31:26.000+07:00,
401005,40110,ตำบลเมืองเพีย,Tambon Mueang Phia,4010,16.102,102.684,2019-08-09T03:33:09.000+07:00,2025-09-20T06:31:26.000+07:00,
401009,40110,ตำบลบ้านลาน,Tambon Ban Lan,4010,15.992,102.838,2019-08-09T03:33:09.000+07:00,2025-09-20T06:31:26.000+07:00,
401010,40110,ตำบลแคนเหนือ,Tambon Khaen Nuea,4010,15.99,102.771,2019-08-09T03:33:09.000+07:00,2025-09-20T06:31:26.000+07:00,
401011,40110,ตำบลภูเหล็ก,Tambon Phu Lek,4010,16.115,102.828,2019-08-09T03:33:09.000+07:00,2025-09-20T06:31:26.000+07:00,
401013,40110,ตำบลป่าปอ,Tambon Pa Po,4010,15.919,102.777,2019-08-09T03:33:09.000+07:00,2025-09-20T06:31:26.000+07:00,
401014,40110,ตำบลหินตั้ง,Tambon Hin Tang,4010,16.045,102.831,2019-08-09T03:33:09.000+07:00,2025-09-20T06:31:26.000+07:00,
401016,40110,ตำบลหนองน้ำใส,Tambon Nong Nam Sai,4010,16.042,102.76,2019-08-09T03:33:09.000+07:00,2025-09-20T06:31:26.000+07:00,
401017,40110,ตำบลหัวหนอง,Tambon Hua Nong,4010,16.04,102.697,2019-08-09T03:33:09.000+07:00,2025-09-20T06:31:26.000+07:00,
401101,40340,ตำบลเปือยน้อย,Tambon Pueai Noi,4011,15.879,102.904,2019-08-09T03:33:09.000+07:00,2025-09-20T06:31:26.000+07:00,
401102,40340,ตำบลวังม่วง,Tambon Wang Muang,4011,15.884,102.829,2019-08-09T03:33:09.000+07:00,2025-09-20T06:31:26.000+07:00,
401103,40340,ตำบลขามป้อม,Tambon Kham Pom,4011,15.938,102.874,2019-08-09T03:33:09.000+07:00,2025-09-20T06:31:26.000+07:00,
401104,40340,ตำบลสระแก้ว,Tambon Sa Kaeo,4011,15.85,102.895,2019-08-09T03:33:09.000+07:00,2025-09-20T06:31:26.000+07:00,
401201,40120,ตำบลเมืองพล,Tambon Mueang Phon,4012,15.793,102.64,2019-08-09T03:33:09.000+07:00,2025-09-20T06:31:26.000+07:00,
401203,40120,ตำบลโจดหนองแก,Tambon Chot Nong Kae,4012,15.856,102.65,2019-08-09T03:33:09.000+07:00,2025-09-20T06:31:26.000+07:00,
401204,40120,ตำบลเก่างิ้ว,Tambon Kao Ngio,4012,15.844,102.598,2019-08-09T03:33:09.000+07:00,2025-09-20T06:31:26.000+07:00,
401205,40120,ตำบลหนองมะเขือ,Tambon Nong Makhuea,4012,15.753,102.546,2019-08-09T03:33:09.000+07:00,2025-09-20T06:31:26.000+07:00,
401206,40120,ตำบลหนองแวงโสกพระ,Tambon Nong Waeng Sok Phra,4012,15.746,102.644,2019-08-09T03:33:09.000+07:00,2025-09-20T06:31:26.000+07:00,
401207,40120,ตำบลเพ็กใหญ่,Tambon Phek Yai,4012,15.841,102.538,2019-08-09T03:33:09.000+07:00,2025-09-20T06:31:26.000+07:00,
401208,40120,ตำบลโคกสง่า,Tambon Khok Sa-nga,4012,15.754,102.488,2019-08-09T03:33:09.000+07:00,2025-09-20T06:31:26.000+07:00,
401209,40120,ตำบลหนองแวงนางเบ้า,Tambon Nong Waeng Nang Bao,4012,15.887,102.611,2019-08-09T03:33:09.000+07:00,2025-09-20T06:31:26.000+07:00,
401210,40120,ตำบลลอมคอม,Tambon Lom Khom,4012,15.794,102.525,2019-08-09T03:33:09.000+07:00,2025-09-20T06:31:26.000+07:00,
401211,40120,ตำบลโนนข่า,Tambon Non Kha,4012,15.764,102.591,2019-08-09T03:33:09.000+07:00,2025-09-20T06:31:26.000+07:00,
401212,40120,ตำบลโสกนกเต็น,Tambon Sok Nok Ten,4012,15.816,102.66,2019-08-09T03:33:09.000+07:00,2025-09-20T06:31:26.000+07:00,
401213,40120,ตำบลหัวทุ่ง,Tambon Hua Thung,4012,15.879,102.556,2019-08-09T03:33:09.000+07:00,2025-09-20T06:31:26.000+07:00,
401301,40330,ตำบลคอนฉิม,Tambon Khon Chim,4013,15.947,102.486,2019-08-09T03:33:09.000+07:00,2025-09-20T06:31:26.000+07:00,
401302,40330,ตำบลใหม่นาเพียง,Tambon Mai Na Phiang,4013,15.906,102.471,2019-08-09T03:33:09.000+07:00,2025-09-20T06:31:26.000+07:00,
401303,40330,ตำบลโนนทอง,Tambon Non Thong,4013,15.904,102.401,2019-08-09T03:33:09.000+07:00,2025-09-20T06:31:26.000+07:00,
401304,40330,ตำบลแวงใหญ่,Tambon Waeng Yai,4013,15.954,102.533,2019-08-09T03:33:09.000+07:00,2025-09-20T06:31:26.000+07:00,
401305,40330,ตำบลโนนสะอาด,Tambon Non Sa-at,4013,15.954,102.421,2019-08-09T03:33:09.000+07:00,2025-09-20T06:31:26.000+07:00,
401401,40230,ตำบลแวงน้อย,Tambon Waeng Noi,4014,15.813,102.423,2019-08-09T03:33:09.000+07:00,2025-09-20T06:31:26.000+07:00,
401402,40230,ตำบลก้านเหลือง,Tambon Kan Lueang,4014,15.844,102.464,2019-08-09T03:33:09.000+07:00,2025-09-20T06:31:26.000+07:00,
401403,40230,ตำบลท่านางแนว,Tambon Tha Nang Naeo,4014,15.866,102.372,2019-08-09T03:33:09.000+07:00,2025-09-20T06:31:26.000+07:00,
401404,40230,ตำบลละหานนา,Tambon Lahan Na,4014,15.813,102.367,2019-08-09T03:33:09.000+07:00,2025-09-20T06:31:26.000+07:00,
401405,40230,ตำบลท่าวัด,Tambon Tha Wat,4014,15.735,102.397,2019-08-09T03:33:09.000+07:00,2025-09-20T06:31:26.000+07:00,
401406,40230,ตำบลทางขวาง,Tambon Thang Khwang,4014,15.758,102.429,2019-08-09T03:33:09.000+07:00,2025-09-20T06:31:26.000+07:00,
401501,40190,ตำบลหนองสองห้อง,Tambon Nong Song Hong,4015,15.707,102.771,2019-08-09T03:33:09.000+07:00,2025-09-20T06:31:26.000+07:00,
401502,40190,ตำบลคึมชาด,Tambon Khuemchat,4015,15.818,102.802,2019-08-09T03:33:09.000+07:00,2025-09-20T06:31:26.000+07:00,
401503,40190,ตำบลโนนธาตุ,Tambon Non That,4015,15.705,102.72,2019-08-09T03:33:09.000+07:00,2025-09-20T06:31:26.000+07:00,
401504,40190,ตำบลตะกั่วป่า,Tambon Takua Pa,4015,15.714,102.824,2019-08-09T03:33:09.000+07:00,2025-09-20T06:31:26.000+07:00,
401505,40190,ตำบลสำโรง,Tambon Samrong,4015,15.833,102.744,2019-08-09T03:33:09.000+07:00,2025-09-20T06:31:26.000+07:00,
401506,40190,ตำบลหนองเม็ก,Tambon Nong Mek,4015,15.787,102.724,2019-08-09T03:33:09.000+07:00,2025-09-20T06:31:26.000+07:00,
401507,40190,ตำบลดอนดู่,Tambon Don Du,4015,15.809,102.874,2019-08-09T03:33:09.000+07:00,2025-09-20T06:31:26.000+07:00,
401508,40190,ตำบลดงเค็ง,Tambon Dong Kheng,4015,15.67,102.812,2019-08-09T03:33:09.000+07:00,2025-09-20T06:31:26.000+07:00,
401509,40190,ตำบลหันโจด,Tambon Han Chot,4015,15.758,102.695,2019-08-09T03:33:09.000+07:00,2025-09-20T06:31:26.000+07:00,
401510,40190,ตำบลดอนดั่ง,Tambon Don Dang,4015,15.77,102.788,2019-08-09T03:33:09.000+07:00,2025-09-20T06:31:26.000+07:00,
401511,40190,ตำบลวังหิน,Tambon Wang Hin,4015,15.873,102.742,2019-08-09T03:33:09.000+07:00,2025-09-20T06:31:26.000+07:00,
401512,40190,ตำบลหนองไผ่ล้อม,Tambon Nong Phai Lom,4015,15.752,102.841,2019-08-09T03:33:09.000+07:00,2025-09-20T06:31:26.000+07:00,
401601,40150,ตำบลบ้านเรือ,Tambon Ban Ruea,4016,16.676,102.395,2019-08-09T03:33:09.000+07:00,2025-09-20T06:31:26.000+07:00,
401604,40150,ตำบลหว้าทอง,Tambon Wa Thong,4016,16.761,102.469,2019-08-09T03:33:09.000+07:00,2025-09-20T06:31:26.000+07:00,
401605,40150,ตำบลกุดขอนแก่น,Tambon Kut Khon Kaen,4016,16.58,102.502,2019-08-09T03:33:09.000+07:00,2025-09-20T06:31:26.000+07:00,
401606,40150,ตำบลนาชุมแสง,Tambon Na Chum Saeng,4016,16.602,102.331,2019-08-09T03:33:09.000+07:00,2025-09-20T06:31:26.000+07:00,
401607,40150,ตำบลนาหว้า,Tambon Na Wa,4016,16.721,102.572,2019-08-09T03:33:09.000+07:00,2025-09-20T06:31:26.000+07:00,
401610,40150,ตำบลหนองกุงธนสาร,Tambon Nong Kung Thanasan,4016,16.65,102.437,2019-08-09T03:33:09.000+07:00,2025-09-20T06:31:26.000+07:00,
401612,40150,ตำบลหนองกุงเซิน,Tambon Nong Kung Soen,4016,16.633,102.518,2019-08-09T03:33:09.000+07:00,2025-09-20T06:31:26.000+07:00,
401613,40150,ตำบลสงเปือย,Tambon Song Pueai,4016,16.605,102.394,2019-08-09T03:33:09.000+07:00,2025-09-20T06:31:26.000+07:00,
401614,40150,ตำบลทุ่งชมพู,Tambon Thung Chomphu,4016,16.762,102.524,2019-08-09T03:33:09.000+07:00,2025-09-20T06:31:26.000+07:00,
401616,40150,ตำบลดินดำ,Tambon Din Dam,4016,16.722,102.398,2019-08-09T03:33:09.000+07:00,2025-09-20T06:31:26.000+07:00,
401617,40150,ตำบลภูเวียง,Tambon Phu Wiang,4016,16.679,102.364,2019-08-09T03:33:09.000+07:00,2025-09-20T06:31:26.000+07:00,
401701,40160,ตำบลกุดเค้า,Tambon Kut Khao,4017,16.114,102.492,2019-08-09T03:33:09.000+07:00,2025-09-20T06:31:26.000+07:00,
401702,40160,ตำบลสวนหม่อน,Tambon Suan Mon,4017,16.165,102.561,2019-08-09T03:33:09.000+07:00,2025-09-20T06:31:26.000+07:00,
401703,40160,ตำบลหนองแปน,Tambon Nong Paen,4017,16.178,102.629,2019-08-09T03:33:09.000+07:00,2025-09-20T06:31:26.000+07:00,
401704,40160,ตำบลโพนเพ็ก,Tambon Phon Phek,4017,16.237,102.534,2019-08-09T03:33:09.000+07:00,2025-09-20T06:31:26.000+07:00,
401705,40160,ตำบลคำแคน,Tambon Kham Khaen,4017,16.323,102.476,2019-08-09T03:33:09.000+07:00,2025-09-20T06:31:26.000+07:00,
401706,40160,ตำบลนาข่า,Tambon Na Kha,4017,16.183,102.5,2019-08-09T03:33:09.000+07:00,2025-09-20T06:31:26.000+07:00,
401707,40160,ตำบลนางาม,Tambon Na Ngam,4017,16.196,102.419,2019-08-09T03:33:09.000+07:00,2025-09-20T06:31:26.000+07:00,
401710,40160,ตำบลท่าศาลา,Tambon Tha Sala,4017,16.269,102.615,2019-08-09T03:33:09.000+07:00,2025-09-20T06:31:26.000+07:00,
401801,40180,ตำบลชนบท,Tambon Chonnabot,4018,16.067,102.632,2019-08-09T03:33:09.000+07:00,2025-09-20T06:31:26.000+07:00,
401802,40180,ตำบลกุดเพียขอม,Tambon Kut Phia Khom,4018,16.032,102.613,2019-08-09T03:33:09.000+07:00,2025-09-20T06:31:26.000+07:00,
401803,40180,ตำบลวังแสง,Tambon Wang Saeng,4018,16.013,102.482,2019-08-09T03:33:09.000+07:00,2025-09-20T06:31:26.000+07:00,
401804,40180,ตำบลห้วยแก,Tambon Huai Kae,4018,15.993,102.531,2019-08-09T03:33:09.000+07:00,2025-09-20T06:31:26.000+07:00,
401805,40180,ตำบลบ้านแท่น,Tambon Ban Thaen,4018,15.966,102.603,2019-08-09T03:33:09.000+07:00,2025-09-20T06:31:26.000+07:00,
401806,40180,ตำบลศรีบุญเรือง,Tambon Si Bun Rueang,4018,16.115,102.623,2019-08-09T03:33:09.000+07:00,2025-09-20T06:31:26.000+07:00,
401807,40180,ตำบลโนนพะยอม,Tambon Non Phayom,4018,16.054,102.547,2019-08-09T03:33:09.000+07:00,2025-09-20T06:31:26.000+07:00,
401808,40180,ตำบลปอแดง,Tambon Po Daeng,4018,15.95,102.579,2019-08-09T03:33:09.000+07:00,2025-09-20T06:31:26.000+07:00,
401901,40280,ตำบลเขาสวนกวาง,Tambon Khao Suan Kwang,4019,16.861,102.84,2019-08-09T03:33:09.000+07:00,2025-09-20T06:31:26.000+07:00,
401902,40280,ตำบลดงเมืองแอม,Tambon Dong Mueang Aem,4019,16.862,102.767,2019-08-09T03:33:09.000+07:00,2025-09-20T06:31:26.000+07:00,
401903,40280,ตำบลนางิ้ว,Tambon Na Ngio,4019,16.932,102.784,2019-08-09T03:33:09.000+07:00,2025-09-20T06:31:26.000+07:00,
401904,40280,ตำบลโนนสมบูรณ์,Tambon Non Sombun,4019,17.025,102.709,2019-08-09T03:33:09.000+07:00,2025-09-20T06:31:26.000+07:00,
401905,40280,ตำบลคำม่วง,Tambon Kham Muang,4019,16.819,102.867,2019-08-09T03:33:09.000+07:00,2025-09-20T06:31:26.000+07:00,
402001,40350,ตำบลโนนคอม,Tambon Non Khom,4020,16.648,101.935,2019-08-09T03:33:09.000+07:00,2025-09-20T06:31:26.000+07:00,
402002,40350,ตำบลนาฝาย,Tambon Na Fai,4020,16.68,101.871,2019-08-09T03:33:09.000+07:00,2025-09-20T06:31:26.000+07:00,
402003,40350,ตำบลภูผาม่าน,Tambon Phu Pha Man,4020,16.677,101.91,2019-08-09T03:33:09.000+07:00,2025-09-20T06:31:26.000+07:00,
402004,40350,ตำบลวังสวาบ,Tambon Wang Sawap,4020,16.714,101.817,2019-08-09T03:33:09.000+07:00,2025-09-20T06:31:26.000+07:00,
402005,40350,ตำบลห้วยม่วง,Tambon Huai Muang,4020,16.765,101.909,2019-08-09T03:33:09.000+07:00,2025-09-20T06:31:26.000+07:00,
402101,40170,ตำบลกระนวน,Tambon Kranuan,4021,16.534,103.069,2019-08-09T03:33:09.000+07:00,2025-09-20T06:31:26.000+07:00,
402102,40170,ตำบลคำแมด,Tambon Kham Maet,4021,16.616,103.122,2019-08-09T03:33:09.000+07:00,2025-09-20T06:31:26.000+07:00,
402103,40170,ตำบลบ้านโนน,Tambon Ban Non,4021,16.56,103.027,2019-08-09T03:33:09.000+07:00,2025-09-20T06:31:26.000+07:00,
402104,40170,ตำบลคูคำ,Tambon Khu Kham,4021,16.508,103.014,2019-08-09T03:33:09.000+07:00,2025-09-20T06:31:26.000+07:00,
402105,40170,ตำบลห้วยเตย,Tambon Huai Toei,4021,16.582,103.089,2019-08-09T03:33:09.000+07:00,2025-09-20T06:31:26.000+07:00,
402201,40160,ตำบลบ้านโคก,Tambon Ban Khok,4022,16.112,102.378,2019-08-09T03:33:09.000+07:00,2025-09-20T06:31:26.000+07:00,
402202,40160,ตำบลโพธิ์ไชย,Tambon Pho Chai,4022,16.027,102.399,2019-08-09T03:33:09.000+07:00,2025-09-20T06:31:26.000+07:00,
402203,40160,ตำบลซับสมบูรณ์,Tambon Sap Sombun,4022,16.074,102.329,2019-08-09T03:33:09.000+07:00,2025-09-20T06:31:26.000+07:00,
402204,40160,ตำบลนาแพง,Tambon Na Phaeng,4022,16.078,102.472,2019-08-09T03:33:09.000+07:00,2025-09-20T06:31:26.000+07:00,
402301,40150,ตำบลกุดธาตุ,Tambon Kut That,4023,16.834,102.308,2019-08-09T03:33:09.000+07:00,2025-09-20T06:31:26.000+07:00,
402302,40150,ตำบลบ้านโคก,Tambon Ban Khok,4023,16.791,102.335,2019-08-09T03:33:09.000+07:00,2025-09-20T06:31:26.000+07:00,
402303,40150,ตำบลขนวน,Tambon Khanuan,4023,16.774,102.387,2019-08-09T03:33:09.000+07:00,2025-09-20T06:31:26.000+07:00,
402401,40110,ตำบลบ้านแฮด,Tambon Ban Haet,4024,16.211,102.778,2019-08-09T03:33:09.000+07:00,2025-09-20T06:31:26.000+07:00,
402402,40110,ตำบลโคกสำราญ,Tambon Khok Samran,4024,16.19,102.71,2019-08-09T03:33:09.000+07:00,2025-09-20T06:31:26.000+07:00,
402403,40110,ตำบลโนนสมบูรณ์,Tambon Non Sombun,4024,16.259,102.788,2019-08-09T03:33:09.000+07:00,2025-09-20T06:31:26.000+07:00,
402404,40110,ตำบลหนองแซง,Tambon Nong Saeng,4024,16.175,102.809,2019-08-09T03:33:09.000+07:00,2025-09-20T06:31:26.000+07:00,
402501,40110,ตำบลโนนศิลา,Tambon Non Sila,4025,15.94,102.664,2019-08-09T03:33:09.000+07:00,2025-09-20T06:31:26.000+07:00,
402502,40110,ตำบลหนองปลาหมอ,Tambon Nong Pla Mo,4025,15.989,102.635,2019-08-09T03:33:09.000+07:00,2025-09-20T06:31:26.000+07:00,
402503,40110,ตำบลบ้านหัน,Tambon Ban Han,4025,15.94,102.72,2019-08-09T03:33:09.000+07:00,2025-09-20T06:31:26.000+07:00,
402504,40110,ตำบลเปือยใหญ่,Tambon Pueai Yai,4025,16.027,102.651,2019-08-09T03:33:09.000+07:00,2025-09-20T06:31:26.000+07:00,
402505,40110,ตำบลโนนแดง,Tambon Non Daeng,4025,16.005,102.687,2019-08-09T03:33:09.000+07:00,2025-09-20T06:31:26.000+07:00,
402901,40150,ตำบลในเมือง,Tambon Nai Mueang,4029,16.742,102.259,2019-08-09T03:33:09.000+07:00,2025-09-20T06:31:26.000+07:00,
402902,40150,ตำบลเมืองเก่าพัฒนา,Tambon Mueang Kao Phatthana,4029,16.625,102.206,2019-08-09T03:33:09.000+07:00,2025-09-20T06:31:26.000+07:00,
402903,40150,ตำบลเขาน้อย,Tambon Khao Noi,4029,16.723,102.33,2019-08-09T03:33:09.000+07:00,2025-09-20T06:31:26.000+07:00,
410101,41000,ตำบลหมากแข้ง,Tambon Mak Khaeng,4101,17.411,102.792,2019-08-09T03:33:09.000+07:00,2025-09-20T06:31:26.000+07:00,
410102,41000,ตำบลนิคมสงเคราะห์,Tambon Nikhom Songkhro,4101,17.365,102.688,2019-08-09T03:33:09.000+07:00,2025-09-20T06:31:26.000+07:00,
410103,41000,ตำบลบ้านขาว,Tambon Ban Khao,4101,17.545,102.775,2019-08-09T03:33:09.000+07:00,2025-09-20T06:31:26.000+07:00,
410104,41000,ตำบลหนองบัว,Tambon Nong Bua,4101,17.406,102.822,2019-08-09T03:33:09.000+07:00,2025-09-20T06:31:26.000+07:00,
410105,41000,ตำบลบ้านตาด,Tambon Ban Tat,4101,17.292,102.762,2019-08-09T03:33:09.000+07:00,2025-09-20T06:31:26.000+07:00,
410106,41330,ตำบลโนนสูง,Tambon Non Sung,4101,17.287,102.846,2019-08-09T03:33:09.000+07:00,2025-09-20T06:31:26.000+07:00,
410107,41000,ตำบลหมูม่น,Tambon Mu Mon,4101,17.469,102.771,2019-08-09T03:33:09.000+07:00,2025-09-20T06:31:26.000+07:00,
410108,41000,ตำบลเชียงยืน,Tambon Chiang Yuen,4101,17.431,102.651,2019-08-09T03:33:09.000+07:00,2025-09-20T06:31:26.000+07:00,
410109,41000,ตำบลหนองนาคำ,Tambon Nong Na Kham,4101,17.367,102.896,2019-08-09T03:33:09.000+07:00,2025-09-20T06:31:26.000+07:00,
410110,41000,ตำบลกุดสระ,Tambon Kut Sa,4101,17.491,102.839,2019-08-09T03:33:09.000+07:00,2025-09-20T06:31:26.000+07:00,
410111,41000,ตำบลนาดี,Tambon Na Di,4101,,,2019-08-09T03:33:09.000+07:00,2025-09-20T06:31:26.000+07:00,
410112,41000,ตำบลบ้านเลื่อม,Tambon Ban Lueam,4101,17.421,102.764,2019-08-09T03:33:09.000+07:00,2025-09-20T06:31:26.000+07:00,
410113,41000,ตำบลเชียงพิณ,Tambon Chiang Phin,4101,17.417,102.699,2019-08-09T03:33:09.000+07:00,2025-09-20T06:31:26.000+07:00,
410114,41000,ตำบลสามพร้าว,Tambon Sam Phrao,4101,17.456,102.886,2019-08-09T03:33:09.000+07:00,2025-09-20T06:31:26.000+07:00,
410115,41000,ตำบลหนองไฮ,Tambon Nong Hai,4101,17.271,102.697,2019-08-09T03:33:09.000+07:00,2025-09-20T06:31:26.000+07:00,
410116,41000,ตำบลนาข่า,Tambon Na Kha,4101,17.54,102.849,2019-08-09T03:33:09.000+07:00,2025-09-20T06:31:26.000+07:00,
410117,41000,ตำบลบ้านจั่น,Tambon Ban Chan,4101,17.343,102.779,2019-08-09T03:33:09.000+07:00,2025-09-20T06:31:26.000+07:00,
410118,41000,ตำบลหนองขอนกว้าง,Tambon Nong Khon Kwang,4101,17.376,102.816,2019-08-09T03:33:09.000+07:00,2025-09-20T06:31:26.000+07:00,
410119,41000,ตำบลโคกสะอาด,Tambon Khok Sa-at,4101,17.356,102.638,2019-08-09T03:33:09.000+07:00,2025-09-20T06:31:26.000+07:00,
410120,41000,ตำบลนากว้าง,Tambon Na Kwang,4101,17.533,102.701,2019-08-09T03:33:09.000+07:00,2025-09-20T06:31:26.000+07:00,
410121,41330,ตำบลหนองไผ่,Tambon Nong Phai,4101,17.256,102.898,2019-08-09T03:33:09.000+07:00,2025-09-20T06:31:26.000+07:00,
410201,41250,ตำบลกุดจับ,Tambon Kut Chap,4102,17.382,102.515,2019-08-09T03:33:09.000+07:00,2025-09-20T06:31:26.000+07:00,
410202,41250,ตำบลปะโค,Tambon Pakho,4102,17.48,102.596,2019-08-09T03:33:09.000+07:00,2025-09-20T06:31:26.000+07:00,
410203,41250,ตำบลขอนยูง,Tambon Khon Yung,4102,17.385,102.46,2019-08-09T03:33:09.000+07:00,2025-09-20T06:31:26.000+07:00,
410204,41250,ตำบลเชียงเพ็ง,Tambon Chiang Pheng,4102,17.49,102.652,2019-08-09T03:33:09.000+07:00,2025-09-20T06:31:26.000+07:00,
410205,41250,ตำบลสร้างก่อ,Tambon Sang Ko,4102,17.479,102.506,2019-08-09T03:33:09.000+07:00,2025-09-20T06:31:26.000+07:00,
410206,41250,ตำบลเมืองเพีย,Tambon Mueang Phia,4102,17.411,102.574,2019-08-09T03:33:09.000+07:00,2025-09-20T06:31:26.000+07:00,
410207,41250,ตำบลตาลเลียน,Tambon Tan Lian,4102,17.44,102.429,2019-08-09T03:33:09.000+07:00,2025-09-20T06:31:26.000+07:00,
410301,41360,ตำบลหมากหญ้า,Tambon Mak Ya,4103,17.238,102.628,2019-08-09T03:33:09.000+07:00,2025-09-20T06:31:26.000+07:00,
410302,41220,ตำบลหนองอ้อ,Tambon Nong O,4103,17.187,102.541,2019-08-09T03:33:09.000+07:00,2025-09-20T06:31:26.000+07:00,
410303,41220,ตำบลอูบมุง,Tambon Up Mung,4103,17.087,102.564,2019-08-09T03:33:09.000+07:00,2025-09-20T06:31:26.000+07:00,
410304,41220,ตำบลกุดหมากไฟ,Tambon Kut Mak Fai,4103,17.057,102.645,2019-08-09T03:33:09.000+07:00,2025-09-20T06:31:26.000+07:00,
410305,41360,ตำบลน้ำพ่น,Tambon Nam Phon,4103,17.309,102.473,2019-08-09T03:33:09.000+07:00,2025-09-20T06:31:26.000+07:00,
410306,41360,ตำบลหนองบัวบาน,Tambon Nong Bua Ban,4103,17.288,102.645,2019-08-09T03:33:09.000+07:00,2025-09-20T06:31:26.000+07:00,
410307,41220,ตำบลโนนหวาย,Tambon Non Wai,4103,17.142,102.601,2019-08-09T03:33:09.000+07:00,2025-09-20T06:31:26.000+07:00,
410308,41360,ตำบลหนองวัวซอ,Tambon Nong Wua So,4103,17.288,102.576,2019-08-09T03:33:09.000+07:00,2025-09-20T06:31:26.000+07:00,
410401,41110,ตำบลตูมใต้,Tambon Tum Tai,4104,17.084,102.963,2019-08-09T03:33:09.000+07:00,2025-09-20T06:31:26.000+07:00,
410402,41370,ตำบลพันดอน,Tambon Phan Don,4104,17.137,102.938,2019-08-09T03:33:09.000+07:00,2025-09-20T06:31:26.000+07:00,
410403,41110,ตำบลเวียงคำ,Tambon Wiang Kham,4104,17.097,103.116,2019-08-09T03:33:09.000+07:00,2025-09-20T06:31:26.000+07:00,
410404,41110,ตำบลแชแล,Tambon Chaelae,4104,17.153,103.075,2019-08-09T03:33:09.000+07:00,2025-09-20T06:31:26.000+07:00,
410406,41110,ตำบลเชียงแหว,Tambon Chiang Wae,4104,17.198,103.026,2019-08-09T03:33:09.000+07:00,2025-09-20T06:31:26.000+07:00,
410407,41110,ตำบลห้วยเกิ้ง,Tambon Huai Koeng,4104,17.044,102.934,2019-08-09T03:33:09.000+07:00,2025-09-20T06:31:26.000+07:00,
410409,41370,ตำบลเสอเพลอ,Tambon Soephloe,4104,17.202,102.874,2019-08-09T03:33:09.000+07:00,2025-09-20T06:31:26.000+07:00,
410410,41110,ตำบลสีออ,Tambon Si O,4104,16.995,103.038,2019-08-09T03:33:09.000+07:00,2025-09-20T06:31:26.000+07:00,
410411,41370,ตำบลปะโค,Tambon Pa Kho,4104,17.056,102.896,2019-08-09T03:33:09.000+07:00,2025-09-20T06:31:26.000+07:00,
410413,41370,ตำบลผาสุก,Tambon Phasuk,4104,17.169,102.94,2019-08-09T03:33:09.000+07:00,2025-09-20T06:31:26.000+07:00,
410414,41110,ตำบลท่าลี่,Tambon Tha Li,4104,16.933,103.064,2019-08-09T03:33:09.000+07:00,2025-09-20T06:31:26.000+07:00,
410415,41110,ตำบลกุมภวาปี,Tambon Kumphawapi,4104,17.112,103.009,2019-08-09T03:33:09.000+07:00,2025-09-20T06:31:26.000+07:00,
410416,41110,ตำบลหนองหว้า,Tambon Nong Wa,4104,17.033,102.981,2019-08-09T03:33:09.000+07:00,2025-09-20T06:31:26.000+07:00,
410501,41240,ตำบลโนนสะอาด,Tambon Non Sa-at,4105,16.977,102.902,2019-08-09T03:33:09.000+07:00,2025-09-20T06:31:26.000+07:00,
410502,41240,ตำบลบุ่งแก้ว,Tambon Bung Kaeo,4105,16.969,102.981,2019-08-09T03:33:09.000+07:00,2025-09-20T06:31:26.000+07:00,
410503,41240,ตำบลโพธิ์ศรีสำราญ,Tambon Pho Si Samran,4105,16.983,102.839,2019-08-09T03:33:09.000+07:00,2025-09-20T06:31:26.000+07:00,
410504,41240,ตำบลทมนางาม,Tambon Thom Na Ngam,4105,16.888,102.956,2019-08-09T03:33:09.000+07:00,2025-09-20T06:31:26.000+07:00,
410505,41240,ตำบลหนองกุงศรี,Tambon Nong Kung Si,4105,17.048,102.772,2019-08-09T03:33:09.000+07:00,2025-09-20T06:31:26.000+07:00,
410506,41240,ตำบลโคกกลาง,Tambon Khok Klang,4105,16.929,102.911,2019-08-09T03:33:09.000+07:00,2025-09-20T06:31:26.000+07:00,
410601,41130,ตำบลหนองหาน,Tambon Nong Han,4106,17.381,103.095,2019-08-09T03:33:09.000+07:00,2025-09-20T06:31:26.000+07:00,
410602,41130,ตำบลหนองเม็ก,Tambon Nong Mek,4106,17.355,103.169,2019-08-09T03:33:09.000+07:00,2025-09-20T06:31:26.000+07:00,
410605,41130,ตำบลพังงู,Tambon Phang Ngu,4106,17.257,103.117,2019-08-09T03:33:09.000+07:00,2025-09-20T06:31:26.000+07:00,
410606,41130,ตำบลสะแบง,Tambon Sabaeng,4106,17.453,103.116,2019-08-09T03:33:09.000+07:00,2025-09-20T06:31:26.000+07:00,
410607,41130,ตำบลสร้อยพร้าว,Tambon Soi Phrao,4106,17.43,103.056,2019-08-09T03:33:09.000+07:00,2025-09-20T06:31:26.000+07:00,
410609,41320,ตำบลบ้านเชียง,Tambon Ban Chiang,4106,17.398,103.228,2019-08-09T03:33:09.000+07:00,2025-09-20T06:31:26.000+07:00,
410610,41320,ตำบลบ้านยา,Tambon Ban Ya,4106,17.395,103.273,2019-08-09T03:33:09.000+07:00,2025-09-20T06:31:26.000+07:00,
410611,41130,ตำบลโพนงาม,Tambon Phon Ngam,4106,17.36,102.968,2019-08-09T03:33:09.000+07:00,2025-09-20T06:31:26.000+07:00,
410612,41130,ตำบลผักตบ,Tambon Phak Top,4106,17.339,103.021,2019-08-09T03:33:09.000+07:00,2025-09-20T06:31:26.000+07:00,
410614,41130,ตำบลหนองไผ่,Tambon Nong Phai,4106,17.327,103.111,2019-08-09T03:33:09.000+07:00,2025-09-20T06:31:26.000+07:00,
410617,41130,ตำบลดอนหายโศก,Tambon Don Hai Sok,4106,17.422,102.993,2019-08-09T03:33:09.000+07:00,2025-09-20T06:31:26.000+07:00,
410618,41320,ตำบลหนองสระปลา,Tambon Nong Sa Pla,4106,17.348,103.254,2019-08-09T03:33:09.000+07:00,2025-09-20T06:31:26.000+07:00,
410701,41310,ตำบลทุ่งฝน,Tambon Thung Fon,4107,17.478,103.263,2019-08-09T03:33:09.000+07:00,2025-09-20T06:31:26.000+07:00,
410702,41310,ตำบลทุ่งใหญ่,Tambon Thung Yai,4107,17.475,103.174,2019-08-09T03:33:09.000+07:00,2025-09-20T06:31:26.000+07:00,
410703,41310,ตำบลนาชุมแสง,Tambon Na Chum Saeng,4107,17.561,103.193,2019-08-09T03:33:09.000+07:00,2025-09-20T06:31:26.000+07:00,
410704,41310,ตำบลนาทม,Tambon Na Thom,4107,17.542,103.159,2019-08-09T03:33:09.000+07:00,2025-09-20T06:31:26.000+07:00,
410801,41290,ตำบลไชยวาน,Tambon Chai Wan,4108,17.303,103.205,2019-08-09T03:33:09.000+07:00,2025-09-20T06:31:26.000+07:00,
410802,41290,ตำบลหนองหลัก,Tambon Nong Lak,4108,17.237,103.204,2019-08-09T03:33:09.000+07:00,2025-09-20T06:31:26.000+07:00,
410803,41290,ตำบลคำเลาะ,Tambon Kham Lo,4108,17.212,103.345,2019-08-09T03:33:09.000+07:00,2025-09-20T06:31:26.000+07:00,
410804,41290,ตำบลโพนสูง,Tambon Phon Sung,4108,17.173,103.24,2019-08-09T03:33:09.000+07:00,2025-09-20T06:31:26.000+07:00,
410901,41230,ตำบลศรีธาตุ,Tambon Si That,4109,16.987,103.211,2019-08-09T03:33:09.000+07:00,2025-09-20T06:31:26.000+07:00,
410902,41230,ตำบลจำปี,Tambon Champi,4109,16.998,103.171,2019-08-09T03:33:09.000+07:00,2025-09-20T06:31:26.000+07:00,
410903,41230,ตำบลบ้านโปร่ง,Tambon Ban Prong,4109,16.991,103.089,2019-08-09T03:33:09.000+07:00,2025-09-20T06:31:26.000+07:00,
410904,41230,ตำบลหัวนาคำ,Tambon Hua Na Kham,4109,17.083,103.284,2019-08-09T03:33:09.000+07:00,2025-09-20T06:31:26.000+07:00,
410905,41230,ตำบลหนองนกเขียน,Tambon Nong Nok Khian,4109,17.012,103.291,2019-08-09T03:33:09.000+07:00,2025-09-20T06:31:26.000+07:00,
410906,41230,ตำบลนายูง,Tambon Na Yung,4109,16.952,103.308,2019-08-09T03:33:09.000+07:00,2025-09-20T06:31:26.000+07:00,
410907,41230,ตำบลตาดทอง,Tambon Tat Thong,4109,17.067,103.155,2019-08-09T03:33:09.000+07:00,2025-09-20T06:31:26.000+07:00,
411001,41280,ตำบลหนองกุงทับม้า,Tambon Nong Kung Thap Ma,4110,17.019,103.472,2019-08-09T03:33:09.000+07:00,2025-09-20T06:31:26.000+07:00,
411002,41280,ตำบลหนองหญ้าไซ,Tambon Nong Ya Sai,4110,16.952,103.368,2019-08-09T03:33:09.000+07:00,2025-09-20T06:31:26.000+07:00,
411003,41280,ตำบลบะยาว,Tambon Ba Yao,4110,17.084,103.405,2019-08-09T03:33:09.000+07:00,2025-09-20T06:31:26.000+07:00,
411004,41280,ตำบลผาสุก,Tambon Phasuk,4110,17.134,103.537,2019-08-09T03:33:09.000+07:00,2025-09-20T06:31:26.000+07:00,
411005,41280,ตำบลคำโคกสูง,Tambon Kham Khok Sung,4110,16.882,103.426,2019-08-09T03:33:09.000+07:00,2025-09-20T06:31:26.000+07:00,
411006,41280,ตำบลวังสามหมอ,Tambon Wang Sam Mo,4110,16.941,103.456,2019-08-09T03:33:09.000+07:00,2025-09-20T06:31:26.000+07:00,
411101,41190,ตำบลศรีสุทโธ,Tambon Si Suttho,4111,17.684,103.259,2019-08-09T03:33:09.000+07:00,2025-09-20T06:31:26.000+07:00,
411102,41190,ตำบลบ้านดุง,Tambon Ban Dung,4111,17.741,103.25,2019-08-09T03:33:09.000+07:00,2025-09-20T06:31:26.000+07:00,
411103,41190,ตำบลดงเย็น,Tambon Dong Yen,4111,17.637,103.379,2019-08-09T03:33:09.000+07:00,2025-09-20T06:31:26.000+07:00,
411104,41190,ตำบลโพนสูง,Tambon Phon Sung,4111,17.672,103.296,2019-08-09T03:33:09.000+07:00,2025-09-20T06:31:26.000+07:00,
411105,41190,ตำบลอ้อมกอ,Tambon Om Ko,4111,17.594,103.305,2019-08-09T03:33:09.000+07:00,2025-09-20T06:31:26.000+07:00,
411106,41190,ตำบลบ้านจันทน์,Tambon Ban Chan,4111,17.796,103.296,2019-08-09T03:33:09.000+07:00,2025-09-20T06:31:26.000+07:00,
411107,41190,ตำบลบ้านชัย,Tambon Ban Chai,4111,17.623,103.19,2019-08-09T03:33:09.000+07:00,2025-09-20T06:31:26.000+07:00,
411108,41190,ตำบลนาไหม,Tambon Na Mai,4111,17.768,103.17,2019-08-09T03:33:09.000+07:00,2025-09-20T06:31:26.000+07:00,
411109,41190,ตำบลถ่อนนาลับ,Tambon Thon Na Lap,4111,17.844,103.199,2019-08-09T03:33:09.000+07:00,2025-09-20T06:31:26.000+07:00,
411110,41190,ตำบลวังทอง,Tambon Wang Thong,4111,17.759,103.32,2019-08-09T03:33:09.000+07:00,2025-09-20T06:31:26.000+07:00,
411111,41190,ตำบลบ้านม่วง,Tambon Ban Muang,4111,17.713,103.362,2019-08-09T03:33:09.000+07:00,2025-09-20T06:31:26.000+07:00,
411112,41190,ตำบลบ้านตาด,Tambon Ban Tat,4111,17.573,103.248,2019-08-09T03:33:09.000+07:00,2025-09-20T06:31:26.000+07:00,
411113,41190,ตำบลนาคำ,Tambon Na Kham,4111,17.691,103.17,2019-08-09T03:33:09.000+07:00,2025-09-20T06:31:26.000+07:00,
411701,41160,ตำบลบ้านผือ,Tambon Ban Phue,4117,17.697,102.448,2019-08-09T03:33:09.000+07:00,2025-09-20T06:31:26.000+07:00,
411702,41160,ตำบลหายโศก,Tambon Hai Sok,4117,17.692,102.531,2019-08-09T03:33:09.000+07:00,2025-09-20T06:31:26.000+07:00,
411703,41160,ตำบลเขือน้ำ,Tambon Khuea Nam,4117,17.565,102.646,2019-08-09T03:33:09.000+07:00,2025-09-20T06:31:26.000+07:00,
411704,41160,ตำบลคำบง,Tambon Kham Bong,4117,17.54,102.556,2019-08-09T03:33:09.000+07:00,2025-09-20T06:31:26.000+07:00,
411705,41160,ตำบลโนนทอง,Tambon Non Thong,4117,17.56,102.424,2019-08-09T03:33:09.000+07:00,2025-09-20T06:31:26.000+07:00,
411706,41160,ตำบลข้าวสาร,Tambon Khao San,4117,17.634,102.439,2019-08-09T03:33:09.000+07:00,2025-09-20T06:31:26.000+07:00,
411707,41160,ตำบลจำปาโมง,Tambon Champa Mong,4117,17.613,102.376,2019-08-09T03:33:09.000+07:00,2025-09-20T06:31:26.000+07:00,
411708,41160,ตำบลกลางใหญ่,Tambon Klang Yai,4117,17.785,102.375,2019-08-09T03:33:09.000+07:00,2025-09-20T06:31:26.000+07:00,
411709,41160,ตำบลเมืองพาน,Tambon Mueang Phan,4117,17.684,102.365,2019-08-09T03:33:09.000+07:00,2025-09-20T06:31:26.000+07:00,
411710,41160,ตำบลคำด้วง,Tambon Kham Duang,4117,17.872,102.346,2019-08-09T03:33:09.000+07:00,2025-09-20T06:31:26.000+07:00,
411711,41160,ตำบลหนองหัวคู,Tambon Nong Hua Khu,4117,17.574,102.56,2019-08-09T03:33:09.000+07:00,2025-09-20T06:31:26.000+07:00,
411712,41160,ตำบลบ้านค้อ,Tambon Ban Kho,4117,17.75,102.446,2019-08-09T03:33:09.000+07:00,2025-09-20T06:31:26.000+07:00,
411713,41160,ตำบลหนองแวง,Tambon Nong Waeng,4117,17.509,102.391,2019-08-09T03:33:09.000+07:00,2025-09-20T06:31:26.000+07:00,
411801,41210,ตำบลนางัว,Tambon Na Ngua,4118,17.741,102.215,2019-08-09T03:33:09.000+07:00,2025-09-20T06:31:26.000+07:00,
411802,41210,ตำบลน้ำโสม,Tambon Nam Som,4118,17.715,102.092,2019-08-09T03:33:09.000+07:00,2025-09-20T06:31:26.000+07:00,
411805,41210,ตำบลหนองแวง,Tambon Nong Waeng,4118,17.81,102.3,2019-08-09T03:33:09.000+07:00,2025-09-20T06:31:26.000+07:00,
411806,41210,ตำบลบ้านหยวก,Tambon Ban Yuak,4118,17.697,102.187,2019-08-09T03:33:09.000+07:00,2025-09-20T06:31:26.000+07:00,
411807,41210,ตำบลโสมเยี่ยม,Tambon Som Yiam,4118,17.823,102.207,2019-08-09T03:33:09.000+07:00,2025-09-20T06:31:26.000+07:00,
411810,41210,ตำบลศรีสำราญ,Tambon Si Samran,4118,17.732,102.162,2019-08-09T03:33:09.000+07:00,2025-09-20T06:31:26.000+07:00,
411812,41210,ตำบลสามัคคี,Tambon Samakkhi,4118,17.73,102.288,2019-08-09T03:33:09.000+07:00,2025-09-20T06:31:26.000+07:00,
411901,41150,ตำบลเพ็ญ,Tambon Phen,4119,17.673,102.936,2019-08-09T03:33:09.000+07:00,2025-09-20T06:31:26.000+07:00,
411902,41150,ตำบลบ้านธาตุ,Tambon Ban That,4119,17.695,102.85,2019-08-09T03:33:09.000+07:00,2025-09-20T06:31:26.000+07:00,
411903,41150,ตำบลนาพู่,Tambon Na Phu,4119,17.6,102.764,2019-08-09T03:33:09.000+07:00,2025-09-20T06:31:26.000+07:00,
411904,41150,ตำบลเชียงหวาง,Tambon Chiang Wang,4119,17.617,102.849,2019-08-09T03:33:09.000+07:00,2025-09-20T06:31:26.000+07:00,
411905,41150,ตำบลสุมเส้า,Tambon Sum Sao,4119,17.603,102.984,2019-08-09T03:33:09.000+07:00,2025-09-20T06:31:26.000+07:00,
411906,41150,ตำบลนาบัว,Tambon Na Bua,4119,17.551,102.976,2019-08-09T03:33:09.000+07:00,2025-09-20T06:31:26.000+07:00,
411907,41150,ตำบลบ้านเหล่า,Tambon Ban Lao,4119,17.685,103.04,2019-08-09T03:33:09.000+07:00,2025-09-20T06:31:26.000+07:00,
411908,41150,ตำบลจอมศรี,Tambon Chom Si,4119,17.845,102.899,2019-08-09T03:33:09.000+07:00,2025-09-20T06:31:26.000+07:00,
411909,41150,ตำบลเตาไห,Tambon Tao Hai,4119,17.634,103.066,2019-08-09T03:33:09.000+07:00,2025-09-20T06:31:26.000+07:00,
411910,41150,ตำบลโคกกลาง,Tambon Khok Klang,4119,17.729,102.979,2019-08-09T03:33:09.000+07:00,2025-09-20T06:31:26.000+07:00,
411911,41150,ตำบลสร้างแป้น,Tambon Sang Paen,4119,17.513,102.944,2019-08-09T03:33:09.000+07:00,2025-09-20T06:31:26.000+07:00,
412001,41260,ตำบลสร้างคอม,Tambon Sang Khom,4120,17.814,103.09,2019-08-09T03:33:09.000+07:00,2025-09-20T06:31:26.000+07:00,
412002,41260,ตำบลเชียงดา,Tambon Chiang Da,4120,17.859,103.027,2019-08-09T03:33:09.000+07:00,2025-09-20T06:31:26.000+07:00,
412003,41260,ตำบลบ้านยวด,Tambon Ban Yuat,4120,17.734,103.04,2019-08-09T03:33:09.000+07:00,2025-09-20T06:31:26.000+07:00,
412004,41260,ตำบลบ้านโคก,Tambon Ban Khok,4120,17.786,103.016,2019-08-09T03:33:09.000+07:00,2025-09-20T06:31:26.000+07:00,
412005,41260,ตำบลนาสะอาด,Tambon Na Sa-at,4120,17.843,103.058,2019-08-09T03:33:09.000+07:00,2025-09-20T06:31:26.000+07:00,
412006,41260,ตำบลบ้านหินโงม,Tambon Ban Hin Ngom,4120,17.738,103.099,2019-08-09T03:33:09.000+07:00,2025-09-20T06:31:26.000+07:00,
412101,41340,ตำบลหนองแสง,Tambon Nong Saeng,4121,17.172,102.842,2019-08-09T03:33:09.000+07:00,2025-09-20T06:31:26.000+07:00,
412102,41340,ตำบลแสงสว่าง,Tambon Saeng Sawang,4121,17.121,102.804,2019-08-09T03:33:09.000+07:00,2025-09-20T06:31:26.000+07:00,
412103,41340,ตำบลนาดี,Tambon Na Di,4121,17.081,102.844,2019-08-09T03:33:09.000+07:00,2025-09-20T06:31:26.000+07:00,
412104,41340,ตำบลทับกุง,Tambon Thap Kung,4121,17.182,102.737,2019-08-09T03:33:09.000+07:00,2025-09-20T06:31:26.000+07:00,
412201,41380,ตำบลนายูง,Tambon Na Yung,4122,17.916,102.213,2019-08-09T03:33:09.000+07:00,2025-09-20T06:31:26.000+07:00,
412202,41380,ตำบลบ้านก้อง,Tambon Ban Kong,4122,17.821,102.079,2019-08-09T03:33:09.000+07:00,2025-09-20T06:31:26.000+07:00,
412203,41380,ตำบลนาแค,Tambon Na Khae,4122,17.963,102.085,2019-08-09T03:33:09.000+07:00,2025-09-20T06:31:26.000+07:00,
412204,41380,ตำบลโนนทอง,Tambon Non Thong,4122,17.989,102.198,2019-08-09T03:33:09.000+07:00,2025-09-20T06:31:26.000+07:00,
412301,41130,ตำบลบ้านแดง,Tambon Ban Daeng,4123,17.539,103.072,2019-08-09T03:33:09.000+07:00,2025-09-20T06:31:26.000+07:00,
412302,41130,ตำบลนาทราย,Tambon Na Sai,4123,17.563,103.123,2019-08-09T03:33:09.000+07:00,2025-09-20T06:31:26.000+07:00,
412303,41130,ตำบลดอนกลอย,Tambon Don Kloi,4123,17.48,103.023,2019-08-09T03:33:09.000+07:00,2025-09-20T06:31:26.000+07:00,
412401,41130,ตำบลบ้านจีต,Tambon Ban Chit,4124,17.135,103.197,2019-08-09T03:33:09.000+07:00,2025-09-20T06:31:26.000+07:00,
412402,41130,ตำบลโนนทองอินทร์,Tambon Non Thong In,4124,17.197,103.177,2019-08-09T03:33:09.000+07:00,2025-09-20T06:31:26.000+07:00,
412403,41130,ตำบลค้อใหญ่,Tambon Kho Yai,4124,17.205,103.141,2019-08-09T03:33:09.000+07:00,2025-09-20T06:31:26.000+07:00,
412404,41130,ตำบลคอนสาย,Tambon Khon Sai,4124,17.158,103.134,2019-08-09T03:33:09.000+07:00,2025-09-20T06:31:26.000+07:00,
412501,41110,ตำบลนาม่วง,Tambon Na Muang,4125,17.256,102.976,2019-08-09T03:33:09.000+07:00,2025-09-20T06:31:26.000+07:00,
412502,41110,ตำบลห้วยสามพาด,Tambon Huai Sam Phat,4125,17.237,102.934,2019-08-09T03:33:09.000+07:00,2025-09-20T06:31:26.000+07:00,
412503,41110,ตำบลอุ่มจาน,Tambon Um Chan,4125,17.234,103.062,2019-08-09T03:33:09.000+07:00,2025-09-20T06:31:26.000+07:00,
420101,42000,ตำบลกุดป่อง,Tambon Kut Pong,4201,17.493,101.732,2019-08-09T03:33:09.000+07:00,2025-09-20T06:31:26.000+07:00,
420102,42000,ตำบลเมือง,Tambon Mueang,4201,17.523,101.705,2019-08-09T03:33:09.000+07:00,2025-09-20T06:31:26.000+07:00,
420103,42100,ตำบลนาอ้อ,Tambon Na O,4201,17.582,101.732,2019-08-09T03:33:09.000+07:00,2025-09-20T06:31:26.000+07:00,
420104,42000,ตำบลกกดู่,Tambon Kok Du,4201,17.604,101.635,2019-08-09T03:33:09.000+07:00,2025-09-20T06:31:26.000+07:00,
420105,42000,ตำบลน้ำหมาน,Tambon Nam Man,4201,17.525,101.646,2019-08-09T03:33:09.000+07:00,2025-09-20T06:31:26.000+07:00,
420106,42000,ตำบลเสี้ยว,Tambon Siao,4201,17.458,101.636,2019-08-09T03:33:09.000+07:00,2025-09-20T06:31:26.000+07:00,
420107,42000,ตำบลนาอาน,Tambon Na An,4201,17.46,101.741,2019-08-09T03:33:09.000+07:00,2025-09-20T06:31:26.000+07:00,
420108,42000,ตำบลนาโป่ง,Tambon Na Pong,4201,17.408,101.688,2019-08-09T03:33:09.000+07:00,2025-09-20T06:31:26.000+07:00,
420109,42000,ตำบลนาดินดำ,Tambon Na Din Dam,4201,17.455,101.842,2019-08-09T03:33:09.000+07:00,2025-09-20T06:31:26.000+07:00,
420110,42000,ตำบลน้ำสวย,Tambon Nam Suai,4201,17.613,101.852,2019-08-09T03:33:09.000+07:00,2025-09-20T06:31:26.000+07:00,
420111,42000,ตำบลชัยพฤกษ์,Tambon Chaiyaphruek,4201,17.523,101.777,2019-08-09T03:33:09.000+07:00,2025-09-20T06:31:26.000+07:00,
420112,42000,ตำบลนาแขม,Tambon Na Khaem,4201,17.687,101.66,2019-08-09T03:33:09.000+07:00,2025-09-20T06:31:26.000+07:00,
420113,42100,ตำบลศรีสองรัก,Tambon Si Song Rak,4201,17.642,101.769,2019-08-09T03:33:09.000+07:00,2025-09-20T06:31:26.000+07:00,
420114,42000,ตำบลกกทอง,Tambon Kok Thong,4201,17.519,101.562,2019-08-09T03:33:09.000+07:00,2025-09-20T06:31:26.000+07:00,
420201,42210,ตำบลนาด้วง,Tambon Na Duang,4202,17.5,102.043,2019-08-09T03:33:09.000+07:00,2025-09-20T06:31:26.000+07:00,
420202,42210,ตำบลนาดอกคำ,Tambon Na Dok Kham,4202,17.591,101.99,2019-08-09T03:33:09.000+07:00,2025-09-20T06:31:26.000+07:00,
420203,42210,ตำบลท่าสะอาด,Tambon Tha Sa-at,4202,17.497,101.917,2019-08-09T03:33:09.000+07:00,2025-09-20T06:31:26.000+07:00,
420204,42210,ตำบลท่าสวรรค์,Tambon Tha Sawan,4202,17.432,101.94,2019-08-09T03:33:09.000+07:00,2025-09-20T06:31:26.000+07:00,
420301,42110,ตำบลเชียงคาน,Tambon Chiang Khan,4203,17.881,101.665,2019-08-09T03:33:09.000+07:00,2025-09-20T06:31:26.000+07:00,
420302,42110,ตำบลธาตุ,Tambon That,4203,17.738,101.847,2019-08-09T03:33:09.000+07:00,2025-09-20T06:31:26.000+07:00,
420303,42110,ตำบลนาซ่าว,Tambon Na Sao,4203,17.814,101.663,2019-08-09T03:33:09.000+07:00,2025-09-20T06:31:26.000+07:00,
420304,42110,ตำบลเขาแก้ว,Tambon Khao Kaeo,4203,17.82,101.781,2019-08-09T03:33:09.000+07:00,2025-09-20T06:31:26.000+07:00,
420305,42110,ตำบลปากตม,Tambon Pak Tom,4203,17.768,101.554,2019-08-09T03:33:09.000+07:00,2025-09-20T06:31:26.000+07:00,
420306,42110,ตำบลบุฮม,Tambon Bu Hom,4203,17.958,101.78,2019-08-09T03:33:09.000+07:00,2025-09-20T06:31:26.000+07:00,
420307,42110,ตำบลจอมศรี,Tambon Chom Si,4203,17.763,101.735,2019-08-09T03:33:09.000+07:00,2025-09-20T06:31:26.000+07:00,
420308,42110,ตำบลหาดทรายขาว,Tambon Hat Sai Khao,4203,17.743,101.658,2019-08-09T03:33:09.000+07:00,2025-09-20T06:31:26.000+07:00,
420401,42150,ตำบลปากชม,Tambon Pak Chom,4204,17.96,101.902,2019-08-09T03:33:09.000+07:00,2025-09-20T06:31:26.000+07:00,
420402,42150,ตำบลเชียงกลม,Tambon Chiang Klom,4204,17.851,101.962,2019-08-09T03:33:09.000+07:00,2025-09-20T06:31:26.000+07:00,
420403,42150,ตำบลหาดคัมภีร์,Tambon Hat Khamphi,4204,18.111,102.01,2019-08-09T03:33:09.000+07:00,2025-09-20T06:31:26.000+07:00,
420404,42150,ตำบลห้วยบ่อซืน,Tambon Huai Bo Suen,4204,17.73,101.986,2019-08-09T03:33:09.000+07:00,2025-09-20T06:31:26.000+07:00,
420405,42150,ตำบลห้วยพิชัย,Tambon Huai Phichai,4204,18.017,101.971,2019-08-09T03:33:09.000+07:00,2025-09-20T06:31:26.000+07:00,
420406,42150,ตำบลชมเจริญ,Tambon Chom Charoen,4204,17.7,101.922,2019-08-09T03:33:09.000+07:00,2025-09-20T06:31:26.000+07:00,
420501,42120,ตำบลด่านซ้าย,Tambon Dan Sai,4205,17.267,101.155,2019-08-09T03:33:09.000+07:00,2025-09-20T06:31:26.000+07:00,
420502,42120,ตำบลปากหมัน,Tambon Pak Man,4205,17.483,101.223,2019-08-09T03:33:09.000+07:00,2025-09-20T06:31:26.000+07:00,
420503,42120,ตำบลนาดี,Tambon Na Di,4205,17.42,101.154,2019-08-09T03:33:09.000+07:00,2025-09-20T06:31:26.000+07:00,
420504,42120,ตำบลโคกงาม,Tambon Khok Ngam,4205,17.385,101.233,2019-08-09T03:33:09.000+07:00,2025-09-20T06:31:26.000+07:00,
420505,42120,ตำบลโพนสูง,Tambon Phon Sung,4205,17.277,101.282,2019-08-09T03:33:09.000+07:00,2025-09-20T06:31:26.000+07:00,
420506,42120,ตำบลอิปุ่ม,Tambon Ipum,4205,17.187,101.254,2019-08-09T03:33:09.000+07:00,2025-09-20T06:31:26.000+07:00,
420507,42120,ตำบลกกสะทอน,Tambon Kok Sathon,4205,17.041,101.09,2019-08-09T03:33:09.000+07:00,2025-09-20T06:31:26.000+07:00,
420508,42120,ตำบลโป่ง,Tambon Pong,4205,17.156,101.198,2019-08-09T03:33:09.000+07:00,2025-09-20T06:31:26.000+07:00,
420509,42120,ตำบลวังยาว,Tambon Wang Yao,4205,17.21,101.328,2019-08-09T03:33:09.000+07:00,2025-09-20T06:31:26.000+07:00,
420510,42120,ตำบลนาหอ,Tambon Na Ho,4205,17.331,101.142,2019-08-09T03:33:09.000+07:00,2025-09-20T06:31:26.000+07:00,
420601,42170,ตำบลนาแห้ว,Tambon Na Haeo,4206,17.484,101.066,2019-08-09T03:33:09.000+07:00,2025-09-20T06:31:26.000+07:00,
420602,42170,ตำบลแสงภา,Tambon Saeng Pha,4206,17.507,100.965,2019-08-09T03:33:09.000+07:00,2025-09-20T06:31:26.000+07:00,
420603,42170,ตำบลนาพึง,Tambon Na Phueng,4206,17.416,101.027,2019-08-09T03:33:09.000+07:00,2025-09-20T06:31:26.000+07:00,
420604,42170,ตำบลนามาลา,Tambon Na Ma La,4206,17.336,101.071,2019-08-09T03:33:09.000+07:00,2025-09-20T06:31:26.000+07:00,
420605,42170,ตำบลเหล่ากอหก,Tambon Lao Ko Hok,4206,17.485,100.864,2019-08-09T03:33:09.000+07:00,2025-09-20T06:31:26.000+07:00,
420701,42160,ตำบลหนองบัว,Tambon Nong Bua,4207,17.454,101.371,2019-08-09T03:33:09.000+07:00,2025-09-20T06:31:26.000+07:00,
420702,42160,ตำบลท่าศาลา,Tambon Tha Sala,4207,17.391,101.463,2019-08-09T03:33:09.000+07:00,2025-09-20T06:31:26.000+07:00,
420703,42160,ตำบลร่องจิก,Tambon Rong Chik,4207,17.346,101.333,2019-08-09T03:33:09.000+07:00,2025-09-20T06:31:26.000+07:00,
420704,42160,ตำบลปลาบ่า,Tambon Pla Ba,4207,17.318,101.439,2019-08-09T03:33:09.000+07:00,2025-09-20T06:31:26.000+07:00,
420705,42160,ตำบลลาดค่าง,Tambon Lat Khang,4207,17.497,101.285,2019-08-09T03:33:09.000+07:00,2025-09-20T06:31:26.000+07:00,
420706,42160,ตำบลสานตม,Tambon San Tom,4207,17.46,101.482,2019-08-09T03:33:09.000+07:00,2025-09-20T06:31:26.000+07:00,
420801,42140,ตำบลท่าลี่,Tambon Tha Li,4208,17.573,101.412,2019-08-09T03:33:09.000+07:00,2025-09-20T06:31:26.000+07:00,
420802,42140,ตำบลหนองผือ,Tambon Nong Phue,4208,17.678,101.448,2019-08-09T03:33:09.000+07:00,2025-09-20T06:31:26.000+07:00,
420803,42140,ตำบลอาฮี,Tambon A Hi,4208,17.636,101.347,2019-08-09T03:33:09.000+07:00,2025-09-20T06:31:26.000+07:00,
420804,42140,ตำบลน้ำแคม,Tambon Nam Khaem,4208,17.676,101.527,2019-08-09T03:33:09.000+07:00,2025-09-20T06:31:26.000+07:00,
420805,42140,ตำบลโคกใหญ่,Tambon Khok Yai,4208,17.556,101.491,2019-08-09T03:33:09.000+07:00,2025-09-20T06:31:26.000+07:00,
420806,42140,ตำบลน้ำทูน,Tambon Nam Thun,4208,17.592,101.288,2019-08-09T03:33:09.000+07:00,2025-09-20T06:31:26.000+07:00,
420901,42130,ตำบลวังสะพุง,Tambon Wang Saphung,4209,17.296,101.746,2019-08-09T03:33:09.000+07:00,2025-09-20T06:31:26.000+07:00,
420902,42130,ตำบลทรายขาว,Tambon Sai Khao,4209,17.213,101.535,2019-08-09T03:33:09.000+07:00,2025-09-20T06:31:26.000+07:00,
420903,42130,ตำบลหนองหญ้าปล้อง,Tambon Nong Ya Plong,4209,17.234,101.926,2019-08-09T03:33:09.000+07:00,2025-09-20T06:31:26.000+07:00,
420904,42130,ตำบลหนองงิ้ว,Tambon Nong Ngio,4209,17.374,101.571,2019-08-09T03:33:09.000+07:00,2025-09-20T06:31:26.000+07:00,
420905,42130,ตำบลปากปวน,Tambon Pak Puan,4209,17.357,101.739,2019-08-09T03:33:09.000+07:00,2025-09-20T06:31:26.000+07:00,
420906,42130,ตำบลผาน้อย,Tambon Pha Noi,4209,17.351,101.831,2019-08-09T03:33:09.000+07:00,2025-09-20T06:31:26.000+07:00,
420910,42130,ตำบลผาบิ้ง,Tambon Pha Bing,4209,17.193,101.773,2019-08-09T03:33:09.000+07:00,2025-09-20T06:31:26.000+07:00,
420911,42130,ตำบลเขาหลวง,Tambon Khao Luang,4209,17.336,101.674,2019-08-09T03:33:09.000+07:00,2025-09-20T06:31:26.000+07:00,
420912,42130,ตำบลโคกขมิ้น,Tambon Khok Khamin,4209,17.171,101.938,2019-08-09T03:33:09.000+07:00,2025-09-20T06:31:26.000+07:00,
420913,42130,ตำบลศรีสงคราม,Tambon Si Songkhram,4209,17.254,101.799,2019-08-09T03:33:09.000+07:00,2025-09-20T06:31:26.000+07:00,
421001,42180,ตำบลศรีฐาน,Tambon Si Than,4210,16.88,101.771,2019-08-09T03:33:09.000+07:00,2025-09-20T06:31:26.000+07:00,
421005,42180,ตำบลผานกเค้า,Tambon Pha Nok Khao,4210,16.896,101.986,2019-08-09T03:33:09.000+07:00,2025-09-20T06:31:26.000+07:00,
421007,42180,ตำบลภูกระดึง,Tambon Phu Kradueng,4210,16.971,101.85,2019-08-09T03:33:09.000+07:00,2025-09-20T06:31:26.000+07:00,
421010,42180,ตำบลห้วยส้ม,Tambon Huai Som,4210,16.937,101.939,2019-08-09T03:33:09.000+07:00,2025-09-20T06:31:26.000+07:00,
421101,42230,ตำบลภูหอ,Tambon Phu Ho,4211,17.135,101.629,2019-08-09T03:33:09.000+07:00,2025-09-20T06:31:26.000+07:00,
421102,42230,ตำบลหนองคัน,Tambon Nong Khan,4211,17.141,101.701,2019-08-09T03:33:09.000+07:00,2025-09-20T06:31:26.000+07:00,
421104,42230,ตำบลห้วยสีเสียด,Tambon Huai Sisiat,4211,17.138,101.74,2019-08-09T03:33:09.000+07:00,2025-09-20T06:31:26.000+07:00,
421105,42230,ตำบลเลยวังไสย์,Tambon Loei Wang Sai,4211,17.086,101.549,2019-08-09T03:33:09.000+07:00,2025-09-20T06:31:26.000+07:00,
421106,42230,ตำบลแก่งศรีภูมิ,Tambon Kaeng Si Phum,4211,17.049,101.678,2019-08-09T03:33:09.000+07:00,2025-09-20T06:31:26.000+07:00,
421201,42240,ตำบลผาขาว,Tambon Pha Khao,4212,17.019,101.96,2019-08-09T03:33:09.000+07:00,2025-09-20T06:31:26.000+07:00,
421202,42240,ตำบลท่าช้างคล้อง,Tambon Tha Chang Khlong,4212,17.019,102.09,2019-08-09T03:33:09.000+07:00,2025-09-20T06:31:26.000+07:00,
421203,42240,ตำบลโนนปอแดง,Tambon Non Po Daeng,4212,16.983,101.985,2019-08-09T03:33:09.000+07:00,2025-09-20T06:31:26.000+07:00,
421204,42240,ตำบลโนนป่าซาง,Tambon Non Pa Sang,4212,17.102,102.052,2019-08-09T03:33:09.000+07:00,2025-09-20T06:31:26.000+07:00,
421205,42240,ตำบลบ้านเพิ่ม,Tambon Ban Phoem,4212,17.1,101.938,2019-08-09T03:33:09.000+07:00,2025-09-20T06:31:26.000+07:00,
421301,42220,ตำบลเอราวัณ,Tambon Erawan,4213,17.373,101.892,2019-08-09T03:33:09.000+07:00,2025-09-20T06:31:26.000+07:00,
421302,42220,ตำบลผาอินทร์แปลง,Tambon Pha In Plaeng,4213,17.303,101.962,2019-08-09T03:33:09.000+07:00,2025-09-20T06:31:26.000+07:00,
421303,42220,ตำบลผาสามยอด,Tambon Pha Sam Yot,4213,17.228,102.066,2019-08-09T03:33:09.000+07:00,2025-09-20T06:31:26.000+07:00,
421304,42220,ตำบลทรัพย์ไพวัลย์,Tambon Sap Phaiwan,4213,17.193,101.994,2019-08-09T03:33:09.000+07:00,2025-09-20T06:31:26.000+07:00,
421401,42190,ตำบลหนองหิน,Tambon Nong Hin,4214,17.112,101.86,2019-08-09T03:33:09.000+07:00,2025-09-20T06:31:26.000+07:00,
421402,42190,ตำบลตาดข่า,Tambon Tat Kha,4214,17.033,101.879,2019-08-09T03:33:09.000+07:00,2025-09-20T06:31:26.000+07:00,
421403,42190,ตำบลปวนพุ,Tambon Puan Phu,4214,17.031,101.741,2019-08-09T03:33:09.000+07:00,2025-09-20T06:31:26.000+07:00,
430101,43000,ตำบลในเมือง,Tambon Nai Mueang,4301,17.89,102.761,2019-08-09T03:33:09.000+07:00,2025-09-20T06:31:26.000+07:00,
430102,43000,ตำบลมีชัย,Tambon Mi Chai,4301,17.868,102.729,2019-08-09T03:33:09.000+07:00,2025-09-20T06:31:26.000+07:00,
430103,43000,ตำบลโพธิ์ชัย,Tambon Pho Chai,4301,17.847,102.773,2019-08-09T03:33:09.000+07:00,2025-09-20T06:31:26.000+07:00,
430104,43000,ตำบลกวนวัน,Tambon Kuan Wan,4301,17.858,102.7,2019-08-09T03:33:09.000+07:00,2025-09-20T06:31:26.000+07:00,
430105,43000,ตำบลเวียงคุก,Tambon Wiang Khuk,4301,17.783,102.673,2019-08-09T03:33:09.000+07:00,2025-09-20T06:31:26.000+07:00,
430106,43000,ตำบลวัดธาตุ,Tambon Wat That,4301,17.851,102.826,2019-08-09T03:33:09.000+07:00,2025-09-20T06:31:26.000+07:00,
430107,43000,ตำบลหาดคำ,Tambon Hat Kham,4301,17.9,102.825,2019-08-09T03:33:09.000+07:00,2025-09-20T06:31:26.000+07:00,
430108,43000,ตำบลหินโงม,Tambon Hin Ngom,4301,17.94,102.849,2019-08-09T03:33:09.000+07:00,2025-09-20T06:31:26.000+07:00,
430109,43000,ตำบลบ้านเดื่อ,Tambon Ban Duea,4301,17.985,102.954,2019-08-09T03:33:09.000+07:00,2025-09-20T06:31:26.000+07:00,
430110,43100,ตำบลค่ายบกหวาน,Tambon Khai Bok Wan,4301,17.781,102.783,2019-08-09T03:33:09.000+07:00,2025-09-20T06:31:26.000+07:00,
430111,43100,ตำบลสองห้อง,Tambon Song Hong,4301,17.715,102.811,2019-08-09T03:33:09.000+07:00,2025-09-20T06:31:26.000+07:00,
430113,43100,ตำบลพระธาตุบังพวน,Tambon Phra That Bang Phuan,4301,17.736,102.693,2019-08-09T03:33:09.000+07:00,2025-09-20T06:31:26.000+07:00,
430116,43000,ตำบลหนองกอมเกาะ,Tambon Nong Kom Ko,4301,17.83,102.742,2019-08-09T03:33:09.000+07:00,2025-09-20T06:31:26.000+07:00,
430117,43000,ตำบลปะโค,Tambon Pa Kho,4301,17.801,102.716,2019-08-09T03:33:09.000+07:00,2025-09-20T06:31:26.000+07:00,
430118,43000,ตำบลเมืองหมี,Tambon Mueang Mi,4301,17.833,102.702,2019-08-09T03:33:09.000+07:00,2025-09-20T06:31:26.000+07:00,
430119,43000,ตำบลสีกาย,Tambon Si Kai,4301,17.958,102.884,2019-08-09T03:33:09.000+07:00,2025-09-20T06:31:26.000+07:00,
430201,43110,ตำบลท่าบ่อ,Tambon Tha Bo,4302,17.827,102.568,2019-08-09T03:33:09.000+07:00,2025-09-20T06:31:26.000+07:00,
430202,43110,ตำบลน้ำโมง,Tambon Nam Mong,4302,17.84,102.524,2019-08-09T03:33:09.000+07:00,2025-09-20T06:31:26.000+07:00,
430203,43110,ตำบลกองนาง,Tambon Kong Nang,4302,17.889,102.592,2019-08-09T03:33:09.000+07:00,2025-09-20T06:31:26.000+07:00,
430204,43110,ตำบลโคกคอน,Tambon Khok Khon,4302,17.781,102.496,2019-08-09T03:33:09.000+07:00,2025-09-20T06:31:26.000+07:00,
430205,43110,ตำบลบ้านเดื่อ,Tambon Ban Duea,4302,17.775,102.579,2019-08-09T03:33:09.000+07:00,2025-09-20T06:31:26.000+07:00,
430206,43110,ตำบลบ้านถ่อน,Tambon Ban Thon,4302,17.776,102.632,2019-08-09T03:33:09.000+07:00,2025-09-20T06:31:26.000+07:00,
430207,43110,ตำบลบ้านว่าน,Tambon Ban Wan,4302,17.743,102.558,2019-08-09T03:33:09.000+07:00,2025-09-20T06:31:26.000+07:00,
430208,43110,ตำบลนาข่า,Tambon Na Kha,4302,17.784,102.458,2019-08-09T03:33:09.000+07:00,2025-09-20T06:31:26.000+07:00,
430209,43110,ตำบลโพนสา,Tambon Phon Sa,4302,17.819,102.61,2019-08-09T03:33:09.000+07:00,2025-09-20T06:31:26.000+07:00,
430210,43110,ตำบลหนองนาง,Tambon Nong Nang,4302,17.713,102.621,2019-08-09T03:33:09.000+07:00,2025-09-20T06:31:26.000+07:00,
430501,43120,ตำบลจุมพล,Tambon Chumphon,4305,18.027,103.146,2019-08-09T03:33:09.000+07:00,2025-09-20T06:31:26.000+07:00,
430502,43120,ตำบลวัดหลวง,Tambon Wat Luang,4305,17.949,103.013,2019-08-09T03:33:09.000+07:00,2025-09-20T06:31:26.000+07:00,
430503,43120,ตำบลกุดบง,Tambon Kut Bong,4305,18.105,103.118,2019-08-09T03:33:09.000+07:00,2025-09-20T06:31:26.000+07:00,
430504,43120,ตำบลชุมช้าง,Tambon Chum Chang,4305,17.974,103.132,2019-08-09T03:33:09.000+07:00,2025-09-20T06:31:26.000+07:00,
430506,43120,ตำบลทุ่งหลวง,Tambon Thung Luang,4305,17.896,102.976,2019-08-09T03:33:09.000+07:00,2025-09-20T06:31:26.000+07:00,
430507,43120,ตำบลเหล่าต่างคำ,Tambon Lao Tang Kham,4305,17.917,102.911,2019-08-09T03:33:09.000+07:00,2025-09-20T06:31:26.000+07:00,
430508,43120,ตำบลนาหนัง,Tambon Na Nang,4305,17.888,103.136,2019-08-09T03:33:09.000+07:00,2025-09-20T06:31:26.000+07:00,
430509,43120,ตำบลเซิม,Tambon Soem,4305,17.926,103.277,2019-08-09T03:33:09.000+07:00,2025-09-20T06:31:26.000+07:00,
430513,43120,ตำบลบ้านโพธิ์,Tambon Ban Pho,4305,17.86,103.291,2019-08-09T03:33:09.000+07:00,2025-09-20T06:31:26.000+07:00,
430521,43120,ตำบลบ้านผือ,Tambon Ban Phue,4305,17.93,103.213,2019-08-09T03:33:09.000+07:00,2025-09-20T06:31:26.000+07:00,
430522,43120,ตำบลสร้างนางขาว,Tambon Sang Nang Khao,4305,17.899,103.01,2019-08-09T03:33:09.000+07:00,2025-09-20T06:31:26.000+07:00,
430701,43130,ตำบลพานพร้าว,Tambon Phan Phrao,4307,17.942,102.594,2019-08-09T03:33:09.000+07:00,2025-09-20T06:31:26.000+07:00,
430703,43130,ตำบลบ้านหม้อ,Tambon Ban Mo,4307,17.957,102.502,2019-08-09T03:33:09.000+07:00,2025-09-20T06:31:26.000+07:00,
430704,43130,ตำบลพระพุทธบาท,Tambon Phra Phutthabat,4307,17.965,102.424,2019-08-09T03:33:09.000+07:00,2025-09-20T06:31:26.000+07:00,
430705,43130,ตำบลหนองปลาปาก,Tambon Nong Pla Pak,4307,17.913,102.514,2019-08-09T03:33:09.000+07:00,2025-09-20T06:31:26.000+07:00,
430801,43160,ตำบลแก้งไก่,Tambon Kaeng Kai,4308,18.037,102.235,2019-08-09T03:33:09.000+07:00,2025-09-20T06:31:26.000+07:00,
430802,43160,ตำบลผาตั้ง,Tambon Pha Tang,4308,17.996,102.328,2019-08-09T03:33:09.000+07:00,2025-09-20T06:31:26.000+07:00,
430803,43160,ตำบลบ้านม่วง,Tambon Ban Muang,4308,18.181,102.128,2019-08-09T03:33:09.000+07:00,2025-09-20T06:31:26.000+07:00,
430804,43160,ตำบลนางิ้ว,Tambon Na Ngio,4308,18.092,102.125,2019-08-09T03:33:09.000+07:00,2025-09-20T06:31:26.000+07:00,
430805,43160,ตำบลสังคม,Tambon Sangkhom,4308,18.091,102.216,2019-08-09T03:33:09.000+07:00,2025-09-20T06:31:26.000+07:00,
431401,43100,ตำบลสระใคร,Tambon Sakhrai,4314,17.703,102.75,2019-08-09T03:33:09.000+07:00,2025-09-20T06:31:26.000+07:00,
431402,43100,ตำบลคอกช้าง,Tambon Khok Chang,4314,17.638,102.736,2019-08-09T03:33:09.000+07:00,2025-09-20T06:31:26.000+07:00,
431403,43100,ตำบลบ้านฝาง,Tambon Ban Fang,4314,17.651,102.665,2019-08-09T03:33:09.000+07:00,2025-09-20T06:31:26.000+07:00,
431501,43120,ตำบลเฝ้าไร่,Tambon Fao Rai,4315,17.969,103.27,2019-08-09T03:33:09.000+07:00,2025-09-20T06:31:26.000+07:00,
431502,43120,ตำบลนาดี,Tambon Na Di,4315,17.999,103.366,2019-08-09T03:33:09.000+07:00,2025-09-20T06:31:26.000+07:00,
431503,43120,ตำบลหนองหลวง,Tambon Nong Luang,4315,18.021,103.24,2019-08-09T03:33:09.000+07:00,2025-09-20T06:31:26.000+07:00,
431504,43120,ตำบลวังหลวง,Tambon Wang Luang,4315,18.086,103.256,2019-08-09T03:33:09.000+07:00,2025-09-20T06:31:26.000+07:00,
431505,43120,ตำบลอุดมพร,Tambon Udom Phon,4315,17.891,103.357,2019-08-09T03:33:09.000+07:00,2025-09-20T06:31:26.000+07:00,
431601,43120,ตำบลรัตนวาปี,Tambon Rattanawapi,4316,18.223,103.183,2019-08-09T03:33:09.000+07:00,2025-09-20T06:31:26.000+07:00,
431602,43120,ตำบลนาทับไฮ,Tambon Na Thap Hai,4316,18.177,103.306,2019-08-09T03:33:09.000+07:00,2025-09-20T06:31:26.000+07:00,
431603,43120,ตำบลบ้านต้อน,Tambon Ban Ton,4316,18.258,103.236,2019-08-09T03:33:09.000+07:00,2025-09-20T06:31:26.000+07:00,
431604,43120,ตำบลพระบาทนาสิงห์,Tambon Phra Bat Na Sing,4316,18.163,103.209,2019-08-09T03:33:09.000+07:00,2025-09-20T06:31:26.000+07:00,
431605,43120,ตำบลโพนแพง,Tambon Phon Phaeng,4316,18.252,103.202,2019-08-09T03:33:09.000+07:00,2025-09-20T06:31:26.000+07:00,
431701,43130,ตำบลโพธิ์ตาก,Tambon Pho Tak,4317,17.846,102.422,2019-08-09T03:33:09.000+07:00,2025-09-20T06:31:26.000+07:00,
431702,43130,ตำบลโพนทอง,Tambon Phon Thong,4317,17.881,102.454,2019-08-09T03:33:09.000+07:00,2025-09-20T06:31:26.000+07:00,
431703,43130,ตำบลด่านศรีสุข,Tambon Dan Si Suk,4317,17.925,102.398,2019-08-09T03:33:09.000+07:00,2025-09-20T06:31:26.000+07:00,
440101,44000,ตำบลตลาด,Tambon Talat,4401,16.175,103.319,2019-08-09T03:33:09.000+07:00,2025-09-20T06:31:26.000+07:00,
440102,44000,ตำบลเขวา,Tambon Khwao,4401,16.15,103.389,2019-08-09T03:33:09.000+07:00,2025-09-20T06:31:26.000+07:00,
440103,44000,ตำบลท่าตูม,Tambon Tha Tum,4401,16.162,103.484,2019-08-09T03:33:09.000+07:00,2025-09-20T06:31:26.000+07:00,
440104,44000,ตำบลแวงน่าง,Tambon Waeng Nang,4401,16.128,103.313,2019-08-09T03:33:09.000+07:00,2025-09-20T06:31:26.000+07:00,
440105,44000,ตำบลโคกก่อ,Tambon Khok Ko,4401,16.026,103.239,2019-08-09T03:33:09.000+07:00,2025-09-20T06:31:26.000+07:00,
440106,44000,ตำบลดอนหว่าน,Tambon Don Wan,4401,15.997,103.318,2019-08-09T03:33:09.000+07:00,2025-09-20T06:31:26.000+07:00,
440107,44000,ตำบลเกิ้ง,Tambon Koeng,4401,16.21,103.33,2019-08-09T03:33:09.000+07:00,2025-09-20T06:31:26.000+07:00,
440108,44000,ตำบลแก่งเลิงจาน,Tambon Kaeng Loeng Chan,4401,16.139,103.226,2019-08-09T03:33:09.000+07:00,2025-09-20T06:31:26.000+07:00,
440109,44000,ตำบลท่าสองคอน,Tambon Tha Song Khon,4401,16.163,103.15,2019-08-09T03:33:09.000+07:00,2025-09-20T06:31:26.000+07:00,
440110,44000,ตำบลลาดพัฒนา,Tambon Lat Phatthana,4401,16.207,103.397,2019-08-09T03:33:09.000+07:00,2025-09-20T06:31:26.000+07:00,
440111,44000,ตำบลหนองปลิง,Tambon Nong Pling,4401,16.07,103.313,2019-08-09T03:33:09.000+07:00,2025-09-20T06:31:26.000+07:00,
440112,44000,ตำบลห้วยแอ่ง,Tambon Huai Aeng,4401,16.117,103.432,2019-08-09T03:33:09.000+07:00,2025-09-20T06:31:26.000+07:00,
440113,44000,ตำบลหนองโน,Tambon Nong No,4401,16.098,103.252,2019-08-09T03:33:09.000+07:00,2025-09-20T06:31:26.000+07:00,
440114,44000,ตำบลบัวค้อ,Tambon Bua Kho,4401,15.986,103.278,2019-08-09T03:33:09.000+07:00,2025-09-20T06:31:26.000+07:00,
440201,44190,ตำบลแกดำ,Tambon Kae Dam,4402,16.026,103.401,2019-08-09T03:33:09.000+07:00,2025-09-20T06:31:26.000+07:00,
440202,44190,ตำบลวังแสง,Tambon Wang Saeng,4402,16.047,103.358,2019-08-09T03:33:09.000+07:00,2025-09-20T06:31:26.000+07:00,
440203,44190,ตำบลมิตรภาพ,Tambon Mittraphap,4402,16.09,103.387,2019-08-09T03:33:09.000+07:00,2025-09-20T06:31:26.000+07:00,
440204,44190,ตำบลหนองกุง,Tambon Nong Kung,4402,16.072,103.437,2019-08-09T03:33:09.000+07:00,2025-09-20T06:31:26.000+07:00,
440205,44190,ตำบลโนนภิบาล,Tambon Non Phiban,4402,16.022,103.442,2019-08-09T03:33:09.000+07:00,2025-09-20T06:31:26.000+07:00,
440301,44140,ตำบลหัวขวาง,Tambon Hua Khwang,4403,16.249,103.065,2019-08-09T03:33:09.000+07:00,2025-09-20T06:31:26.000+07:00,
440302,44140,ตำบลยางน้อย,Tambon Yang Noi,4403,16.301,103.098,2019-08-09T03:33:09.000+07:00,2025-09-20T06:31:26.000+07:00,
440303,44140,ตำบลวังยาว,Tambon Wang Yao,4403,16.223,102.928,2019-08-09T03:33:09.000+07:00,2025-09-20T06:31:26.000+07:00,
440304,44140,ตำบลเขวาไร่,Tambon Khwao Rai,4403,16.249,102.87,2019-08-09T03:33:09.000+07:00,2025-09-20T06:31:26.000+07:00,
440305,44140,ตำบลแพง,Tambon Phaeng,4403,16.26,102.967,2019-08-09T03:33:09.000+07:00,2025-09-20T06:31:26.000+07:00,
440306,44140,ตำบลแก้งแก,Tambon Kaeng Kae,4403,16.197,103.103,2019-08-09T03:33:09.000+07:00,2025-09-20T06:31:26.000+07:00,
440307,44140,ตำบลหนองเหล็ก,Tambon Nong Lek,4403,16.134,102.948,2019-08-09T03:33:09.000+07:00,2025-09-20T06:31:26.000+07:00,
440308,44140,ตำบลหนองบัว,Tambon Nong Bua,4403,16.338,102.995,2019-08-09T03:33:09.000+07:00,2025-09-20T06:31:26.000+07:00,
440309,44140,ตำบลเหล่า,Tambon Lao,4403,16.18,103.068,2019-08-09T03:33:09.000+07:00,2025-09-20T06:31:26.000+07:00,
440310,44140,ตำบลเขื่อน,Tambon Khuean,4403,16.344,103.068,2019-08-09T03:33:09.000+07:00,2025-09-20T06:31:26.000+07:00,
440311,44140,ตำบลหนองบอน,Tambon Nong Bua,4403,16.274,103.018,2019-08-09T03:33:09.000+07:00,2025-09-20T06:31:26.000+07:00,
440312,44140,ตำบลโพนงาม,Tambon Phon Ngam,4403,16.323,102.959,2019-08-09T03:33:09.000+07:00,2025-09-20T06:31:26.000+07:00,
440313,44140,ตำบลยางท่าแจ้ง,Tambon Yang Tha Chaeng,4403,16.315,103.036,2019-08-09T03:33:09.000+07:00,2025-09-20T06:31:26.000+07:00,
440314,44140,ตำบลแห่ใต้,Tambon Hae Tai,4403,16.281,103.139,2019-08-09T03:33:09.000+07:00,2025-09-20T06:31:26.000+07:00,
440315,44140,ตำบลหนองกุงสวรรค์,Tambon Nong Kung Sawan,4403,16.194,102.975,2019-08-09T03:33:09.000+07:00,2025-09-20T06:31:26.000+07:00,
440316,44140,ตำบลเลิงใต้,Tambon Loeng Tai,4403,16.216,103.142,2019-08-09T03:33:09.000+07:00,2025-09-20T06:31:26.000+07:00,
440317,44140,ตำบลดอนกลาง,Tambon Don Klang,4403,16.165,102.891,2019-08-09T03:33:09.000+07:00,2025-09-20T06:31:26.000+07:00,
440401,44150,ตำบลโคกพระ,Tambon Khok Phra,4404,16.337,103.316,2019-08-09T03:33:09.000+07:00,2025-09-20T06:31:26.000+07:00,
440402,44150,ตำบลคันธารราษฎร์,Tambon Khanthararat,4404,16.299,103.283,2019-08-09T03:33:09.000+07:00,2025-09-20T06:31:26.000+07:00,
440403,44150,ตำบลมะค่า,Tambon Makha,4404,16.254,103.351,2019-08-09T03:33:09.000+07:00,2025-09-20T06:31:26.000+07:00,
440404,44150,ตำบลท่าขอนยาง,Tambon Tha Khon Yang,4404,16.256,103.275,2019-08-09T03:33:09.000+07:00,2025-09-20T06:31:26.000+07:00,
440405,44150,ตำบลนาสีนวน,Tambon Na Si Nuan,4404,16.317,103.202,2019-08-09T03:33:09.000+07:00,2025-09-20T06:31:26.000+07:00,
440406,44150,ตำบลขามเรียง,Tambon Kham Riang,4404,16.247,103.236,2019-08-09T03:33:09.000+07:00,2025-09-20T06:31:26.000+07:00,
440407,44150,ตำบลเขวาใหญ่,Tambon Khwao Yai,4404,16.228,103.184,2019-08-09T03:33:09.000+07:00,2025-09-20T06:31:26.000+07:00,
440408,44150,ตำบลศรีสุข,Tambon Si Suk,4404,16.348,103.263,2019-08-09T03:33:09.000+07:00,2025-09-20T06:31:26.000+07:00,
440409,44150,ตำบลกุดใส้จ่อ,Tambon Kut Sai Cho,4404,16.283,103.38,2019-08-09T03:33:09.000+07:00,2025-09-20T06:31:26.000+07:00,
440410,44150,ตำบลขามเฒ่าพัฒนา,Tambon Kham Thao Phatthana,4404,16.277,103.321,2019-08-09T03:33:09.000+07:00,2025-09-20T06:31:26.000+07:00,
440501,44160,ตำบลเชียงยืน,Tambon Chiang Yuen,4405,16.431,103.093,2019-08-09T03:33:09.000+07:00,2025-09-20T06:31:26.000+07:00,
440503,44160,ตำบลหนองซอน,Tambon Nong Son,4405,16.334,103.156,2019-08-09T03:33:09.000+07:00,2025-09-20T06:31:26.000+07:00,
440505,44160,ตำบลดอนเงิน,Tambon Don Ngoen,4405,16.424,103.151,2019-08-09T03:33:09.000+07:00,2025-09-20T06:31:26.000+07:00,
440506,44160,ตำบลกู่ทอง,Tambon Ku Thong,4405,16.426,103.003,2019-08-09T03:33:09.000+07:00,2025-09-20T06:31:26.000+07:00,
440507,44160,ตำบลนาทอง,Tambon Na Thong,4405,16.389,103.059,2019-08-09T03:33:09.000+07:00,2025-09-20T06:31:26.000+07:00,
440508,44160,ตำบลเสือเฒ่า,Tambon Suea Thao,4405,16.47,103.053,2019-08-09T03:33:09.000+07:00,2025-09-20T06:31:26.000+07:00,
440511,44160,ตำบลโพนทอง,Tambon Phon Thong,4405,16.372,103.144,2019-08-09T03:33:09.000+07:00,2025-09-20T06:31:26.000+07:00,
440512,44160,ตำบลเหล่าบัวบาน,Tambon Lao Bua Ban,4405,16.367,103.012,2019-08-09T03:33:09.000+07:00,2025-09-20T06:31:26.000+07:00,
440601,44130,ตำบลบรบือ,Tambon Borabue,4406,16.061,103.143,2019-08-09T03:33:09.000+07:00,2025-09-20T06:31:26.000+07:00,
440602,44130,ตำบลบ่อใหญ่,Tambon Bo Yai,4406,16.115,103.176,2019-08-09T03:33:09.000+07:00,2025-09-20T06:31:26.000+07:00,
440604,44130,ตำบลวังไชย,Tambon Wang Chai,4406,15.986,103.064,2019-08-09T03:33:09.000+07:00,2025-09-20T06:31:26.000+07:00,
440605,44130,ตำบลหนองม่วง,Tambon Nong Muang,4406,15.961,103.212,2019-08-09T03:33:09.000+07:00,2025-09-20T06:31:26.000+07:00,
440606,44130,ตำบลกำพี้,Tambon Kamphi,4406,15.959,103.144,2019-08-09T03:33:09.000+07:00,2025-09-20T06:31:26.000+07:00,
440607,44130,ตำบลโนนราษี,Tambon Non Rasi,4406,15.888,103.142,2019-08-09T03:33:09.000+07:00,2025-09-20T06:31:26.000+07:00,
440608,44130,ตำบลโนนแดง,Tambon Non Daeng,4406,15.903,103.08,2019-08-09T03:33:09.000+07:00,2025-09-20T06:31:26.000+07:00,
440610,44130,ตำบลหนองจิก,Tambon Nong Chik,4406,16.024,103.17,2019-08-09T03:33:09.000+07:00,2025-09-20T06:31:26.000+07:00,
440611,44130,ตำบลบัวมาศ,Tambon Bua Mat,4406,15.897,103.202,2019-08-09T03:33:09.000+07:00,2025-09-20T06:31:26.000+07:00,
440613,44130,ตำบลหนองคูขาด,Tambon Nong Khu Khat,4406,15.938,102.989,2019-08-09T03:33:09.000+07:00,2025-09-20T06:31:26.000+07:00,
440615,44130,ตำบลวังใหม่,Tambon Wang Mai,4406,16.031,103.039,2019-08-09T03:33:09.000+07:00,2025-09-20T06:31:26.000+07:00,
440616,44130,ตำบลยาง,Tambon Yang,4406,15.919,103.236,2019-08-09T03:33:09.000+07:00,2025-09-20T06:31:26.000+07:00,
440618,44130,ตำบลหนองสิม,Tambon Nong Sim,4406,16.012,103.114,2019-08-09T03:33:09.000+07:00,2025-09-20T06:31:26.000+07:00,
440619,44130,ตำบลหนองโก,Tambon Nong Ko,4406,16.068,103.201,2019-08-09T03:33:09.000+07:00,2025-09-20T06:31:26.000+07:00,
440620,44130,ตำบลดอนงัว,Tambon Don Ngua,4406,15.877,103.159,2019-08-09T03:33:09.000+07:00,2025-09-20T06:31:26.000+07:00,
440701,44170,ตำบลนาเชือก,Tambon Na Chueak,4407,15.773,103.047,2019-08-09T03:33:09.000+07:00,2025-09-20T06:31:26.000+07:00,
440702,44170,ตำบลสำโรง,Tambon Samrong,4407,15.87,103.007,2019-08-09T03:33:09.000+07:00,2025-09-20T06:31:26.000+07:00,
440703,44170,ตำบลหนองแดง,Tambon Nong Daeng,4407,15.889,102.948,2019-08-09T03:33:09.000+07:00,2025-09-20T06:31:26.000+07:00,
440704,44170,ตำบลเขวาไร่,Tambon Khwao Rai,4407,15.841,103.065,2019-08-09T03:33:09.000+07:00,2025-09-20T06:31:26.000+07:00,
440705,44170,ตำบลหนองโพธิ์,Tambon Nong Pho,4407,15.755,103.13,2019-08-09T03:33:09.000+07:00,2025-09-20T06:31:26.000+07:00,
440706,44170,ตำบลปอพาน,Tambon Po Phan,4407,15.816,102.954,2019-08-09T03:33:09.000+07:00,2025-09-20T06:31:26.000+07:00,
440707,44170,ตำบลหนองเม็ก,Tambon Nong Mek,4407,15.786,102.998,2019-08-09T03:33:09.000+07:00,2025-09-20T06:31:26.000+07:00,
440708,44170,ตำบลหนองเรือ,Tambon Nong Ruea,4407,15.828,103.123,2019-08-09T03:33:09.000+07:00,2025-09-20T06:31:26.000+07:00,
440709,44170,ตำบลหนองกุง,Tambon Nong Kung,4407,15.722,103.038,2019-08-09T03:33:09.000+07:00,2025-09-20T06:31:26.000+07:00,
440710,44170,ตำบลสันป่าตอง,Tambon San Pa Ton,4407,15.735,103.076,2019-08-09T03:33:09.000+07:00,2025-09-20T06:31:26.000+07:00,
440801,44110,ตำบลปะหลาน,Tambon Palan,4408,15.503,103.163,2019-08-09T03:33:09.000+07:00,2025-09-20T06:31:26.000+07:00,
440802,44110,ตำบลก้ามปู,Tambon Kam Pu,4408,15.558,103.222,2019-08-09T03:33:09.000+07:00,2025-09-20T06:31:26.000+07:00,
440803,44110,ตำบลเวียงสะอาด,Tambon Wiang Sa-at,4408,15.461,103.262,2019-08-09T03:33:09.000+07:00,2025-09-20T06:31:26.000+07:00,
440804,44110,ตำบลเม็กดำ,Tambon Mek Dam,4408,15.573,103.072,2019-08-09T03:33:09.000+07:00,2025-09-20T06:31:26.000+07:00,
440805,44110,ตำบลนาสีนวล,Tambon Na Si Nuan,4408,15.635,103.223,2019-08-09T03:33:09.000+07:00,2025-09-20T06:31:26.000+07:00,
440809,44110,ตำบลราษฎร์เจริญ,Tambon Rat Charoen,4408,15.456,103.321,2019-08-09T03:33:09.000+07:00,2025-09-20T06:31:26.000+07:00,
440810,44110,ตำบลหนองบัวแก้ว,Tambon Nong Bua Kaeo,4408,15.543,103.309,2019-08-09T03:33:09.000+07:00,2025-09-20T06:31:26.000+07:00,
440812,44110,ตำบลเมืองเตา,Tambon Mueang Tao,4408,15.479,103.378,2019-08-09T03:33:09.000+07:00,2025-09-20T06:31:26.000+07:00,
440815,44110,ตำบลลานสะแก,Tambon Lan Sakae,4408,15.568,103.159,2019-08-09T03:33:09.000+07:00,2025-09-20T06:31:26.000+07:00,
440816,44110,ตำบลเวียงชัย,Tambon Wiang Chai,4408,15.517,103.266,2019-08-09T03:33:09.000+07:00,2025-09-20T06:31:26.000+07:00,
440817,44110,ตำบลหนองบัว,Tambon Nong Bua,4408,15.591,103.106,2019-08-09T03:33:09.000+07:00,2025-09-20T06:31:26.000+07:00,
440818,44110,ตำบลราษฎร์พัฒนา,Tambon Rat Phatthana,4408,15.506,103.31,2019-08-09T03:33:09.000+07:00,2025-09-20T06:31:26.000+07:00,
440819,44110,ตำบลเมืองเสือ,Tambon Mueang Suea,4408,15.484,103.206,2019-08-09T03:33:09.000+07:00,2025-09-20T06:31:26.000+07:00,
440820,44110,ตำบลภารแอ่น,Tambon Phan Aen,4408,15.593,103.258,2019-08-09T03:33:09.000+07:00,2025-09-20T06:31:26.000+07:00,
440901,44120,ตำบลหนองแสง,Tambon Nong Saeng,4409,15.829,103.36,2019-08-09T03:33:09.000+07:00,2025-09-20T06:31:26.000+07:00,
440902,44120,ตำบลขามป้อม,Tambon Kham Pom,4409,15.921,103.377,2019-08-09T03:33:09.000+07:00,2025-09-20T06:31:26.000+07:00,
440903,44120,ตำบลเสือโก้ก,Tambon Suea Kok,4409,15.948,103.442,2019-08-09T03:33:09.000+07:00,2025-09-20T06:31:26.000+07:00,
440904,44120,ตำบลดงใหญ่,Tambon Dong Yai,4409,15.898,103.308,2019-08-09T03:33:09.000+07:00,2025-09-20T06:31:26.000+07:00,
440905,44120,ตำบลโพธิ์ชัย,Tambon Pho Chai,4409,15.729,103.415,2019-08-09T03:33:09.000+07:00,2025-09-20T06:31:26.000+07:00,
440906,44120,ตำบลหัวเรือ,Tambon Hua Ruea,4409,15.762,103.349,2019-08-09T03:33:09.000+07:00,2025-09-20T06:31:26.000+07:00,
440907,44120,ตำบลแคน,Tambon Khaen,4409,15.875,103.244,2019-08-09T03:33:09.000+07:00,2025-09-20T06:31:26.000+07:00,
440908,44120,ตำบลงัวบา,Tambon Ngua Ba,4409,15.955,103.347,2019-08-09T03:33:09.000+07:00,2025-09-20T06:31:26.000+07:00,
440909,44120,ตำบลนาข่า,Tambon Na Kha,4409,15.836,103.193,2019-08-09T03:33:09.000+07:00,2025-09-20T06:31:26.000+07:00,
440910,44120,ตำบลบ้านหวาย,Tambon Ban Wai,4409,15.812,103.294,2019-08-09T03:33:09.000+07:00,2025-09-20T06:31:26.000+07:00,
440911,44120,ตำบลหนองไฮ,Tambon Nong Hai,4409,15.885,103.432,2019-08-09T03:33:09.000+07:00,2025-09-20T06:31:26.000+07:00,
440912,44120,ตำบลประชาพัฒนา,Tambon Pracha Phatthana,4409,15.816,103.419,2019-08-09T03:33:09.000+07:00,2025-09-20T06:31:26.000+07:00,
440913,44120,ตำบลหนองทุ่ม,Tambon Nong Thum,4409,15.875,103.399,2019-08-09T03:33:09.000+07:00,2025-09-20T06:31:26.000+07:00,
440914,44120,ตำบลหนองแสน,Tambon Nong Saen,4409,15.983,103.444,2019-08-09T03:33:09.000+07:00,2025-09-20T06:31:26.000+07:00,
440915,44120,ตำบลโคกสีทองหลาง,Tambon Khok Si Thonglang,4409,15.852,103.312,2019-08-09T03:33:09.000+07:00,2025-09-20T06:31:26.000+07:00,
441001,44180,ตำบลนาดูน,Tambon Na Dun,4410,15.738,103.205,2019-08-09T03:33:09.000+07:00,2025-09-20T06:31:26.000+07:00,
441002,44180,ตำบลหนองไผ่,Tambon Nong Phai,4410,15.726,103.318,2019-08-09T03:33:09.000+07:00,2025-09-20T06:31:26.000+07:00,
441003,44180,ตำบลหนองคู,Tambon Nong Khu,4410,15.782,103.226,2019-08-09T03:33:09.000+07:00,2025-09-20T06:31:26.000+07:00,
441004,44180,ตำบลดงบัง,Tambon Dong Bang,4410,15.663,103.257,2019-08-09T03:33:09.000+07:00,2025-09-20T06:31:26.000+07:00,
441005,44180,ตำบลดงดวน,Tambon Dong Duan,4410,15.731,103.162,2019-08-09T03:33:09.000+07:00,2025-09-20T06:31:26.000+07:00,
441006,44180,ตำบลหัวดง,Tambon Hua Dong,4410,15.691,103.194,2019-08-09T03:33:09.000+07:00,2025-09-20T06:31:26.000+07:00,
441007,44180,ตำบลดงยาง,Tambon Dong Yang,4410,15.757,103.296,2019-08-09T03:33:09.000+07:00,2025-09-20T06:31:26.000+07:00,
441008,44180,ตำบลกู่สันตรัตน์,Tambon Ku Santarat,4410,15.719,103.277,2019-08-09T03:33:09.000+07:00,2025-09-20T06:31:26.000+07:00,
441009,44180,ตำบลพระธาตุ,Tambon Phra That,4410,15.697,103.258,2019-08-09T03:33:09.000+07:00,2025-09-20T06:31:26.000+07:00,
441101,44210,ตำบลยางสีสุราช,Tambon Yang Sisurat,4411,15.677,103.093,2019-08-09T03:33:09.000+07:00,2025-09-20T06:31:26.000+07:00,
441102,44210,ตำบลนาภู,Tambon Na Phu,4411,15.682,103.032,2019-08-09T03:33:09.000+07:00,2025-09-20T06:31:26.000+07:00,
441103,44210,ตำบลแวงดง,Tambon Waeng Dong,4411,15.638,103.035,2019-08-09T03:33:09.000+07:00,2025-09-20T06:31:26.000+07:00,
441104,44210,ตำบลบ้านกู่,Tambon Ban Ku,4411,15.686,103.136,2019-08-09T03:33:09.000+07:00,2025-09-20T06:31:26.000+07:00,
441105,44210,ตำบลดงเมือง,Tambon Dong Mueang,4411,15.649,103.146,2019-08-09T03:33:09.000+07:00,2025-09-20T06:31:26.000+07:00,
441106,44210,ตำบลขามเรียน,Tambon Sang Saeng,4411,15.627,103.113,2019-08-09T03:33:09.000+07:00,2025-09-20T06:31:26.000+07:00,
441107,44210,ตำบลหนองบัวสันตุ,Tambon Nong Bua Santu,4411,15.637,103.177,2019-08-09T03:33:09.000+07:00,2025-09-20T06:31:26.000+07:00,
441201,44130,ตำบลกุดรัง,Tambon Kud Rang,4412,16.072,103.0,2019-08-09T03:33:09.000+07:00,2025-09-20T06:31:26.000+07:00,
441202,44130,ตำบลนาโพธิ์,Tambon Na Pho,4412,16.077,102.907,2019-08-09T03:33:09.000+07:00,2025-09-20T06:31:26.000+07:00,
441203,44130,ตำบลเลิงแฝก,Tambon Loeng Faek,4412,15.968,102.96,2019-08-09T03:33:09.000+07:00,2025-09-20T06:31:26.000+07:00,
441204,44130,ตำบลหนองแวง,Tambon Nong Waeng,4412,16.006,102.935,2019-08-09T03:33:09.000+07:00,2025-09-20T06:31:26.000+07:00,
441205,44130,ตำบลห้วยเตย,Tambon Huai Toei,4412,16.123,103.049,2019-08-09T03:33:09.000+07:00,2025-09-20T06:31:26.000+07:00,
441301,44160,ตำบลชื่นชม,Tambon Chuen Chom,4413,16.551,103.144,2019-08-09T03:33:09.000+07:00,2025-09-20T06:31:26.000+07:00,
441302,44160,ตำบลกุดปลาดุก,Tambon Kut Pla Duk,4413,16.588,103.138,2019-08-09T03:33:09.000+07:00,2025-09-20T06:31:26.000+07:00,
441303,44160,ตำบลเหล่าดอกไม้,Tambon Lao Dok Mai,4413,16.492,103.145,2019-08-09T03:33:09.000+07:00,2025-09-20T06:31:26.000+07:00,
441304,44160,ตำบลหนองกุง,Tambon Nong Kung,4413,16.475,103.124,2019-08-09T03:33:09.000+07:00,2025-09-20T06:31:26.000+07:00,
450101,45000,ตำบลในเมือง,Tambon Nai Mueang,4501,16.051,103.653,2019-08-09T03:33:09.000+07:00,2025-09-20T06:31:26.000+07:00,
450102,45000,ตำบลรอบเมือง,Tambon Rop Mueang,4501,16.006,103.632,2019-08-09T03:33:09.000+07:00,2025-09-20T06:31:26.000+07:00,
450103,45000,ตำบลเหนือเมือง,Tambon Nuea Mueang,4501,16.079,103.652,2019-08-09T03:33:09.000+07:00,2025-09-20T06:31:26.000+07:00,
450104,45000,ตำบลขอนแก่น,Tambon Khon Kaen,4501,16.025,103.591,2019-08-09T03:33:09.000+07:00,2025-09-20T06:31:26.000+07:00,
450105,45000,ตำบลนาโพธิ์,Tambon Na Pho,4501,15.961,103.569,2019-08-09T03:33:09.000+07:00,2025-09-20T06:31:26.000+07:00,
450106,45000,ตำบลสะอาดสมบูรณ์,Tambon Sa-at Sombun,4501,15.932,103.626,2019-08-09T03:33:09.000+07:00,2025-09-20T06:31:26.000+07:00,
450108,45000,ตำบลสีแก้ว,Tambon Si Kaeo,4501,16.126,103.527,2019-08-09T03:33:09.000+07:00,2025-09-20T06:31:26.000+07:00,
450109,45000,ตำบลปอภาร  (ปอพาน),Tambon Po Phan,4501,,,2019-08-09T03:33:09.000+07:00,2025-09-20T06:31:26.000+07:00,
450110,45000,ตำบลโนนรัง,Tambon Non Rang,4501,16.002,103.664,2019-08-09T03:33:09.000+07:00,2025-09-20T06:31:26.000+07:00,
450117,45000,ตำบลหนองแก้ว,Tambon Nong Kaeo,4501,15.939,103.66,2019-08-09T03:33:09.000+07:00,2025-09-20T06:31:26.000+07:00,
450118,45000,ตำบลหนองแวง,Tambon Nong Waeng,4501,16.103,103.603,2019-08-09T03:33:09.000+07:00,2025-09-20T06:31:26.000+07:00,
450120,45000,ตำบลดงลาน,Tambon Dong Lan,4501,16.064,103.578,2019-08-09T03:33:09.000+07:00,2025-09-20T06:31:26.000+07:00,
450123,45000,ตำบลแคนใหญ่,Tambon Khaen Yai,4501,15.897,103.672,2019-08-09T03:33:09.000+07:00,2025-09-20T06:31:26.000+07:00,
450124,45000,ตำบลโนนตาล,Tambon Non Tan,4501,15.969,103.666,2019-08-09T03:33:09.000+07:00,2025-09-20T06:31:26.000+07:00,
450125,45000,ตำบลเมืองทอง,Tambon Mueang Thong,4501,15.932,103.591,2019-08-09T03:33:09.000+07:00,2025-09-20T06:31:26.000+07:00,
450201,45150,ตำบลเกษตรวิสัย,Tambon Kaset Wisai,4502,15.662,103.609,2019-08-09T03:33:09.000+07:00,2025-09-20T06:31:26.000+07:00,
450202,45150,ตำบลเมืองบัว,Tambon Mueang Bua,4502,15.593,103.595,2019-08-09T03:33:09.000+07:00,2025-09-20T06:31:26.000+07:00,
450203,45150,ตำบลเหล่าหลวง,Tambon Lao Luang,4502,15.72,103.552,2019-08-09T03:33:09.000+07:00,2025-09-20T06:31:26.000+07:00,
450204,45150,ตำบลสิงห์โคก,Tambon Sing Khok,4502,15.704,103.668,2019-08-09T03:33:09.000+07:00,2025-09-20T06:31:26.000+07:00,
450205,45150,ตำบลดงครั่งใหญ่,Tambon Dong Khrang Yai,4502,15.487,103.534,2019-08-09T03:33:09.000+07:00,2025-09-20T06:31:26.000+07:00,
450206,45150,ตำบลบ้านฝาง,Tambon Ban Fang,4502,15.703,103.452,2019-08-09T03:33:09.000+07:00,2025-09-20T06:31:26.000+07:00,
450207,45150,ตำบลหนองแวง,Tambon Nong Waeng,4502,15.741,103.631,2019-08-09T03:33:09.000+07:00,2025-09-20T06:31:26.000+07:00,
450208,45150,ตำบลกำแพง,Tambon Kamphaeng,4502,15.56,103.496,2019-08-09T03:33:09.000+07:00,2025-09-20T06:31:26.000+07:00,
450209,45150,ตำบลกู่กาสิงห์,Tambon Ku Ka Sing,4502,15.591,103.655,2019-08-09T03:33:09.000+07:00,2025-09-20T06:31:26.000+07:00,
450210,45150,ตำบลน้ำอ้อม,Tambon Nam Om,4502,15.639,103.511,2019-08-09T03:33:09.000+07:00,2025-09-20T06:31:26.000+07:00,
450211,45150,ตำบลโนนสว่าง,Tambon Non Sawang,4502,15.704,103.506,2019-08-09T03:33:09.000+07:00,2025-09-20T06:31:26.000+07:00,
450212,45150,ตำบลทุ่งทอง,Tambon Thung Thong,4502,15.487,103.451,2019-08-09T03:33:09.000+07:00,2025-09-20T06:31:26.000+07:00,
450213,45150,ตำบลดงครั่งน้อย,Tambon Dong Khrang Noi,4502,15.511,103.617,2019-08-09T03:33:09.000+07:00,2025-09-20T06:31:26.000+07:00,
450301,45190,ตำบลบัวแดง,Tambon Bua Daeng,4503,15.65,103.359,2019-08-09T03:33:09.000+07:00,2025-09-20T06:31:26.000+07:00,
450302,45190,ตำบลดอกล้ำ,Tambon Dok Lam,4503,15.639,103.309,2019-08-09T03:33:09.000+07:00,2025-09-20T06:31:26.000+07:00,
450303,45190,ตำบลหนองแคน,Tambon Nong Khaen,4503,15.688,103.374,2019-08-09T03:33:09.000+07:00,2025-09-20T06:31:26.000+07:00,
450304,45190,ตำบลโพนสูง,Tambon Phon Sung,4503,15.655,103.444,2019-08-09T03:33:09.000+07:00,2025-09-20T06:31:26.000+07:00,
450305,45190,ตำบลโนนสวรรค์,Tambon Non Sawan,4503,15.584,103.435,2019-08-09T03:33:09.000+07:00,2025-09-20T06:31:26.000+07:00,
450306,45190,ตำบลสระบัว,Tambon Sa Bua,4503,15.568,103.371,2019-08-09T03:33:09.000+07:00,2025-09-20T06:31:26.000+07:00,
450307,45190,ตำบลโนนสง่า,Tambon Non Sa-nga,4503,15.608,103.349,2019-08-09T03:33:09.000+07:00,2025-09-20T06:31:26.000+07:00,
450308,45190,ตำบลขี้เหล็ก,Tambon Khilek,4503,15.635,103.471,2019-08-09T03:33:09.000+07:00,2025-09-20T06:31:26.000+07:00,
450401,45180,ตำบลหัวช้าง,Tambon Hua Chang,4504,15.845,103.569,2019-08-09T03:33:09.000+07:00,2025-09-20T06:31:26.000+07:00,
450402,45180,ตำบลหนองผือ,Tambon Nong Phue,4504,15.836,103.514,2019-08-09T03:33:09.000+07:00,2025-09-20T06:31:26.000+07:00,
450403,45180,ตำบลเมืองหงส์,Tambon Mueang Hong,4504,15.874,103.48,2019-08-09T03:33:09.000+07:00,2025-09-20T06:31:26.000+07:00,
450404,45180,ตำบลโคกล่าม,Tambon Khok Lam,4504,15.908,103.535,2019-08-09T03:33:09.000+07:00,2025-09-20T06:31:26.000+07:00,
450405,45180,ตำบลน้ำใส,Tambon Nam Sai,4504,15.901,103.599,2019-08-09T03:33:09.000+07:00,2025-09-20T06:31:26.000+07:00,
450406,45180,ตำบลดงแดง,Tambon Dong Daeng,4504,15.854,103.669,2019-08-09T03:33:09.000+07:00,2025-09-20T06:31:26.000+07:00,
450407,45180,ตำบลดงกลาง,Tambon Dong Klang,4504,15.803,103.604,2019-08-09T03:33:09.000+07:00,2025-09-20T06:31:26.000+07:00,
450408,45180,ตำบลป่าสังข์,Tambon Pa Sang,4504,15.805,103.665,2019-08-09T03:33:09.000+07:00,2025-09-20T06:31:26.000+07:00,
450409,45180,ตำบลอีง่อง,Tambon I Ngong,4504,15.776,103.515,2019-08-09T03:33:09.000+07:00,2025-09-20T06:31:26.000+07:00,
450410,45180,ตำบลลิ้นฟ้า,Tambon Lin Fa,4504,15.756,103.434,2019-08-09T03:33:09.000+07:00,2025-09-20T06:31:26.000+07:00,
450411,45180,ตำบลดู่น้อย,Tambon Du Noi,4504,15.784,103.467,2019-08-09T03:33:09.000+07:00,2025-09-20T06:31:26.000+07:00,
450412,45180,ตำบลศรีโคตร,Tambon Si Khot,4504,15.773,103.566,2019-08-09T03:33:09.000+07:00,2025-09-20T06:31:26.000+07:00,
450501,45170,ตำบลนิเวศน์,Tambon Niwet,4505,16.042,103.737,2019-08-09T03:33:09.000+07:00,2025-09-20T06:31:26.000+07:00,
450502,45170,ตำบลธงธานี,Tambon Thong Thani,4505,16.103,103.853,2019-08-09T03:33:09.000+07:00,2025-09-20T06:31:26.000+07:00,
450503,45170,ตำบลหนองไผ่,Tambon Nong Phai,4505,15.996,103.722,2019-08-09T03:33:09.000+07:00,2025-09-20T06:31:26.000+07:00,
450504,45170,ตำบลธวัชบุรี,Tambon Thawat Buri,4505,16.116,103.811,2019-08-09T03:33:09.000+07:00,2025-09-20T06:31:26.000+07:00,
450506,45170,ตำบลอุ่มเม้า,Tambon Um Mao,4505,16.025,103.773,2019-08-09T03:33:09.000+07:00,2025-09-20T06:31:26.000+07:00,
450507,45170,ตำบลมะอึ,Tambon Ma-ue,4505,16.081,103.731,2019-08-09T03:33:09.000+07:00,2025-09-20T06:31:26.000+07:00,
450510,45170,ตำบลเขวาทุ่ง,Tambon Khwao Thung,4505,15.945,103.76,2019-08-09T03:33:09.000+07:00,2025-09-20T06:31:26.000+07:00,
450515,45170,ตำบลไพศาล,Tambon Phaisan,4505,16.026,103.817,2019-08-09T03:33:09.000+07:00,2025-09-20T06:31:26.000+07:00,
450517,45170,ตำบลเมืองน้อย,Tambon Mueang Noi,4505,15.985,103.764,2019-08-09T03:33:09.000+07:00,2025-09-20T06:31:26.000+07:00,
450520,45170,ตำบลบึงนคร,Tambon Bueng Nakhon,4505,16.072,103.852,2019-08-09T03:33:09.000+07:00,2025-09-20T06:31:26.000+07:00,
450522,45170,ตำบลราชธานี,Tambon Ratchathani,4505,15.883,103.728,2019-08-09T03:33:09.000+07:00,2025-09-20T06:31:26.000+07:00,
450524,45170,ตำบลหนองพอก,Tambon Nong Phok,4505,16.099,103.767,2019-08-09T03:33:09.000+07:00,2025-09-20T06:31:26.000+07:00,
450601,45140,ตำบลพนมไพร,Tambon Phanom Phrai,4506,15.688,104.118,2019-08-09T03:33:09.000+07:00,2025-09-20T06:31:26.000+07:00,
450602,45140,ตำบลแสนสุข,Tambon Saen Suk,4506,15.733,104.076,2019-08-09T03:33:09.000+07:00,2025-09-20T06:31:26.000+07:00,
450603,45140,ตำบลกุดน้ำใส,Tambon Kut Nam Sai,4506,15.762,104.065,2019-08-09T03:33:09.000+07:00,2025-09-20T06:31:26.000+07:00,
450604,45140,ตำบลหนองทัพไทย,Tambon Nong Thap Thai,4506,15.689,103.984,2019-08-09T03:33:09.000+07:00,2025-09-20T06:31:26.000+07:00,
450605,45140,ตำบลโพธิ์ใหญ่,Tambon Pho Yai,4506,15.757,104.013,2019-08-09T03:33:09.000+07:00,2025-09-20T06:31:26.000+07:00,
450606,45140,ตำบลวารีสวัสดิ์,Tambon Wari Sawat,4506,15.684,104.044,2019-08-09T03:33:09.000+07:00,2025-09-20T06:31:26.000+07:00,
450607,45140,ตำบลโคกสว่าง,Tambon Khok Sawang,4506,15.637,104.074,2019-08-09T03:33:09.000+07:00,2025-09-20T06:31:26.000+07:00,
450611,45140,ตำบลโพธิ์ชัย,Tambon Pho Chai,4506,15.591,104.08,2019-08-09T03:33:09.000+07:00,2025-09-20T06:31:26.000+07:00,
450612,45140,ตำบลนานวล,Tambon Na Nuan,4506,15.639,104.124,2019-08-09T03:33:09.000+07:00,2025-09-20T06:31:26.000+07:00,
450613,45140,ตำบลคำไฮ,Tambon Kham Hai,4506,15.639,104.159,2019-08-09T03:33:09.000+07:00,2025-09-20T06:31:26.000+07:00,
450614,45140,ตำบลสระแก้ว,Tambon Sa Kaeo,4506,15.704,104.08,2019-08-09T03:33:09.000+07:00,2025-09-20T06:31:26.000+07:00,
450615,45140,ตำบลค้อใหญ่,Tambon Kho Yai,4506,15.6,104.139,2019-08-09T03:33:09.000+07:00,2025-09-20T06:31:26.000+07:00,
450617,45140,ตำบลชานุวรรณ,Tambon Chanuwan,4506,15.803,104.088,2019-08-09T03:33:09.000+07:00,2025-09-20T06:31:26.000+07:00,
450701,45110,ตำบลแวง,Tambon Waeng,4507,16.329,103.984,2019-08-09T03:33:09.000+07:00,2025-09-20T06:31:26.000+07:00,
450702,45110,ตำบลโคกกกม่วง,Tambon Khok Kok Muang,4507,16.181,104.028,2019-08-09T03:33:09.000+07:00,2025-09-20T06:31:26.000+07:00,
450703,45110,ตำบลนาอุดม,Tambon Na Udom,4507,16.318,103.856,2019-08-09T03:33:09.000+07:00,2025-09-20T06:31:26.000+07:00,
450704,45110,ตำบลสว่าง,Tambon Sawang,4507,16.218,104.005,2019-08-09T03:33:09.000+07:00,2025-09-20T06:31:26.000+07:00,
450705,45110,ตำบลหนองใหญ่,Tambon Nong Yai,4507,16.401,103.998,2019-08-09T03:33:09.000+07:00,2025-09-20T06:31:26.000+07:00,
450706,45110,ตำบลโพธิ์ทอง,Tambon Pho Thong,4507,16.322,103.92,2019-08-09T03:33:09.000+07:00,2025-09-20T06:31:26.000+07:00,
450707,45110,ตำบลโนนชัยศรี,Tambon Non Chai Si,4507,16.213,103.956,2019-08-09T03:33:09.000+07:00,2025-09-20T06:31:26.000+07:00,
450708,45110,ตำบลโพธิ์ศรีสว่าง,Tambon Pho Si Sawang,4507,16.242,103.888,2019-08-09T03:33:09.000+07:00,2025-09-20T06:31:26.000+07:00,
450709,45110,ตำบลอุ่มเม่า,Tambon Um Mao,4507,16.277,103.862,2019-08-09T03:33:09.000+07:00,2025-09-20T06:31:26.000+07:00,
450710,45110,ตำบลคำนาดี,Tambon Kham Na Di,4507,16.396,103.915,2019-08-09T03:33:09.000+07:00,2025-09-20T06:31:26.000+07:00,
450711,45110,ตำบลพรมสวรรค์,Tambon Phrom Sawan,4507,16.199,104.084,2019-08-09T03:33:09.000+07:00,2025-09-20T06:31:26.000+07:00,
450712,45110,ตำบลสระนกแก้ว,Tambon Sa Nok Kaeo,4507,16.271,103.986,2019-08-09T03:33:09.000+07:00,2025-09-20T06:31:26.000+07:00,
450713,45110,ตำบลวังสามัคคี,Tambon Wang Samakkhi,4507,16.267,104.041,2019-08-09T03:33:09.000+07:00,2025-09-20T06:31:26.000+07:00,
450714,45110,ตำบลโคกสูง,Tambon Khok Sung,4507,16.206,103.873,2019-08-09T03:33:09.000+07:00,2025-09-20T06:31:26.000+07:00,
450801,45230,ตำบลขามเปี้ย,Tambon Kham Pia,4508,16.334,103.748,2019-08-09T03:33:09.000+07:00,2025-09-20T06:31:26.000+07:00,
450802,45230,ตำบลเชียงใหม่,Tambon Chiang Mai,4508,16.242,103.804,2019-08-09T03:33:09.000+07:00,2025-09-20T06:31:26.000+07:00,
450803,45230,ตำบลบัวคำ,Tambon Bua Kham,4508,16.281,103.812,2019-08-09T03:33:09.000+07:00,2025-09-20T06:31:26.000+07:00,
450804,45230,ตำบลอัคคะคำ,Tambon Akkha Kham,4508,16.385,103.746,2019-08-09T03:33:09.000+07:00,2025-09-20T06:31:26.000+07:00,
450805,45230,ตำบลสะอาด,Tambon Sa-at,4508,16.209,103.767,2019-08-09T03:33:09.000+07:00,2025-09-20T06:31:26.000+07:00,
450806,45230,ตำบลคำพอุง,Tambon Kham Pha-ung,4508,16.423,103.84,2019-08-09T03:33:09.000+07:00,2025-09-20T06:31:26.000+07:00,
450807,45230,ตำบลหนองตาไก้,Tambon Nong Ta Kai,4508,16.256,103.76,2019-08-09T03:33:09.000+07:00,2025-09-20T06:31:26.000+07:00,
450808,45230,ตำบลดอนโอง,Tambon Don Ong,4508,16.206,103.826,2019-08-09T03:33:09.000+07:00,2025-09-20T06:31:26.000+07:00,
450809,45230,ตำบลโพธิ์ศรี,Tambon Pho Si,4508,16.344,103.83,2019-08-09T03:33:09.000+07:00,2025-09-20T06:31:26.000+07:00,
450901,45210,ตำบลหนองพอก,Tambon Nong Phok,4509,16.318,104.159,2019-08-09T03:33:09.000+07:00,2025-09-20T06:31:26.000+07:00,
450902,45210,ตำบลบึงงาม,Tambon Bueng Ngam,4509,16.388,104.3,2019-08-09T03:33:09.000+07:00,2025-09-20T06:31:26.000+07:00,
450903,45210,ตำบลภูเขาทอง,Tambon Phukhao Thong,4509,16.398,104.228,2019-08-09T03:33:09.000+07:00,2025-09-20T06:31:26.000+07:00,
450904,45210,ตำบลกกโพธิ์,Tambon Kok Pho,4509,16.296,104.113,2019-08-09T03:33:09.000+07:00,2025-09-20T06:31:26.000+07:00,
450905,45210,ตำบลโคกสว่าง,Tambon Khok Sawang,4509,16.268,104.275,2019-08-09T03:33:09.000+07:00,2025-09-20T06:31:26.000+07:00,
450906,45210,ตำบลหนองขุ่นใหญ่,Tambon Nong Khun Yai,4509,16.234,104.146,2019-08-09T03:33:09.000+07:00,2025-09-20T06:31:26.000+07:00,
450907,45210,ตำบลรอบเมือง,Tambon Rop Mueang,4509,16.283,104.207,2019-08-09T03:33:09.000+07:00,2025-09-20T06:31:26.000+07:00,
450908,45210,ตำบลผาน้ำย้อย,Tambon Pha Nam Yoi,4509,16.331,104.289,2019-08-09T03:33:09.000+07:00,2025-09-20T06:31:26.000+07:00,
450909,45210,ตำบลท่าสีดา,Tambon Ta See Da,4509,16.2,104.215,2019-08-09T03:33:09.000+07:00,2025-09-20T06:31:26.000+07:00,
451001,45120,ตำบลกลาง,Tambon Klang,4510,16.024,103.921,2019-08-09T03:33:09.000+07:00,2025-09-20T06:31:26.000+07:00,
451002,45120,ตำบลนางาม,Tambon Na Ngam,4510,15.911,103.94,2019-08-09T03:33:09.000+07:00,2025-09-20T06:31:26.000+07:00,
451003,45120,ตำบลเมืองไพร,Tambon Mueang Phrai,4510,16.001,103.993,2019-08-09T03:33:09.000+07:00,2025-09-20T06:31:26.000+07:00,
451004,45120,ตำบลนาแซง,Tambon Na Saeng,4510,16.144,103.968,2019-08-09T03:33:09.000+07:00,2025-09-20T06:31:26.000+07:00,
451005,45120,ตำบลนาเมือง,Tambon Na Mueang,4510,16.074,103.94,2019-08-09T03:33:09.000+07:00,2025-09-20T06:31:26.000+07:00,
451006,45120,ตำบลวังหลวง,Tambon Wang Luang,4510,16.09,103.995,2019-08-09T03:33:09.000+07:00,2025-09-20T06:31:26.000+07:00,
451007,45120,ตำบลท่าม่วง,Tambon Tha Muang,4510,16.124,103.893,2019-08-09T03:33:09.000+07:00,2025-09-20T06:31:26.000+07:00,
451008,45120,ตำบลขวาว,Tambon Khwao,4510,15.946,103.99,2019-08-09T03:33:09.000+07:00,2025-09-20T06:31:26.000+07:00,
451009,45120,ตำบลโพธิ์ทอง,Tambon Pho Thong,4510,16.136,104.138,2019-08-09T03:33:09.000+07:00,2025-09-20T06:31:26.000+07:00,
451010,45120,ตำบลภูเงิน,Tambon Phu Ngoen,4510,16.04,104.078,2019-08-09T03:33:09.000+07:00,2025-09-20T06:31:26.000+07:00,
451011,45120,ตำบลเกาะแก้ว,Tambon Ko Kaeo,4510,16.161,103.868,2019-08-09T03:33:09.000+07:00,2025-09-20T06:31:26.000+07:00,
451012,45120,ตำบลนาเลิง,Tambon Na Loeng,4510,15.933,103.915,2019-08-09T03:33:09.000+07:00,2025-09-20T06:31:26.000+07:00,
451013,45120,ตำบลเหล่าน้อย,Tambon Lao Noi,4510,16.095,104.06,2019-08-09T03:33:09.000+07:00,2025-09-20T06:31:26.000+07:00,
451014,45120,ตำบลศรีวิลัย,Tambon Si Wilai,4510,,,2019-08-09T03:33:09.000+07:00,2025-09-20T06:31:26.000+07:00,
451015,45120,ตำบลหนองหลวง,Tambon Nong Luang,4510,16.148,103.923,2019-08-09T03:33:09.000+07:00,2025-09-20T06:31:26.000+07:00,
451016,45120,ตำบลพรสวรรค์,Tambon Phon Sawan,4510,16.184,104.148,2019-08-09T03:33:09.000+07:00,2025-09-20T06:31:26.000+07:00,
451017,45120,ตำบลขวัญเมือง,Tambon Khwan Mueang,4510,16.028,103.958,2019-08-09T03:33:09.000+07:00,2025-09-20T06:31:26.000+07:00,
451018,45120,ตำบลบึงเกลือ,Tambon Bueng Kluea,4510,16.02,104.021,2019-08-09T03:33:09.000+07:00,2025-09-20T06:31:26.000+07:00,
451101,45130,ตำบลสระคู,Tambon Sa Khu,4511,15.552,103.766,2019-08-09T03:33:09.000+07:00,2025-09-20T06:31:26.000+07:00,
451102,45130,ตำบลดอกไม้,Tambon Dok Mai,4511,15.654,103.774,2019-08-09T03:33:09.000+07:00,2025-09-20T06:31:26.000+07:00,
451103,45130,ตำบลนาใหญ่,Tambon Na Yai,4511,15.704,103.75,2019-08-09T03:33:09.000+07:00,2025-09-20T06:31:26.000+07:00,
451104,45130,ตำบลหินกอง,Tambon Hin Kong,4511,15.599,103.73,2019-08-09T03:33:09.000+07:00,2025-09-20T06:31:26.000+07:00,
451105,45130,ตำบลเมืองทุ่ง,Tambon Mueang Thung,4511,15.627,103.85,2019-08-09T03:33:09.000+07:00,2025-09-20T06:31:26.000+07:00,
451106,45130,ตำบลหัวโทน,Tambon Hua Thon,4511,15.736,103.877,2019-08-09T03:33:09.000+07:00,2025-09-20T06:31:26.000+07:00,
451107,45130,ตำบลบ่อพันขัน,Tambon Bo Phan Khan,4511,15.604,103.898,2019-08-09T03:33:09.000+07:00,2025-09-20T06:31:26.000+07:00,
451108,45130,ตำบลทุ่งหลวง,Tambon Thung Luang,4511,15.482,103.713,2019-08-09T03:33:09.000+07:00,2025-09-20T06:31:26.000+07:00,
451109,45130,ตำบลหัวช้าง,Tambon Hua Chang,4511,15.645,103.915,2019-08-09T03:33:09.000+07:00,2025-09-20T06:31:26.000+07:00,
451110,45130,ตำบลน้ำคำ,Tambon Nam Kham,4511,15.734,103.824,2019-08-09T03:33:09.000+07:00,2025-09-20T06:31:26.000+07:00,
451111,45130,ตำบลห้วยหินลาด,Tambon Huai Hin Lat,4511,15.685,103.879,2019-08-09T03:33:09.000+07:00,2025-09-20T06:31:26.000+07:00,
451112,45130,ตำบลช้างเผือก,Tambon Chang Phueak,4511,15.681,103.938,2019-08-09T03:33:09.000+07:00,2025-09-20T06:31:26.000+07:00,
451113,45130,ตำบลทุ่งกุลา,Tambon Thung Kula,4511,15.482,103.805,2019-08-09T03:33:09.000+07:00,2025-09-20T06:31:26.000+07:00,
451114,45130,ตำบลทุ่งศรีเมือง,Tambon Thung Si Mueang,4511,15.575,103.877,2019-08-09T03:33:09.000+07:00,2025-09-20T06:31:26.000+07:00,
451115,45130,ตำบลจำปาขัน,Tambon Champa Khan,4511,15.591,103.928,2019-08-09T03:33:09.000+07:00,2025-09-20T06:31:26.000+07:00,
451201,45220,ตำบลหนองผือ,Tambon Nong Phue,4512,15.817,103.714,2019-08-09T03:33:09.000+07:00,2025-09-20T06:31:26.000+07:00,
451202,45220,ตำบลหนองหิน,Tambon Nong Hin,4512,15.786,103.797,2019-08-09T03:33:09.000+07:00,2025-09-20T06:31:26.000+07:00,
451203,45220,ตำบลคูเมือง,Tambon Khu Mueang,4512,15.749,103.722,2019-08-09T03:33:09.000+07:00,2025-09-20T06:31:26.000+07:00,
451204,45220,ตำบลกกกุง,Tambon Kok Kung,4512,15.77,103.758,2019-08-09T03:33:09.000+07:00,2025-09-20T06:31:26.000+07:00,
451205,45220,ตำบลเมืองสรวง,Tambon Mueang Suang,4512,15.817,103.755,2019-08-09T03:33:09.000+07:00,2025-09-20T06:31:26.000+07:00,
451301,45240,ตำบลโพนทราย,Tambon Phon Sai,4513,15.497,104.005,2019-08-09T03:33:09.000+07:00,2025-09-20T06:31:26.000+07:00,
451302,45240,ตำบลสามขา,Tambon Sam Kha,4513,15.474,103.944,2019-08-09T03:33:09.000+07:00,2025-09-20T06:31:26.000+07:00,
451303,45240,ตำบลศรีสว่าง,Tambon Si Sawang,4513,15.533,103.868,2019-08-09T03:33:09.000+07:00,2025-09-20T06:31:26.000+07:00,
451304,45240,ตำบลยางคำ,Tambon Yang Kham,4513,15.443,103.971,2019-08-09T03:33:09.000+07:00,2025-09-20T06:31:26.000+07:00,
451305,45240,ตำบลท่าหาดยาว,Tambon Tha Hat Yao,4513,15.493,103.91,2019-08-09T03:33:09.000+07:00,2025-09-20T06:31:26.000+07:00,
451401,45160,ตำบลอาจสามารถ,Tambon At Samat,4514,15.864,103.85,2019-08-09T03:33:09.000+07:00,2025-09-20T06:31:26.000+07:00,
451402,45160,ตำบลโพนเมือง,Tambon Phon Mueang,4514,15.913,103.881,2019-08-09T03:33:09.000+07:00,2025-09-20T06:31:26.000+07:00,
451403,45160,ตำบลบ้านแจ้ง,Tambon Ban Chaeng,4514,15.865,103.925,2019-08-09T03:33:09.000+07:00,2025-09-20T06:31:26.000+07:00,
451404,45160,ตำบลหน่อม,Tambon Nom,4514,15.808,103.955,2019-08-09T03:33:09.000+07:00,2025-09-20T06:31:26.000+07:00,
451405,45160,ตำบลหนองหมื่นถ่าน,Tambon Nong Muen Than,4514,15.755,103.937,2019-08-09T03:33:09.000+07:00,2025-09-20T06:31:26.000+07:00,
451406,45160,ตำบลหนองขาม,Tambon Nong Kham,4514,15.8,103.867,2019-08-09T03:33:09.000+07:00,2025-09-20T06:31:26.000+07:00,
451407,45160,ตำบลโหรา,Tambon Hora,4514,15.854,103.802,2019-08-09T03:33:09.000+07:00,2025-09-20T06:31:26.000+07:00,
451408,45160,ตำบลหนองบัว,Tambon Nong Bua,4514,15.861,103.765,2019-08-09T03:33:09.000+07:00,2025-09-20T06:31:26.000+07:00,
451409,45160,ตำบลขี้เหล็ก,Tambon Khilek,4514,15.903,103.791,2019-08-09T03:33:09.000+07:00,2025-09-20T06:31:26.000+07:00,
451410,45160,ตำบลบ้านดู่,Tambon Ban Du,4514,,,2019-08-09T03:33:09.000+07:00,2025-09-20T06:31:26.000+07:00,
451501,45250,ตำบลเมยวดี,Tambon Moei Wadi,4515,16.395,104.167,2019-08-09T03:33:09.000+07:00,2025-09-20T06:31:26.000+07:00,
451502,45250,ตำบลชุมพร,Tambon Chumphon,4515,16.342,104.067,2019-08-09T03:33:09.000+07:00,2025-09-20T06:31:26.000+07:00,
451503,45250,ตำบลบุ่งเลิศ,Tambon Bung Loet,4515,16.416,104.123,2019-08-09T03:33:09.000+07:00,2025-09-20T06:31:26.000+07:00,
451504,45250,ตำบลชมสะอาด,Tambon Chom Sa-at,4515,16.393,104.098,2019-08-09T03:33:09.000+07:00,2025-09-20T06:31:26.000+07:00,
451601,45000,ตำบลโพธิ์ทอง,Tambon Pho Thong,4516,15.973,103.535,2019-08-09T03:33:09.000+07:00,2025-09-20T06:31:26.000+07:00,
451602,45000,ตำบลศรีสมเด็จ,Tambon Si Somdet,4516,15.98,103.474,2019-08-09T03:33:09.000+07:00,2025-09-20T06:31:26.000+07:00,
451603,45000,ตำบลเมืองเปลือย,Tambon Mueang Plueai,4516,16.011,103.551,2019-08-09T03:33:09.000+07:00,2025-09-20T06:31:26.000+07:00,
451604,45000,ตำบลหนองใหญ่,Tambon Nong Yai,4516,16.044,103.541,2019-08-09T03:33:09.000+07:00,2025-09-20T06:31:26.000+07:00,
451605,45280,ตำบลสวนจิก,Tambon Suan Chik,4516,16.034,103.492,2019-08-09T03:33:09.000+07:00,2025-09-20T06:31:26.000+07:00,
451606,45280,ตำบลโพธิ์สัย,Tambon Pho Sai,4516,16.096,103.475,2019-08-09T03:33:09.000+07:00,2025-09-20T06:31:26.000+07:00,
451607,45000,ตำบลหนองแวงควง,Tambon Nong Waeng Khuang,4516,15.95,103.506,2019-08-09T03:33:09.000+07:00,2025-09-20T06:31:26.000+07:00,
451608,45000,ตำบลบ้านบาก,Tambon Ban Bak,4516,15.987,103.518,2019-08-09T03:33:09.000+07:00,2025-09-20T06:31:26.000+07:00,
451701,45000,ตำบลดินดำ,Tambon Din Dam,4517,16.183,103.679,2019-08-09T03:33:09.000+07:00,2025-09-20T06:31:26.000+07:00,
451702,45000,ตำบลปาฝา,Tambon Pa Fa,4517,16.14,103.637,2019-08-09T03:33:09.000+07:00,2025-09-20T06:31:26.000+07:00,
451703,45000,ตำบลม่วงลาด,Tambon Muang Lat,4517,16.204,103.543,2019-08-09T03:33:09.000+07:00,2025-09-20T06:31:26.000+07:00,
451704,45000,ตำบลจังหาร,Tambon Changhan,4517,16.14,103.594,2019-08-09T03:33:09.000+07:00,2025-09-20T06:31:26.000+07:00,
451705,45000,ตำบลดงสิงห์,Tambon Dong Sing,4517,16.175,103.58,2019-08-09T03:33:09.000+07:00,2025-09-20T06:31:26.000+07:00,
451706,45000,ตำบลยางใหญ่,Tambon Yang Yai,4517,16.132,103.679,2019-08-09T03:33:09.000+07:00,2025-09-20T06:31:26.000+07:00,
451707,45000,ตำบลผักแว่น,Tambon Phak Waen,4517,16.174,103.535,2019-08-09T03:33:09.000+07:00,2025-09-20T06:31:26.000+07:00,
451708,45000,ตำบลแสนชาติ,Tambon Saen Chat,4517,16.176,103.639,2019-08-09T03:33:09.000+07:00,2025-09-20T06:31:26.000+07:00,
451801,45000,ตำบลเชียงขวัญ,Tambon Chiang Khwan,4518,16.191,103.724,2019-08-09T03:33:09.000+07:00,2025-09-20T06:31:26.000+07:00,
451802,45170,ตำบลพลับพลา,Tambon Phlapphla,4518,16.135,103.782,2019-08-09T03:33:09.000+07:00,2025-09-20T06:31:26.000+07:00,
451803,45000,ตำบลพระธาตุ,Tambon Phra That,4518,16.16,103.769,2019-08-09T03:33:09.000+07:00,2025-09-20T06:31:26.000+07:00,
451804,45000,ตำบลพระเจ้า,Tambon Phra Chao,4518,16.128,103.741,2019-08-09T03:33:09.000+07:00,2025-09-20T06:31:26.000+07:00,
451805,45170,ตำบลหมูม้น,Tambon Mu Mon,4518,16.101,103.705,2019-08-09T03:33:09.000+07:00,2025-09-20T06:31:26.000+07:00,
451806,45000,ตำบลบ้านเขือง,Tambon Ban Khueang,4518,16.15,103.71,2019-08-09T03:33:09.000+07:00,2025-09-20T06:31:26.000+07:00,
451901,45140,ตำบลหนองฮี,Tambon Nong Hi,4519,15.621,104.0,2019-08-09T03:33:09.000+07:00,2025-09-20T06:31:26.000+07:00,
451902,45140,ตำบลสาวแห,Tambon Sao Hae,4519,15.55,104.062,2019-08-09T03:33:09.000+07:00,2025-09-20T06:31:26.000+07:00,
451903,45140,ตำบลดูกอึ่ง,Tambon Duk Ueng,4519,15.559,104.016,2019-08-09T03:33:09.000+07:00,2025-09-20T06:31:26.000+07:00,
451904,45140,ตำบลเด่นราษฎร์,Tambon Den Rat,4519,15.582,103.965,2019-08-09T03:33:09.000+07:00,2025-09-20T06:31:26.000+07:00,
452001,45170,ตำบลทุ่งเขาหลวง,Tambon Thung Khao Luang,4520,16.032,103.853,2019-08-09T03:33:09.000+07:00,2025-09-20T06:31:26.000+07:00,
452002,45170,ตำบลเทอดไทย,Tambon Thoet Thai,4520,15.963,103.866,2019-08-09T03:33:09.000+07:00,2025-09-20T06:31:26.000+07:00,
452003,45170,ตำบลบึงงาม,Tambon Bueng Ngam,4520,15.986,103.894,2019-08-09T03:33:09.000+07:00,2025-09-20T06:31:26.000+07:00,
452004,45170,ตำบลมะบ้า,Tambon Maba,4520,16.039,103.889,2019-08-09T03:33:09.000+07:00,2025-09-20T06:31:26.000+07:00,
452005,45170,ตำบลเหล่า,Tambon Lao,4520,15.965,103.827,2019-08-09T03:33:09.000+07:00,2025-09-20T06:31:26.000+07:00,
460101,46000,ตำบลกาฬสินธุ์,Tambon Kalasin,4601,16.437,103.522,2019-08-09T03:33:09.000+07:00,2025-09-20T06:31:26.000+07:00,
460102,46000,ตำบลเหนือ,Tambon Nuea,4601,16.442,103.574,2019-08-09T03:33:09.000+07:00,2025-09-20T06:31:26.000+07:00,
460103,46000,ตำบลหลุบ,Tambon Lup,4601,16.393,103.512,2019-08-09T03:33:09.000+07:00,2025-09-20T06:31:26.000+07:00,
460104,46000,ตำบลไผ่,Tambon Phai,4601,16.522,103.575,2019-08-09T03:33:09.000+07:00,2025-09-20T06:31:26.000+07:00,
460105,46000,ตำบลลำปาว,Tambon Lam Pao,4601,16.591,103.496,2019-08-09T03:33:09.000+07:00,2025-09-20T06:31:26.000+07:00,
460106,46000,ตำบลลำพาน,Tambon Lam Phan,4601,16.457,103.484,2019-08-09T03:33:09.000+07:00,2025-09-20T06:31:26.000+07:00,
460107,46000,ตำบลเชียงเครือ,Tambon Chiang Khruea,4601,16.434,103.612,2019-08-09T03:33:09.000+07:00,2025-09-20T06:31:26.000+07:00,
460108,46000,ตำบลบึงวิชัย,Tambon Bueng Wichai,4601,16.5,103.499,2019-08-09T03:33:09.000+07:00,2025-09-20T06:31:26.000+07:00,
460109,46000,ตำบลห้วยโพธิ์,Tambon Huai Pho,4601,16.392,103.578,2019-08-09T03:33:09.000+07:00,2025-09-20T06:31:26.000+07:00,
460111,46000,ตำบลภูปอ,Tambon Phu Po,4601,16.59,103.615,2019-08-09T03:33:09.000+07:00,2025-09-20T06:31:26.000+07:00,
460113,46000,ตำบลภูดิน,Tambon Phu Din,4601,16.636,103.528,2019-08-09T03:33:09.000+07:00,2025-09-20T06:31:26.000+07:00,
460115,46000,ตำบลหนองกุง,Tambon Nong Kung,4601,16.534,103.526,2019-08-09T03:33:09.000+07:00,2025-09-20T06:31:26.000+07:00,
460116,46000,ตำบลกลางหมื่น,Tambon Klang Muen,4601,16.518,103.641,2019-08-09T03:33:09.000+07:00,2025-09-20T06:31:26.000+07:00,
460117,46000,ตำบลขมิ้น,Tambon Khamin,4601,16.607,103.569,2019-08-09T03:33:09.000+07:00,2025-09-20T06:31:26.000+07:00,
460119,46000,ตำบลโพนทอง,Tambon Phon Thong,4601,16.478,103.548,2019-08-09T03:33:09.000+07:00,2025-09-20T06:31:26.000+07:00,
460120,46000,ตำบลนาจารย์,Tambon Na Chan,4601,16.561,103.643,2019-08-09T03:33:09.000+07:00,2025-09-20T06:31:26.000+07:00,
460121,46000,ตำบลลำคลอง,Tambon Lam Khlong,4601,16.587,103.45,2019-08-09T03:33:09.000+07:00,2025-09-20T06:31:26.000+07:00,
460201,46230,ตำบลนามน,Tambon Na Mon,4602,16.561,103.776,2019-08-09T03:33:09.000+07:00,2025-09-20T06:31:26.000+07:00,
460202,46230,ตำบลยอดแกง,Tambon Yot Kaeng,4602,16.622,103.735,2019-08-09T03:33:09.000+07:00,2025-09-20T06:31:26.000+07:00,
460203,46230,ตำบลสงเปลือย,Tambon Song Plueai,4602,16.624,103.793,2019-08-09T03:33:09.000+07:00,2025-09-20T06:31:26.000+07:00,
460204,46230,ตำบลหลักเหลี่ยม,Tambon Lak Liam,4602,16.548,103.82,2019-08-09T03:33:09.000+07:00,2025-09-20T06:31:26.000+07:00,
460205,46230,ตำบลหนองบัว,Tambon Nong Bua,4602,16.537,103.855,2019-08-09T03:33:09.000+07:00,2025-09-20T06:31:26.000+07:00,
460301,46130,ตำบลกมลาไสย,Tambon Kamalasai,4603,16.31,103.551,2019-08-09T03:33:09.000+07:00,2025-09-20T06:31:26.000+07:00,
460302,46130,ตำบลหลักเมือง,Tambon Lak Mueang,4603,16.332,103.595,2019-08-09T03:33:09.000+07:00,2025-09-20T06:31:26.000+07:00,
460303,46130,ตำบลโพนงาม,Tambon Phon Ngam,4603,16.316,103.658,2019-08-09T03:33:09.000+07:00,2025-09-20T06:31:26.000+07:00,
460304,46130,ตำบลดงลิง,Tambon Dong Ling,4603,16.25,103.661,2019-08-09T03:33:09.000+07:00,2025-09-20T06:31:26.000+07:00,
460305,46130,ตำบลธัญญา,Tambon Thanya,4603,16.259,103.567,2019-08-09T03:33:09.000+07:00,2025-09-20T06:31:26.000+07:00,
460308,46130,ตำบลหนองแปน,Tambon Nong Paen,4603,16.289,103.511,2019-08-09T03:33:09.000+07:00,2025-09-20T06:31:26.000+07:00,
460310,46130,ตำบลเจ้าท่า,Tambon Chao Tha,4603,16.225,103.591,2019-08-09T03:33:09.000+07:00,2025-09-20T06:31:26.000+07:00,
460311,46130,ตำบลโคกสมบูรณ์,Tambon Khok Sombun,4603,16.36,103.667,2019-08-09T03:33:09.000+07:00,2025-09-20T06:31:26.000+07:00,
460401,46210,ตำบลร่องคำ,Tambon Rong Kham,4604,16.266,103.737,2019-08-09T03:33:09.000+07:00,2025-09-20T06:31:26.000+07:00,
460402,46210,ตำบลสามัคคี,Tambon Samakkhi,4604,16.318,103.713,2019-08-09T03:33:09.000+07:00,2025-09-20T06:31:26.000+07:00,
460403,46210,ตำบลเหล่าอ้อย,Tambon Lao Oi,4604,16.254,103.708,2019-08-09T03:33:09.000+07:00,2025-09-20T06:31:26.000+07:00,
460501,46110,ตำบลบัวขาว,Tambon Bua Khao,4605,16.521,104.055,2019-08-09T03:33:09.000+07:00,2025-09-20T06:31:26.000+07:00,
460502,46110,ตำบลแจนแลน,Tambon Chaen Laen,4605,16.554,103.998,2019-08-09T03:33:09.000+07:00,2025-09-20T06:31:26.000+07:00,
460503,46110,ตำบลเหล่าใหญ่,Tambon Lao Yai,4605,16.622,103.993,2019-08-09T03:33:09.000+07:00,2025-09-20T06:31:26.000+07:00,
460504,46110,ตำบลจุมจัง,Tambon Chum Chang,4605,16.458,104.107,2019-08-09T03:33:09.000+07:00,2025-09-20T06:31:26.000+07:00,
460505,46110,ตำบลเหล่าไฮงาม,Tambon Lao Hai Ngam,4605,16.471,104.171,2019-08-09T03:33:09.000+07:00,2025-09-20T06:31:26.000+07:00,
460506,46110,ตำบลกุดหว้า,Tambon Kut Wa,4605,16.537,104.167,2019-08-09T03:33:09.000+07:00,2025-09-20T06:31:26.000+07:00,
460507,46110,ตำบลสามขา,Tambon Sam Kha,4605,16.464,103.975,2019-08-09T03:33:09.000+07:00,2025-09-20T06:31:26.000+07:00,
460508,46110,ตำบลนาขาม,Tambon Na Kham,4605,16.508,103.905,2019-08-09T03:33:09.000+07:00,2025-09-20T06:31:26.000+07:00,
460509,46110,ตำบลหนองห้าง,Tambon Nong Hang,4605,16.572,104.124,2019-08-09T03:33:09.000+07:00,2025-09-20T06:31:26.000+07:00,
460510,46110,ตำบลนาโก,Tambon Na Ko,4605,16.606,104.055,2019-08-09T03:33:09.000+07:00,2025-09-20T06:31:26.000+07:00,
460511,46110,ตำบลสมสะอาด,Tambon Som Sa-at,4605,16.451,104.048,2019-08-09T03:33:09.000+07:00,2025-09-20T06:31:26.000+07:00,
460512,46110,ตำบลกุดค้าว,Tambon Kut Khao,4605,16.506,104.001,2019-08-09T03:33:09.000+07:00,2025-09-20T06:31:26.000+07:00,
460601,46160,ตำบลคุ้มเก่า,Tambon Khum Kao,4606,16.679,104.132,2019-08-09T03:33:09.000+07:00,2025-09-20T06:31:26.000+07:00,
460602,46160,ตำบลสงเปลือย,Tambon Song Plueai,4606,16.626,104.119,2019-08-09T03:33:09.000+07:00,2025-09-20T06:31:26.000+07:00,
460603,46160,ตำบลหนองผือ,Tambon Nong Phue,4606,16.751,104.094,2019-08-09T03:33:09.000+07:00,2025-09-20T06:31:26.000+07:00,
460606,46160,ตำบลกุดสิมคุ้มใหม่,Tambon Kut Sim Khum Mai,4606,16.676,104.049,2019-08-09T03:33:09.000+07:00,2025-09-20T06:31:26.000+07:00,
460608,46160,ตำบลสระพังทอง,Tambon Saphang Thong,4606,16.719,104.055,2019-08-09T03:33:09.000+07:00,2025-09-20T06:31:26.000+07:00,
460611,46160,ตำบลกุดปลาค้าว,Tambon Kut Pla Khao,4606,16.715,104.115,2019-08-09T03:33:09.000+07:00,2025-09-20T06:31:26.000+07:00,
460701,46120,ตำบลยางตลาด,Tambon Yang Talat,4607,16.393,103.352,2019-08-09T03:33:09.000+07:00,2025-09-20T06:31:26.000+07:00,
460702,46120,ตำบลหัวงัว,Tambon Hua Ngua,4607,16.337,103.446,2019-08-09T03:33:09.000+07:00,2025-09-20T06:31:26.000+07:00,
460703,46120,ตำบลอุ่มเม่า,Tambon Um Mao,4607,16.398,103.464,2019-08-09T03:33:09.000+07:00,2025-09-20T06:31:26.000+07:00,
460704,46120,ตำบลบัวบาน,Tambon Bua Ban,4607,16.479,103.416,2019-08-09T03:33:09.000+07:00,2025-09-20T06:31:26.000+07:00,
460705,46120,ตำบลเว่อ,Tambon Woe,4607,16.543,103.351,2019-08-09T03:33:09.000+07:00,2025-09-20T06:31:26.000+07:00,
460706,46120,ตำบลอิตื้อ,Tambon Itue,4607,16.464,103.262,2019-08-09T03:33:09.000+07:00,2025-09-20T06:31:26.000+07:00,
460707,46120,ตำบลหัวนาคำ,Tambon Hua Na Kham,4607,16.392,103.227,2019-08-09T03:33:09.000+07:00,2025-09-20T06:31:26.000+07:00,
460708,46120,ตำบลหนองอิเฒ่า,Tambon Nong I Thao,4607,,,2019-08-09T03:33:09.000+07:00,2025-09-20T06:31:26.000+07:00,
460709,46120,ตำบลดอนสมบูรณ์,Tambon Don Sombun,4607,16.437,103.406,2019-08-09T03:33:09.000+07:00,2025-09-20T06:31:26.000+07:00,
460710,46120,ตำบลนาเชือก,Tambon Na Chueak,4607,16.557,103.415,2019-08-09T03:33:09.000+07:00,2025-09-20T06:31:26.000+07:00,
460711,46120,ตำบลคลองขาม,Tambon Khlong Kham,4607,16.456,103.338,2019-08-09T03:33:09.000+07:00,2025-09-20T06:31:26.000+07:00,
460712,46120,ตำบลเขาพระนอน,Tambon Khao Phra Non,4607,16.529,103.38,2019-08-09T03:33:09.000+07:00,2025-09-20T06:31:26.000+07:00,
460713,46120,ตำบลนาดี,Tambon Na Di,4607,16.361,103.474,2019-08-09T03:33:09.000+07:00,2025-09-20T06:31:26.000+07:00,
460714,46120,ตำบลโนนสูง,Tambon Non Sung,4607,16.464,103.207,2019-08-09T03:33:09.000+07:00,2025-09-20T06:31:26.000+07:00,
460715,46120,ตำบลหนองตอกแป้น,Tambon Nong Tok Paen,4607,16.319,103.406,2019-08-09T03:33:09.000+07:00,2025-09-20T06:31:26.000+07:00,
460801,46170,ตำบลห้วยเม็ก,Tambon Huai Mek,4608,16.596,103.216,2019-08-09T03:33:09.000+07:00,2025-09-20T06:31:26.000+07:00,
460802,46170,ตำบลคำใหญ่,Tambon Kham Yai,4608,16.664,103.177,2019-08-09T03:33:09.000+07:00,2025-09-20T06:31:26.000+07:00,
460803,46170,ตำบลกุดโดน,Tambon Kut Don,4608,16.544,103.268,2019-08-09T03:33:09.000+07:00,2025-09-20T06:31:26.000+07:00,
460804,46170,ตำบลบึงนาเรียง,Tambon Bueng Na Riang,4608,16.6,103.288,2019-08-09T03:33:09.000+07:00,2025-09-20T06:31:26.000+07:00,
460805,46170,ตำบลหัวหิน,Tambon Hua Hin,4608,16.602,103.358,2019-08-09T03:33:09.000+07:00,2025-09-20T06:31:26.000+07:00,
460806,46170,ตำบลพิมูล,Tambon Phimun,4608,16.703,103.181,2019-08-09T03:33:09.000+07:00,2025-09-20T06:31:26.000+07:00,
460807,46170,ตำบลคำเหมือดแก้ว,Tambon Kham Mueat Kaeo,4608,16.523,103.199,2019-08-09T03:33:09.000+07:00,2025-09-20T06:31:26.000+07:00,
460808,46170,ตำบลโนนสะอาด,Tambon Non Sa-at,4608,16.538,103.314,2019-08-09T03:33:09.000+07:00,2025-09-20T06:31:26.000+07:00,
460809,46170,ตำบลทรายทอง,Tambon Sai Thong,4608,16.74,103.175,2019-08-09T03:33:09.000+07:00,2025-09-20T06:31:26.000+07:00,
460901,46140,ตำบลภูสิงห์,Tambon Phu Sing,4609,,,2019-08-09T03:33:09.000+07:00,2025-09-20T06:31:26.000+07:00,
460902,46140,ตำบลสหัสขันธ์,Tambon Sahatsakhan,4609,16.728,103.55,2019-08-09T03:33:09.000+07:00,2025-09-20T06:31:26.000+07:00,
460903,46140,ตำบลนามะเขือ,Tambon Na Makhuea,4609,16.678,103.638,2019-08-09T03:33:09.000+07:00,2025-09-20T06:31:26.000+07:00,
460904,46140,ตำบลโนนศิลา,Tambon Non Sila,4609,16.8,103.605,2019-08-09T03:33:09.000+07:00,2025-09-20T06:31:26.000+07:00,
460905,46140,ตำบลนิคม,Tambon Nikhom,4609,16.677,103.492,2019-08-09T03:33:09.000+07:00,2025-09-20T06:31:26.000+07:00,
460906,46140,ตำบลโนนแหลมทอง,Tambon Non Laem Thong,4609,16.751,103.619,2019-08-09T03:33:09.000+07:00,2025-09-20T06:31:26.000+07:00,
460907,46140,ตำบลโนนบุรี,Tambon Non Buri,4609,16.706,103.491,2019-08-09T03:33:09.000+07:00,2025-09-20T06:31:26.000+07:00,
460908,46140,ตำบลโนนน้ำเกลี้ยง,Tambon Non Nam Kliang,4609,16.683,103.538,2019-08-09T03:33:09.000+07:00,2025-09-20T06:31:26.000+07:00,
461001,46180,ตำบลทุ่งคลอง,Tambon Thung Khlong,4610,16.938,103.679,2019-08-09T03:33:09.000+07:00,2025-09-20T06:31:26.000+07:00,
461002,46180,ตำบลโพน,Tambon Phon,4610,16.841,103.637,2019-08-09T03:33:09.000+07:00,2025-09-20T06:31:26.000+07:00,
461005,46180,ตำบลดินจี่,Tambon Din Chi,4610,16.962,103.719,2019-08-09T03:33:09.000+07:00,2025-09-20T06:31:26.000+07:00,
461006,46180,ตำบลนาบอน,Tambon Na Bon,4610,16.881,103.673,2019-08-09T03:33:09.000+07:00,2025-09-20T06:31:26.000+07:00,
461007,46180,ตำบลนาทัน,Tambon Na Than,4610,17.024,103.613,2019-08-09T03:33:09.000+07:00,2025-09-20T06:31:26.000+07:00,
461009,46180,ตำบลเนินยาง,Tambon Noen Yang,4610,16.803,103.655,2019-08-09T03:33:09.000+07:00,2025-09-20T06:31:26.000+07:00,
461101,46190,ตำบลท่าคันโท,Tambon Tha Khantho,4611,16.869,103.237,2019-08-09T03:33:09.000+07:00,2025-09-20T06:31:26.000+07:00,
461102,46190,ตำบลกุงเก่า,Tambon Kung Kao,4611,16.87,103.188,2019-08-09T03:33:09.000+07:00,2025-09-20T06:31:26.000+07:00,
461103,46190,ตำบลยางอู้ม,Tambon Yang Um,4611,16.902,103.286,2019-08-09T03:33:09.000+07:00,2025-09-20T06:31:26.000+07:00,
461104,46190,ตำบลกุดจิก,Tambon Kut Chik,4611,16.843,103.115,2019-08-09T03:33:09.000+07:00,2025-09-20T06:31:26.000+07:00,
461105,46190,ตำบลนาตาล,Tambon Na Tan,4611,16.847,103.28,2019-08-09T03:33:09.000+07:00,2025-09-20T06:31:26.000+07:00,
461106,46190,ตำบลดงสมบูรณ์,Tambon Dong Sombun,4611,16.869,103.366,2019-08-09T03:33:09.000+07:00,2025-09-20T06:31:26.000+07:00,
461201,46220,ตำบลหนองกุงศรี,Tambon Nong Kung Si,4612,16.649,103.274,2019-08-09T03:33:09.000+07:00,2025-09-20T06:31:26.000+07:00,
461202,46220,ตำบลหนองบัว,Tambon Nong Bua,4612,16.728,103.376,2019-08-09T03:33:09.000+07:00,2025-09-20T06:31:26.000+07:00,
461203,46220,ตำบลโคกเครือ,Tambon Khok Khruea,4612,16.781,103.238,2019-08-09T03:33:09.000+07:00,2025-09-20T06:31:26.000+07:00,
461204,46220,ตำบลหนองสรวง,Tambon Nong Suang,4612,16.77,103.422,2019-08-09T03:33:09.000+07:00,2025-09-20T06:31:26.000+07:00,
461205,46220,ตำบลเสาเล้า,Tambon Sao Lao,4612,16.651,103.392,2019-08-09T03:33:09.000+07:00,2025-09-20T06:31:26.000+07:00,
461206,46220,ตำบลหนองใหญ่,Tambon Nong Yai,4612,16.701,103.223,2019-08-09T03:33:09.000+07:00,2025-09-20T06:31:26.000+07:00,
461207,46220,ตำบลดงมูล,Tambon Dong Mun,4612,16.779,103.313,2019-08-09T03:33:09.000+07:00,2025-09-20T06:31:26.000+07:00,
461208,46220,ตำบลลำหนองแสน,Tambon Lam Nong Saen,4612,16.678,103.307,2019-08-09T03:33:09.000+07:00,2025-09-20T06:31:26.000+07:00,
461209,46220,ตำบลหนองหิน,Tambon Nong Hin,4612,16.823,103.397,2019-08-09T03:33:09.000+07:00,2025-09-20T06:31:26.000+07:00,
461301,46150,ตำบลสมเด็จ,Tambon Somdet,4613,16.705,103.754,2019-08-09T03:33:09.000+07:00,2025-09-20T06:31:26.000+07:00,
461302,46150,ตำบลหนองแวง,Tambon Nong Waeng,4613,16.66,103.69,2019-08-09T03:33:09.000+07:00,2025-09-20T06:31:26.000+07:00,
461303,46150,ตำบลแซงบาดาล,Tambon Saeng Badan,4613,16.819,103.7,2019-08-09T03:33:09.000+07:00,2025-09-20T06:31:26.000+07:00,
461304,46150,ตำบลมหาไชย,Tambon Maha Chai,4613,16.823,103.783,2019-08-09T03:33:09.000+07:00,2025-09-20T06:31:26.000+07:00,
461305,46150,ตำบลหมูม่น,Tambon Mu Mon,4613,16.759,103.679,2019-08-09T03:33:09.000+07:00,2025-09-20T06:31:26.000+07:00,
461306,46150,ตำบลผาเสวย,Tambon Pha Sawoei,4613,16.797,103.863,2019-08-09T03:33:09.000+07:00,2025-09-20T06:31:26.000+07:00,
461307,46150,ตำบลศรีสมเด็จ,Tambon Si Somdet,4613,16.738,103.706,2019-08-09T03:33:09.000+07:00,2025-09-20T06:31:26.000+07:00,
461308,46150,ตำบลลำห้วยหลัว,Tambon Lam Huai Lua,4613,16.732,103.815,2019-08-09T03:33:09.000+07:00,2025-09-20T06:31:26.000+07:00,
461401,46240,ตำบลคำบง,Tambon Kham Bong,4614,16.758,103.912,2019-08-09T03:33:09.000+07:00,2025-09-20T06:31:26.000+07:00,
461402,46240,ตำบลไค้นุ่น,Tambon Khai Nun,4614,16.612,103.933,2019-08-09T03:33:09.000+07:00,2025-09-20T06:31:26.000+07:00,
461403,46240,ตำบลนิคมห้วยผึ้ง,Tambon Nikhom Huai Phueng,4614,16.675,103.909,2019-08-09T03:33:09.000+07:00,2025-09-20T06:31:26.000+07:00,
461404,46240,ตำบลหนองอีบุตร,Tambon Nong I But,4614,16.597,103.873,2019-08-09T03:33:09.000+07:00,2025-09-20T06:31:26.000+07:00,
461501,46180,ตำบลสำราญ,Tambon Samran,4615,16.954,103.522,2019-08-09T03:33:09.000+07:00,2025-09-20T06:31:26.000+07:00,
461502,46180,ตำบลสำราญใต้,Tambon Samran Tai,4615,16.814,103.48,2019-08-09T03:33:09.000+07:00,2025-09-20T06:31:26.000+07:00,
461503,46180,ตำบลคำสร้างเที่ยง,Tambon Kham Sang Thiang,4615,16.814,103.546,2019-08-09T03:33:09.000+07:00,2025-09-20T06:31:26.000+07:00,
461504,46180,ตำบลหนองช้าง,Tambon Nong Chang,4615,16.913,103.571,2019-08-09T03:33:09.000+07:00,2025-09-20T06:31:26.000+07:00,
461601,46160,ตำบลนาคู,Tambon Na Khu,4616,16.808,104.07,2019-08-09T03:33:09.000+07:00,2025-09-20T06:31:26.000+07:00,
461602,46160,ตำบลสายนาวัง,Tambon Sai Na Wang,4616,16.761,104.063,2019-08-09T03:33:09.000+07:00,2025-09-20T06:31:26.000+07:00,
461603,46160,ตำบลโนนนาจาน,Tambon Non Na Chan,4616,,,2019-08-09T03:33:09.000+07:00,2025-09-20T06:31:26.000+07:00,
461604,46160,ตำบลบ่อแก้ว,Tambon Bo Kaeo,4616,16.791,103.994,2019-08-09T03:33:09.000+07:00,2025-09-20T06:31:26.000+07:00,
461605,46160,ตำบลภูแล่นช้าง,Tambon Phu Laen Chang,4616,16.688,103.97,2019-08-09T03:33:09.000+07:00,2025-09-20T06:31:26.000+07:00,
461701,46000,ตำบลดอนจาน,Tambon Don Chan,4617,16.425,103.696,2019-08-09T03:33:09.000+07:00,2025-09-20T06:31:26.000+07:00,
461702,46000,ตำบลสะอาดไชยศรี,Tambon Sa-at Chai Si,4617,16.471,103.773,2019-08-09T03:33:09.000+07:00,2025-09-20T06:31:26.000+07:00,
461703,46000,ตำบลดงพยุง,Tambon Dong Phayung,4617,,,2019-08-09T03:33:09.000+07:00,2025-09-20T06:31:26.000+07:00,
461704,46000,ตำบลม่วงนา,Tambon Muang Na,4617,16.475,103.639,2019-08-09T03:33:09.000+07:00,2025-09-20T06:31:26.000+07:00,
461705,46000,ตำบลนาจำปา,Tambon Na Champa,4617,16.48,103.696,2019-08-09T03:33:09.000+07:00,2025-09-20T06:31:26.000+07:00,
461801,46130,ตำบลฆ้องชัยพัฒนา,Tambon Khong Chai Phatthana,4618,16.257,103.463,2019-08-09T03:33:09.000+07:00,2025-09-20T06:31:26.000+07:00,
461802,46130,ตำบลเหล่ากลาง,Tambon Lao Klang,4618,16.245,103.515,2019-08-09T03:33:09.000+07:00,2025-09-20T06:31:26.000+07:00,
461803,46130,ตำบลโคกสะอาด,Tambon Khok Sa-at,4618,16.215,103.468,2019-08-09T03:33:09.000+07:00,2025-09-20T06:31:26.000+07:00,
461804,46130,ตำบลโนนศิลาเลิง,Tambon Non Sila Loeng,4618,,,2019-08-09T03:33:09.000+07:00,2025-09-20T06:31:26.000+07:00,
461805,46130,ตำบลลำชี,Tambon Lam Chi,4618,16.321,103.493,2019-08-09T03:33:09.000+07:00,2025-09-20T06:31:26.000+07:00,
470101,47000,ตำบลธาตุเชิงชุม,Tambon That Choeng Chum,4701,17.163,104.162,2019-08-09T03:33:09.000+07:00,2025-09-20T06:31:26.000+07:00,
470102,47220,ตำบลขมิ้น,Tambon Khamin,4701,17.26,104.014,2019-08-09T03:33:09.000+07:00,2025-09-20T06:31:26.000+07:00,
470103,47000,ตำบลงิ้วด่อน,Tambon Ngio Don,4701,17.114,104.165,2019-08-09T03:33:09.000+07:00,2025-09-20T06:31:26.000+07:00,
470104,47000,ตำบลโนนหอม,Tambon Non Hom,4701,17.053,104.196,2019-08-09T03:33:09.000+07:00,2025-09-20T06:31:26.000+07:00,
470106,47000,ตำบลเชียงเครือ,Tambon Chiang Khruea,4701,17.279,104.123,2019-08-09T03:33:09.000+07:00,2025-09-20T06:31:26.000+07:00,
470107,47000,ตำบลท่าแร่,Tambon Tha Rae,4701,17.269,104.207,2019-08-09T03:33:09.000+07:00,2025-09-20T06:31:26.000+07:00,
470109,47000,ตำบลม่วงลาย,Tambon Muang Lai,4701,17.125,104.26,2019-08-09T03:33:09.000+07:00,2025-09-20T06:31:26.000+07:00,
470111,47000,ตำบลดงชน,Tambon Dong Chon,4701,17.096,104.24,2019-08-09T03:33:09.000+07:00,2025-09-20T06:31:26.000+07:00,
470112,47000,ตำบลห้วยยาง,Tambon Huai Yang,4701,17.095,104.033,2019-08-09T03:33:09.000+07:00,2025-09-20T06:31:26.000+07:00,
470113,47000,ตำบลพังขว้าง,Tambon Phang Khwang,4701,17.177,104.017,2019-08-09T03:33:09.000+07:00,2025-09-20T06:31:26.000+07:00,
470115,47000,ตำบลดงมะไฟ,Tambon Dong Mafai,4701,17.059,104.105,2019-08-09T03:33:09.000+07:00,2025-09-20T06:31:26.000+07:00,
470116,47000,ตำบลธาตุนาเวง,Tambon That Na Weng,4701,17.147,104.095,2019-08-09T03:33:09.000+07:00,2025-09-20T06:31:26.000+07:00,
470117,47000,ตำบลเหล่าปอแดง,Tambon Lao Po Daeng,4701,17.137,104.212,2019-08-09T03:33:09.000+07:00,2025-09-20T06:31:26.000+07:00,
470118,47220,ตำบลหนองลาด,Tambon Nong Lat,4701,17.337,104.072,2019-08-09T03:33:09.000+07:00,2025-09-20T06:31:26.000+07:00,
470120,47000,ตำบลฮางโฮง,Tambon Hang Hong,4701,17.22,104.122,2019-08-09T03:33:09.000+07:00,2025-09-20T06:31:26.000+07:00,
470121,47000,ตำบลโคกก่อง,Tambon Khok Kong,4701,17.133,104.294,2019-08-09T03:33:09.000+07:00,2025-09-20T06:31:26.000+07:00,
470201,47210,ตำบลกุสุมาลย์,Tambon Kusuman,4702,17.302,104.386,2019-08-09T03:33:09.000+07:00,2025-09-20T06:31:26.000+07:00,
470202,47210,ตำบลนาโพธิ์,Tambon Na Pho,4702,17.352,104.287,2019-08-09T03:33:09.000+07:00,2025-09-20T06:31:26.000+07:00,
470203,47230,ตำบลนาเพียง,Tambon Na Phiang,4702,17.367,104.216,2019-08-09T03:33:09.000+07:00,2025-09-20T06:31:26.000+07:00,
470204,47210,ตำบลโพธิไพศาล,Tambon Phothi Phaisan,4702,17.379,104.378,2019-08-09T03:33:09.000+07:00,2025-09-20T06:31:26.000+07:00,
470205,47230,ตำบลอุ่มจาน,Tambon Um Chan,4702,17.35,104.137,2019-08-09T03:33:09.000+07:00,2025-09-20T06:31:26.000+07:00,
470301,47180,ตำบลกุดบาก,Tambon Kut Bak,4703,17.051,103.762,2019-08-09T03:33:09.000+07:00,2025-09-20T06:31:26.000+07:00,
470303,47180,ตำบลนาม่อง,Tambon Na Mong,4703,17.093,103.906,2019-08-09T03:33:09.000+07:00,2025-09-20T06:31:26.000+07:00,
470305,47180,ตำบลกุดไห,Tambon Kut Hai,4703,17.1,103.696,2019-08-09T03:33:09.000+07:00,2025-09-20T06:31:26.000+07:00,
470401,47130,ตำบลพรรณา,Tambon Phanna,4704,17.356,103.856,2019-08-09T03:33:09.000+07:00,2025-09-20T06:31:26.000+07:00,
470402,47130,ตำบลวังยาง,Tambon Wang Yang,4704,17.341,103.911,2019-08-09T03:33:09.000+07:00,2025-09-20T06:31:26.000+07:00,
470403,47220,ตำบลพอกน้อย,Tambon Phok Noi,4704,17.315,103.952,2019-08-09T03:33:09.000+07:00,2025-09-20T06:31:26.000+07:00,
470404,47220,ตำบลนาหัวบ่อ,Tambon Na Hua Bo,4704,17.226,103.917,2019-08-09T03:33:09.000+07:00,2025-09-20T06:31:26.000+07:00,
470405,47130,ตำบลไร่,Tambon Rai,4704,17.274,103.846,2019-08-09T03:33:09.000+07:00,2025-09-20T06:31:26.000+07:00,
470406,47130,ตำบลช้างมิ่ง,Tambon Chang Ming,4704,17.342,103.796,2019-08-09T03:33:09.000+07:00,2025-09-20T06:31:26.000+07:00,
470407,47130,ตำบลนาใน,Tambon Na Nai,4704,17.207,103.821,2019-08-09T03:33:09.000+07:00,2025-09-20T06:31:26.000+07:00,
470408,47130,ตำบลสว่าง,Tambon Sawang,4704,17.367,103.981,2019-08-09T03:33:09.000+07:00,2025-09-20T06:31:26.000+07:00,
470409,47130,ตำบลบะฮี,Tambon Ba Hi,4704,17.426,103.901,2019-08-09T03:33:09.000+07:00,2025-09-20T06:31:26.000+07:00,
470410,47130,ตำบลเชิงชุม,Tambon Choeng Chum,4704,17.435,104.007,2019-08-09T03:33:09.000+07:00,2025-09-20T06:31:26.000+07:00,
470501,47160,ตำบลพังโคน,Tambon Phang Khon,4705,17.39,103.704,2019-08-09T03:33:09.000+07:00,2025-09-20T06:31:26.000+07:00,
470502,47160,ตำบลม่วงไข่,Tambon Muang Khai,4705,17.405,103.665,2019-08-09T03:33:09.000+07:00,2025-09-20T06:31:26.000+07:00,
470503,47160,ตำบลแร่,Tambon Rae,4705,17.297,103.767,2019-08-09T03:33:09.000+07:00,2025-09-20T06:31:26.000+07:00,
470504,47160,ตำบลไฮหย่อง,Tambon Hai Yong,4705,17.406,103.765,2019-08-09T03:33:09.000+07:00,2025-09-20T06:31:26.000+07:00,
470505,47160,ตำบลต้นผึ้ง,Tambon Ton Phueng,4705,17.432,103.827,2019-08-09T03:33:09.000+07:00,2025-09-20T06:31:26.000+07:00,
470601,47150,ตำบลวาริชภูมิ,Tambon Waritchaphum,4706,17.232,103.642,2019-08-09T03:33:09.000+07:00,2025-09-20T06:31:26.000+07:00,
470602,47150,ตำบลปลาโหล,Tambon Pla Lo,4706,17.327,103.671,2019-08-09T03:33:09.000+07:00,2025-09-20T06:31:26.000+07:00,
470603,47150,ตำบลหนองลาด,Tambon Nong Lat,4706,17.319,103.543,2019-08-09T03:33:09.000+07:00,2025-09-20T06:31:26.000+07:00,
470604,47150,ตำบลคำบ่อ,Tambon Kham Bo,4706,17.225,103.551,2019-08-09T03:33:09.000+07:00,2025-09-20T06:31:26.000+07:00,
470605,47150,ตำบลค้อเขียว,Tambon Kho Khiao,4706,17.276,103.527,2019-08-09T03:33:09.000+07:00,2025-09-20T06:31:26.000+07:00,
470701,47270,ตำบลนิคมน้ำอูน,Tambon Nikhom Nam Un,4707,17.142,103.645,2019-08-09T03:33:09.000+07:00,2025-09-20T06:31:26.000+07:00,
470702,47270,ตำบลหนองปลิง,Tambon Nong Pling,4707,17.18,103.749,2019-08-09T03:33:09.000+07:00,2025-09-20T06:31:26.000+07:00,
470703,47270,ตำบลหนองบัว,Tambon Nong Bua,4707,17.148,103.827,2019-08-09T03:33:09.000+07:00,2025-09-20T06:31:26.000+07:00,
470704,47270,ตำบลสุวรรณคาม,Tambon *Suwannakarm,4707,17.155,103.712,2019-08-09T03:33:09.000+07:00,2025-09-20T06:31:26.000+07:00,
470801,47120,ตำบลวานรนิวาส,Tambon Wanon Niwat,4708,17.645,103.752,2019-08-09T03:33:09.000+07:00,2025-09-20T06:31:26.000+07:00,
470802,47120,ตำบลเดื่อศรีคันไชย,Tambon Duea Si Khan Chai,4708,17.473,103.73,2019-08-09T03:33:09.000+07:00,2025-09-20T06:31:26.000+07:00,
470803,47120,ตำบลขัวก่าย,Tambon Khua Kai,4708,17.579,103.814,2019-08-09T03:33:09.000+07:00,2025-09-20T06:31:26.000+07:00,
470804,47120,ตำบลหนองสนม,Tambon Nong Sanom,4708,17.526,103.86,2019-08-09T03:33:09.000+07:00,2025-09-20T06:31:26.000+07:00,
470805,47120,ตำบลคูสะคาม,Tambon Khu Sakham,4708,17.727,103.61,2019-08-09T03:33:09.000+07:00,2025-09-20T06:31:26.000+07:00,
470806,47120,ตำบลธาตุ,Tambon That,4708,17.641,103.651,2019-08-09T03:33:09.000+07:00,2025-09-20T06:31:26.000+07:00,
470807,47120,ตำบลหนองแวง,Tambon Nong Waeng,4708,17.767,103.726,2019-08-09T03:33:09.000+07:00,2025-09-20T06:31:26.000+07:00,
470808,47120,ตำบลศรีวิชัย,Tambon Si Wichai,4708,17.536,103.68,2019-08-09T03:33:09.000+07:00,2025-09-20T06:31:26.000+07:00,
470809,47120,ตำบลนาซอ,Tambon Na So,4708,17.674,103.848,2019-08-09T03:33:09.000+07:00,2025-09-20T06:31:26.000+07:00,
470810,47120,ตำบลอินทร์แปลง,Tambon In Plaeng,4708,17.787,103.593,2019-08-09T03:33:09.000+07:00,2025-09-20T06:31:26.000+07:00,
470811,47120,ตำบลนาคำ,Tambon Na Kham,4708,17.692,103.792,2019-08-09T03:33:09.000+07:00,2025-09-20T06:31:26.000+07:00,
470812,47120,ตำบลคอนสวรรค์,Tambon Khon Sawan,4708,17.593,103.748,2019-08-09T03:33:09.000+07:00,2025-09-20T06:31:26.000+07:00,
470813,47120,ตำบลกุดเรือคำ,Tambon Kut Ruea Kham,4708,17.76,103.646,2019-08-09T03:33:09.000+07:00,2025-09-20T06:31:26.000+07:00,
470814,47120,ตำบลหนองแวงใต้,Tambon Nong Waeng Tai,4708,17.724,103.76,2019-08-09T03:33:09.000+07:00,2025-09-20T06:31:26.000+07:00,
470901,47250,ตำบลคำตากล้า,Tambon Kham Ta Kla,4709,17.834,103.754,2019-08-09T03:33:09.000+07:00,2025-09-20T06:31:26.000+07:00,
470902,47250,ตำบลหนองบัวสิม,Tambon Nong Bua Sim,4709,17.841,103.859,2019-08-09T03:33:09.000+07:00,2025-09-20T06:31:26.000+07:00,
470903,47250,ตำบลนาแต้,Tambon Na Tae,4709,17.866,103.699,2019-08-09T03:33:09.000+07:00,2025-09-20T06:31:26.000+07:00,
470904,47250,ตำบลแพด,Tambon Phaet,4709,17.775,103.842,2019-08-09T03:33:09.000+07:00,2025-09-20T06:31:26.000+07:00,
471001,47140,ตำบลม่วง,Tambon Muang,4710,17.858,103.561,2019-08-09T03:33:09.000+07:00,2025-09-20T06:31:26.000+07:00,
471002,47140,ตำบลมาย,Tambon Mai,4710,17.855,103.48,2019-08-09T03:33:09.000+07:00,2025-09-20T06:31:26.000+07:00,
471003,47140,ตำบลดงหม้อทอง,Tambon Dong Mo Thong,4710,17.995,103.528,2019-08-09T03:33:09.000+07:00,2025-09-20T06:31:26.000+07:00,
471004,47140,ตำบลดงเหนือ,Tambon Dong Nuea,4710,17.985,103.584,2019-08-09T03:33:09.000+07:00,2025-09-20T06:31:26.000+07:00,
471005,47140,ตำบลดงหม้อทองใต้,Tambon Dong Mo Thong Tai,4710,17.932,103.441,2019-08-09T03:33:09.000+07:00,2025-09-20T06:31:26.000+07:00,
471006,47140,ตำบลห้วยหลัว,Tambon Huai Lua,4710,17.795,103.416,2019-08-09T03:33:09.000+07:00,2025-09-20T06:31:26.000+07:00,
471007,47140,ตำบลโนนสะอาด,Tambon Non Sa-at,4710,17.929,103.653,2019-08-09T03:33:09.000+07:00,2025-09-20T06:31:26.000+07:00,
471008,47140,ตำบลหนองกวั่ง,Tambon Nong Kwang,4710,17.796,103.487,2019-08-09T03:33:09.000+07:00,2025-09-20T06:31:26.000+07:00,
471009,47140,ตำบลบ่อแก้ว,Tambon Bo Kaeo,4710,17.863,103.626,2019-08-09T03:33:09.000+07:00,2025-09-20T06:31:26.000+07:00,
471101,47170,ตำบลอากาศ,Tambon Akat,4711,17.572,104.013,2019-08-09T03:33:09.000+07:00,2025-09-20T06:31:26.000+07:00,
471102,47170,ตำบลโพนแพง,Tambon Phon Phaeng,4711,17.538,103.956,2019-08-09T03:33:09.000+07:00,2025-09-20T06:31:26.000+07:00,
471103,47170,ตำบลวาใหญ่,Tambon Wa Yai,4711,17.63,103.926,2019-08-09T03:33:09.000+07:00,2025-09-20T06:31:26.000+07:00,
471104,47170,ตำบลโพนงาม,Tambon Phon Ngam,4711,17.757,104.006,2019-08-09T03:33:09.000+07:00,2025-09-20T06:31:26.000+07:00,
471105,47170,ตำบลท่าก้อน,Tambon Tha Kon,4711,17.759,103.961,2019-08-09T03:33:09.000+07:00,2025-09-20T06:31:26.000+07:00,
471106,47170,ตำบลนาฮี,Tambon Na Hi,4711,17.718,103.92,2019-08-09T03:33:09.000+07:00,2025-09-20T06:31:26.000+07:00,
471107,47170,ตำบลบะหว้า,Tambon Ba Wa,4711,17.495,103.987,2019-08-09T03:33:09.000+07:00,2025-09-20T06:31:26.000+07:00,
471108,47170,ตำบลสามัคคีพัฒนา,Tambon Samakkhi Phatthana,4711,17.669,104.019,2019-08-09T03:33:09.000+07:00,2025-09-20T06:31:26.000+07:00,
471201,47110,ตำบลสว่างแดนดิน,Tambon Sawang Daen Din,4712,17.448,103.462,2019-08-09T03:33:09.000+07:00,2025-09-20T06:31:26.000+07:00,
471203,47110,ตำบลคำสะอาด,Tambon Kham Sa-at,4712,17.511,103.351,2019-08-09T03:33:09.000+07:00,2025-09-20T06:31:26.000+07:00,
471204,47110,ตำบลบ้านต้าย,Tambon Ban Tai,4712,17.441,103.385,2019-08-09T03:33:09.000+07:00,2025-09-20T06:31:26.000+07:00,
471206,47110,ตำบลบงเหนือ,Tambon Bong Nuea,4712,17.319,103.301,2019-08-09T03:33:09.000+07:00,2025-09-20T06:31:26.000+07:00,
471207,47110,ตำบลโพนสูง,Tambon Phon Sung,4712,17.538,103.4,2019-08-09T03:33:09.000+07:00,2025-09-20T06:31:26.000+07:00,
471208,47110,ตำบลโคกสี,Tambon Khok Si,4712,17.605,103.446,2019-08-09T03:33:09.000+07:00,2025-09-20T06:31:26.000+07:00,
471210,47110,ตำบลหนองหลวง,Tambon Nong Luang,4712,17.377,103.383,2019-08-09T03:33:09.000+07:00,2025-09-20T06:31:26.000+07:00,
471211,47110,ตำบลบงใต้,Tambon Bong Tai,4712,17.422,103.327,2019-08-09T03:33:09.000+07:00,2025-09-20T06:31:26.000+07:00,
471212,47110,ตำบลค้อใต้,Tambon Kho Tai,4712,17.368,103.33,2019-08-09T03:33:09.000+07:00,2025-09-20T06:31:26.000+07:00,
471213,47240,ตำบลพันนา,Tambon Phan Na,4712,17.416,103.569,2019-08-09T03:33:09.000+07:00,2025-09-20T06:31:26.000+07:00,
471214,47240,ตำบลแวง,Tambon Waeng,4712,17.456,103.63,2019-08-09T03:33:09.000+07:00,2025-09-20T06:31:26.000+07:00,
471215,47110,ตำบลทรายมูล,Tambon Sai Mun,4712,17.47,103.526,2019-08-09T03:33:09.000+07:00,2025-09-20T06:31:26.000+07:00,
471216,47240,ตำบลตาลโกน,Tambon Tan Kon,4712,17.345,103.564,2019-08-09T03:33:09.000+07:00,2025-09-20T06:31:26.000+07:00,
471217,47240,ตำบลตาลเนิ้ง,Tambon Tan Noeng,4712,17.346,103.611,2019-08-09T03:33:09.000+07:00,2025-09-20T06:31:26.000+07:00,
471220,47240,ตำบลธาตุทอง,Tambon That Thong,4712,17.494,103.579,2019-08-09T03:33:09.000+07:00,2025-09-20T06:31:26.000+07:00,
471221,47110,ตำบลบ้านถ่อน,Tambon Ban Thon,4712,17.532,103.452,2019-08-09T03:33:09.000+07:00,2025-09-20T06:31:26.000+07:00,
471301,47190,ตำบลส่องดาว,Tambon Song Dao,4713,17.35,103.449,2019-08-09T03:33:09.000+07:00,2025-09-20T06:31:26.000+07:00,
471302,47190,ตำบลท่าศิลา,Tambon Tha Sila,4713,17.284,103.387,2019-08-09T03:33:09.000+07:00,2025-09-20T06:31:26.000+07:00,
471303,47190,ตำบลวัฒนา,Tambon Watthana,4713,17.362,103.54,2019-08-09T03:33:09.000+07:00,2025-09-20T06:31:26.000+07:00,
471304,47190,ตำบลปทุมวาปี,Tambon Pathum Wapi,4713,17.298,103.482,2019-08-09T03:33:09.000+07:00,2025-09-20T06:31:26.000+07:00,
471401,47260,ตำบลเต่างอย,Tambon Tao Ngoi,4714,16.944,104.242,2019-08-09T03:33:09.000+07:00,2025-09-20T06:31:26.000+07:00,
471402,47260,ตำบลบึงทวาย,Tambon Bueng Thawai,4714,17.034,104.157,2019-08-09T03:33:09.000+07:00,2025-09-20T06:31:26.000+07:00,
471403,47260,ตำบลนาตาล,Tambon Na Tan,4714,16.973,104.116,2019-08-09T03:33:09.000+07:00,2025-09-20T06:31:26.000+07:00,
471404,47260,ตำบลจันทร์เพ็ญ,Tambon Chan Phen,4714,16.925,104.155,2019-08-09T03:33:09.000+07:00,2025-09-20T06:31:26.000+07:00,
471501,47280,ตำบลตองโขบ,Tambon Tong Khop,4715,17.01,104.257,2019-08-09T03:33:09.000+07:00,2025-09-20T06:31:26.000+07:00,
471502,47280,ตำบลเหล่าโพนค้อ,Tambon Lao Phon Kho,4715,17.0,104.331,2019-08-09T03:33:09.000+07:00,2025-09-20T06:31:26.000+07:00,
471503,47280,ตำบลด่านม่วงคำ,Tambon Dan Muang Kham,4715,17.096,104.32,2019-08-09T03:33:09.000+07:00,2025-09-20T06:31:26.000+07:00,
471504,47280,ตำบลแมดนาท่ม,Tambon Maet Na Thom,4715,17.045,104.347,2019-08-09T03:33:09.000+07:00,2025-09-20T06:31:26.000+07:00,
471601,47290,ตำบลบ้านเหล่า,Tambon Ban Lao,4716,17.699,103.524,2019-08-09T03:33:09.000+07:00,2025-09-20T06:31:26.000+07:00,
471602,47290,ตำบลเจริญศิลป์,Tambon Charoen Sin,4716,17.568,103.561,2019-08-09T03:33:09.000+07:00,2025-09-20T06:31:26.000+07:00,
471603,47290,ตำบลทุ่งแก,Tambon Thung Kae,4716,17.602,103.528,2019-08-09T03:33:09.000+07:00,2025-09-20T06:31:26.000+07:00,
471604,47290,ตำบลโคกศิลา,Tambon Khok Sila,4716,17.536,103.605,2019-08-09T03:33:09.000+07:00,2025-09-20T06:31:26.000+07:00,
471605,47290,ตำบลหนองแปน,Tambon Nong Paen,4716,17.706,103.443,2019-08-09T03:33:09.000+07:00,2025-09-20T06:31:26.000+07:00,
471701,47230,ตำบลบ้านโพน,Tambon Ban Phon,4717,17.219,104.375,2019-08-09T03:33:09.000+07:00,2025-09-20T06:31:26.000+07:00,
471702,47230,ตำบลนาแก้ว,Tambon Na Kaeo,4717,17.268,104.239,2019-08-09T03:33:09.000+07:00,2025-09-20T06:31:26.000+07:00,
471703,47230,ตำบลนาตงวัฒนา,Tambon Na Tong Watthana,4717,17.242,104.341,2019-08-09T03:33:09.000+07:00,2025-09-20T06:31:26.000+07:00,
471704,47230,ตำบลบ้านแป้น,Tambon Ban Paen,4717,17.196,104.234,2019-08-09T03:33:09.000+07:00,2025-09-20T06:31:26.000+07:00,
471705,47230,ตำบลเชียงสือ,Tambon Chiang Sue,4717,17.137,104.361,2019-08-09T03:33:09.000+07:00,2025-09-20T06:31:26.000+07:00,
471801,47180,ตำบลสร้างค้อ,Tambon Sang Kho,4718,16.883,103.918,2019-08-09T03:33:09.000+07:00,2025-09-20T06:31:26.000+07:00,
471802,47180,ตำบลหลุบเลา,Tambon Lup Lao,4718,16.881,104.022,2019-08-09T03:33:09.000+07:00,2025-09-20T06:31:26.000+07:00,
471803,47180,ตำบลโคกภู,Tambon Khok Phu,4718,16.972,103.859,2019-08-09T03:33:09.000+07:00,2025-09-20T06:31:26.000+07:00,
471804,47180,ตำบลกกปลาซิว,Tambon Kok Pla Sio,4718,16.969,104.042,2019-08-09T03:33:09.000+07:00,2025-09-20T06:31:26.000+07:00,
480101,48000,ตำบลในเมือง,Tambon Nai Mueang,4801,17.409,104.781,2019-08-09T03:33:09.000+07:00,2025-09-20T06:31:26.000+07:00,
480102,48000,ตำบลหนองแสง,Tambon Nong Saeng,4801,,,2019-08-09T03:33:09.000+07:00,2025-09-20T06:31:26.000+07:00,
480103,48000,ตำบลนาทราย,Tambon Na Sai,4801,17.401,104.65,2019-08-09T03:33:09.000+07:00,2025-09-20T06:31:26.000+07:00,
480104,48000,ตำบลนาราชควาย,Tambon Na Rat Khwai,4801,17.416,104.707,2019-08-09T03:33:09.000+07:00,2025-09-20T06:31:26.000+07:00,
480105,48000,ตำบลกุรุคุ,Tambon Kurukhu,4801,17.338,104.545,2019-08-09T03:33:09.000+07:00,2025-09-20T06:31:26.000+07:00,
480106,48000,ตำบลบ้านผึ้ง,Tambon Ban Phueng,4801,17.336,104.631,2019-08-09T03:33:09.000+07:00,2025-09-20T06:31:26.000+07:00,
480107,48000,ตำบลอาจสามารถ,Tambon At Samat,4801,17.461,104.725,2019-08-09T03:33:09.000+07:00,2025-09-20T06:31:26.000+07:00,
480108,48000,ตำบลขามเฒ่า,Tambon Kham Thao,4801,17.263,104.764,2019-08-09T03:33:09.000+07:00,2025-09-20T06:31:26.000+07:00,
480109,48000,ตำบลบ้านกลาง,Tambon Ban Klang,4801,17.157,104.784,2019-08-09T03:33:09.000+07:00,2025-09-20T06:31:26.000+07:00,
480110,48000,ตำบลท่าค้อ,Tambon Tha Kho,4801,17.316,104.746,2019-08-09T03:33:09.000+07:00,2025-09-20T06:31:26.000+07:00,
480111,48000,ตำบลคำเตย,Tambon Kham Toei,4801,17.21,104.709,2019-08-09T03:33:09.000+07:00,2025-09-20T06:31:26.000+07:00,
480112,48000,ตำบลหนองญาติ,Tambon Nong Yat,4801,17.342,104.732,2019-08-09T03:33:09.000+07:00,2025-09-20T06:31:26.000+07:00,
480113,48000,ตำบลดงขวาง,Tambon Dong Khwang,4801,17.207,104.782,2019-08-09T03:33:09.000+07:00,2025-09-20T06:31:26.000+07:00,
480114,48000,ตำบลวังตามัว,Tambon Wang Ta Mua,4801,17.312,104.492,2019-08-09T03:33:09.000+07:00,2025-09-20T06:31:26.000+07:00,
480115,48000,ตำบลโพธิ์ตาก,Tambon Pho Tak,4801,17.344,104.69,2019-08-09T03:33:09.000+07:00,2025-09-20T06:31:26.000+07:00,
480201,48160,ตำบลปลาปาก,Tambon Pla Pak,4802,17.197,104.515,2019-08-09T03:33:09.000+07:00,2025-09-20T06:31:26.000+07:00,
480202,48160,ตำบลหนองฮี,Tambon Nong Hi,4802,17.128,104.587,2019-08-09T03:33:09.000+07:00,2025-09-20T06:31:26.000+07:00,
480203,48160,ตำบลกุตาไก้,Tambon Kutakai,4802,17.217,104.608,2019-08-09T03:33:09.000+07:00,2025-09-20T06:31:26.000+07:00,
480204,48160,ตำบลโคกสว่าง,Tambon Khok Sawan,4802,17.145,104.465,2019-08-09T03:33:09.000+07:00,2025-09-20T06:31:26.000+07:00,
480205,48160,ตำบลโคกสูง,Tambon Khok Sung,4802,17.178,104.413,2019-08-09T03:33:09.000+07:00,2025-09-20T06:31:26.000+07:00,
480206,48160,ตำบลมหาชัย,Tambon Maha Chai,4802,17.247,104.492,2019-08-09T03:33:09.000+07:00,2025-09-20T06:31:26.000+07:00,
480207,48160,ตำบลนามะเขือ,Tambon Na Makhuea,4802,17.273,104.654,2019-08-09T03:33:09.000+07:00,2025-09-20T06:31:26.000+07:00,
480208,48160,ตำบลหนองเทาใหญ่,Tambon Nong Thao Yai,4802,17.121,104.523,2019-08-09T03:33:09.000+07:00,2025-09-20T06:31:26.000+07:00,
480301,48120,ตำบลท่าอุเทน,Tambon Tha Uthen,4803,17.576,104.591,2019-08-09T03:33:09.000+07:00,2025-09-20T06:31:26.000+07:00,
480302,48120,ตำบลโนนตาล,Tambon Non Tan,4803,17.534,104.598,2019-08-09T03:33:09.000+07:00,2025-09-20T06:31:26.000+07:00,
480303,48120,ตำบลท่าจำปา,Tambon Tha Champa,4803,17.592,104.494,2019-08-09T03:33:09.000+07:00,2025-09-20T06:31:26.000+07:00,
480304,48120,ตำบลไชยบุรี,Tambon Chai Buri,4803,17.636,104.433,2019-08-09T03:33:09.000+07:00,2025-09-20T06:31:26.000+07:00,
480305,48120,ตำบลพนอม,Tambon Phanom,4803,17.697,104.393,2019-08-09T03:33:09.000+07:00,2025-09-20T06:31:26.000+07:00,
480306,48120,ตำบลพะทาย,Tambon Phathai,4803,17.756,104.316,2019-08-09T03:33:09.000+07:00,2025-09-20T06:31:26.000+07:00,
480311,48120,ตำบลเวินพระบาท,Tambon Woen Phra Bat,4803,17.509,104.676,2019-08-09T03:33:09.000+07:00,2025-09-20T06:31:26.000+07:00,
480312,48120,ตำบลรามราช,Tambon Ram Rat,4803,17.468,104.635,2019-08-09T03:33:09.000+07:00,2025-09-20T06:31:26.000+07:00,
480314,48120,ตำบลหนองเทา,Tambon Nong Thao,4803,17.783,104.352,2019-08-09T03:33:09.000+07:00,2025-09-20T06:31:26.000+07:00,
480401,48140,ตำบลบ้านแพง,Tambon Ban Phaeng,4804,17.967,104.215,2019-08-09T03:33:09.000+07:00,2025-09-20T06:31:26.000+07:00,
480402,48140,ตำบลไผ่ล้อม,Tambon Phai Lom,4804,17.989,104.154,2019-08-09T03:33:09.000+07:00,2025-09-20T06:31:26.000+07:00,
480403,48140,ตำบลโพนทอง,Tambon Phon Thong,4804,17.876,104.217,2019-08-09T03:33:09.000+07:00,2025-09-20T06:31:26.000+07:00,
480404,48140,ตำบลหนองแวง,Tambon Nong Waeng,4804,17.785,104.233,2019-08-09T03:33:09.000+07:00,2025-09-20T06:31:26.000+07:00,
480408,48140,ตำบลนางัว,Tambon Na Ngua,4804,17.943,104.182,2019-08-09T03:33:09.000+07:00,2025-09-20T06:31:26.000+07:00,
480409,48140,ตำบลนาเข,Tambon Na Khe,4804,,,2019-08-09T03:33:09.000+07:00,2025-09-20T06:31:26.000+07:00,
480501,48110,ตำบลธาตุพนม,Tambon That Phanom,4805,16.939,104.72,2019-08-09T03:33:09.000+07:00,2025-09-20T06:31:26.000+07:00,
480502,48110,ตำบลฝั่งแดง,Tambon Fang Daeng,4805,16.914,104.675,2019-08-09T03:33:09.000+07:00,2025-09-20T06:31:26.000+07:00,
480503,48110,ตำบลโพนแพง,Tambon Phon Phaeng,4805,17.148,104.695,2019-08-09T03:33:09.000+07:00,2025-09-20T06:31:26.000+07:00,
480504,48110,ตำบลพระกลางทุ่ง,Tambon Phra Klang Thung,4805,16.986,104.699,2019-08-09T03:33:09.000+07:00,2025-09-20T06:31:26.000+07:00,
480505,48110,ตำบลนาถ่อน,Tambon Na Thon,4805,17.137,104.744,2019-08-09T03:33:09.000+07:00,2025-09-20T06:31:26.000+07:00,
480506,48110,ตำบลแสนพัน,Tambon Saen Phan,4805,17.066,104.749,2019-08-09T03:33:09.000+07:00,2025-09-20T06:31:26.000+07:00,
480507,48110,ตำบลดอนนางหงส์,Tambon Don Nang Hong,4805,17.097,104.743,2019-08-09T03:33:09.000+07:00,2025-09-20T06:31:26.000+07:00,
480508,48110,ตำบลน้ำก่ำ,Tambon Nam Kam,4805,16.872,104.723,2019-08-09T03:33:09.000+07:00,2025-09-20T06:31:26.000+07:00,
480509,48110,ตำบลอุ่มเหม้า,Tambon Um Mao,4805,16.839,104.67,2019-08-09T03:33:09.000+07:00,2025-09-20T06:31:26.000+07:00,
480510,48110,ตำบลนาหนาด,Tambon Na Nat,4805,16.915,104.654,2019-08-09T03:33:09.000+07:00,2025-09-20T06:31:26.000+07:00,
480511,48110,ตำบลกุดฉิม,Tambon Kut Chim,4805,17.059,104.726,2019-08-09T03:33:09.000+07:00,2025-09-20T06:31:26.000+07:00,
480512,48110,ตำบลธาตุพนมเหนือ,Tambon That Phanom Nuea,4805,16.975,104.667,2019-08-09T03:33:09.000+07:00,2025-09-20T06:31:26.000+07:00,
480601,48170,ตำบลเรณู,Tambon Renu,4806,17.081,104.644,2019-08-09T03:33:09.000+07:00,2025-09-20T06:31:26.000+07:00,
480602,48170,ตำบลโพนทอง,Tambon Phon Thong,4806,17.068,104.697,2019-08-09T03:33:09.000+07:00,2025-09-20T06:31:26.000+07:00,
480603,48170,ตำบลท่าลาด,Tambon Tha Lat,4806,17.007,104.589,2019-08-09T03:33:09.000+07:00,2025-09-20T06:31:26.000+07:00,
480604,48170,ตำบลนางาม,Tambon Na Ngam,4806,17.106,104.672,2019-08-09T03:33:09.000+07:00,2025-09-20T06:31:26.000+07:00,
480605,48170,ตำบลโคกหินแฮ่,Tambon Khok Hin Hae,4806,17.046,104.628,2019-08-09T03:33:09.000+07:00,2025-09-20T06:31:26.000+07:00,
480607,48170,ตำบลหนองย่างชิ้น,Tambon Nong Yang Chin,4806,17.019,104.698,2019-08-09T03:33:09.000+07:00,2025-09-20T06:31:26.000+07:00,
480608,48170,ตำบลเรณูใต้,Tambon Renu Tai,4806,17.019,104.66,2019-08-09T03:33:09.000+07:00,2025-09-20T06:31:26.000+07:00,
480609,48170,ตำบลนาขาม,Tambon Na Kham,4806,16.984,104.63,2019-08-09T03:33:09.000+07:00,2025-09-20T06:31:26.000+07:00,
480701,48130,ตำบลนาแก,Tambon Na Kae,4807,16.897,104.495,2019-08-09T03:33:09.000+07:00,2025-09-20T06:31:26.000+07:00,
480702,48130,ตำบลพระซอง,Tambon Phra Song,4807,17.021,104.551,2019-08-09T03:33:09.000+07:00,2025-09-20T06:31:26.000+07:00,
480703,48130,ตำบลหนองสังข์,Tambon Nong Sang,4807,16.989,104.468,2019-08-09T03:33:09.000+07:00,2025-09-20T06:31:26.000+07:00,
480704,48130,ตำบลนาคู่,Tambon Na Khu,4807,16.978,104.539,2019-08-09T03:33:09.000+07:00,2025-09-20T06:31:26.000+07:00,
480705,48130,ตำบลพิมาน,Tambon Phiman,4807,16.909,104.54,2019-08-09T03:33:09.000+07:00,2025-09-20T06:31:26.000+07:00,
480706,48130,ตำบลพุ่มแก,Tambon Phum Kae,4807,16.911,104.621,2019-08-09T03:33:09.000+07:00,2025-09-20T06:31:26.000+07:00,
480707,48130,ตำบลก้านเหลือง,Tambon Kan Lueang,4807,16.897,104.383,2019-08-09T03:33:09.000+07:00,2025-09-20T06:31:26.000+07:00,
480708,48130,ตำบลหนองบ่อ,Tambon Nong Bo,4807,16.932,104.322,2019-08-09T03:33:09.000+07:00,2025-09-20T06:31:26.000+07:00,
480709,48130,ตำบลนาเลียง,Tambon Na Liang,4807,17.063,104.551,2019-08-09T03:33:09.000+07:00,2025-09-20T06:31:26.000+07:00,
480712,48130,ตำบลบ้านแก้ง,Tambon Ban Kaeng,4807,16.918,104.446,2019-08-09T03:33:09.000+07:00,2025-09-20T06:31:26.000+07:00,
480713,48130,ตำบลคำพี้,Tambon Kham Phi,4807,16.937,104.369,2019-08-09T03:33:09.000+07:00,2025-09-20T06:31:26.000+07:00,
480715,48130,ตำบลสีชมพู,Tambon Si Chomphu,4807,16.918,104.575,2019-08-09T03:33:09.000+07:00,2025-09-20T06:31:26.000+07:00,
480801,48150,ตำบลศรีสงคราม,Tambon Si Songkhram,4808,17.641,104.289,2019-08-09T03:33:09.000+07:00,2025-09-20T06:31:26.000+07:00,
480802,48150,ตำบลนาเดื่อ,Tambon Na Duea,4808,17.555,104.333,2019-08-09T03:33:09.000+07:00,2025-09-20T06:31:26.000+07:00,
480803,48150,ตำบลบ้านเอื้อง,Tambon Ban Ueang,4808,17.548,104.232,2019-08-09T03:33:09.000+07:00,2025-09-20T06:31:26.000+07:00,
480804,48150,ตำบลสามผง,Tambon Sam Phong,4808,17.73,104.164,2019-08-09T03:33:09.000+07:00,2025-09-20T06:31:26.000+07:00,
480805,48150,ตำบลท่าบ่อสงคราม,Tambon Tha Bo Songkhram,4808,17.633,104.196,2019-08-09T03:33:09.000+07:00,2025-09-20T06:31:26.000+07:00,
480806,48150,ตำบลบ้านข่า,Tambon Ban Kha,4808,17.666,104.121,2019-08-09T03:33:09.000+07:00,2025-09-20T06:31:26.000+07:00,
480807,48150,ตำบลนาคำ,Tambon Na Kham,4808,17.619,104.354,2019-08-09T03:33:09.000+07:00,2025-09-20T06:31:26.000+07:00,
480808,48150,ตำบลโพนสว่าง,Tambon Phon Sawang,4808,17.542,104.167,2019-08-09T03:33:09.000+07:00,2025-09-20T06:31:26.000+07:00,
480809,48150,ตำบลหาดแพง,Tambon Hat Phaeng,4808,17.712,104.3,2019-08-09T03:33:09.000+07:00,2025-09-20T06:31:26.000+07:00,
480901,48180,ตำบลนาหว้า,Tambon Na Wa,4809,17.471,104.06,2019-08-09T03:33:09.000+07:00,2025-09-20T06:31:26.000+07:00,
480902,48180,ตำบลนางัว,Tambon Na Ngua,4809,17.424,104.071,2019-08-09T03:33:09.000+07:00,2025-09-20T06:31:26.000+07:00,
480903,48180,ตำบลบ้านเสียว,Tambon Ban Siao,4809,17.554,104.082,2019-08-09T03:33:09.000+07:00,2025-09-20T06:31:26.000+07:00,
480904,48180,ตำบลนาคูณใหญ่,Tambon Na Khun Yai,4809,17.507,104.145,2019-08-09T03:33:09.000+07:00,2025-09-20T06:31:26.000+07:00,
480905,48180,ตำบลเหล่าพัฒนา,Tambon Lao Phatthana,4809,17.617,104.07,2019-08-09T03:33:09.000+07:00,2025-09-20T06:31:26.000+07:00,
480906,48180,ตำบลท่าเรือ,Tambon Tha Ruea,4809,17.503,104.052,2019-08-09T03:33:09.000+07:00,2025-09-20T06:31:26.000+07:00,
481001,48190,ตำบลโพนสวรรค์,Tambon Phon Sawan,4810,17.444,104.504,2019-08-09T03:33:09.000+07:00,2025-09-20T06:31:26.000+07:00,
481002,48190,ตำบลนาหัวบ่อ,Tambon Na Hua Bo,4810,17.482,104.368,2019-08-09T03:33:09.000+07:00,2025-09-20T06:31:26.000+07:00,
481003,48190,ตำบลนาขมิ้น,Tambon Na Khamin,4810,17.523,104.513,2019-08-09T03:33:09.000+07:00,2025-09-20T06:31:26.000+07:00,
481004,48190,ตำบลโพนบก,Tambon Phon Bok,4810,,,2019-08-09T03:33:09.000+07:00,2025-09-20T06:31:26.000+07:00,
481005,48190,ตำบลบ้านค้อ,Tambon Ban Kho,4810,17.473,104.264,2019-08-09T03:33:09.000+07:00,2025-09-20T06:31:26.000+07:00,
481006,48190,ตำบลโพนจาน,Tambon Phon Chan,4810,17.409,104.424,2019-08-09T03:33:09.000+07:00,2025-09-20T06:31:26.000+07:00,
481007,48190,ตำบลนาใน,Tambon Na Nai,4810,,,2019-08-09T03:33:09.000+07:00,2025-09-20T06:31:26.000+07:00,
481101,48140,ตำบลนาทม,Tambon Na Thom,4811,17.845,104.037,2019-08-09T03:33:09.000+07:00,2025-09-20T06:31:26.000+07:00,
481102,48140,ตำบลหนองซน,Tambon Nong Son,4811,17.866,104.147,2019-08-09T03:33:09.000+07:00,2025-09-20T06:31:26.000+07:00,
481103,48140,ตำบลดอนเตย,Tambon Don Toei,4811,17.798,104.108,2019-08-09T03:33:09.000+07:00,2025-09-20T06:31:26.000+07:00,
481201,48130,ตำบลวังยาง,Tambon Wang Yang,4812,17.063,104.442,2019-08-09T03:33:09.000+07:00,2025-09-20T06:31:26.000+07:00,
481202,48130,ตำบลโคกสี,Tambon Khok Si,4812,17.081,104.387,2019-08-09T03:33:09.000+07:00,2025-09-20T06:31:26.000+07:00,
481203,48130,ตำบลยอดชาด,Tambon Yot Chat,4812,17.065,104.482,2019-08-09T03:33:09.000+07:00,2025-09-20T06:31:26.000+07:00,
481204,48130,ตำบลหนองโพธิ์,Tambon Nong Pho,4812,17.091,104.491,2019-08-09T03:33:09.000+07:00,2025-09-20T06:31:26.000+07:00,
490101,49000,ตำบลมุกดาหาร,Tambon Mukdahan,4901,16.558,104.646,2019-08-09T03:33:09.000+07:00,2025-09-20T06:31:26.000+07:00,
490102,49000,ตำบลศรีบุญเรือง,Tambon Si Bun Rueang,4901,16.53,104.724,2019-08-09T03:33:09.000+07:00,2025-09-20T06:31:26.000+07:00,
490103,49000,ตำบลบ้านโคก,Tambon Ban Khok,4901,16.64,104.565,2019-08-09T03:33:09.000+07:00,2025-09-20T06:31:26.000+07:00,
490104,49000,ตำบลบางทรายใหญ่,Tambon Bang Sai Yai,4901,16.619,104.693,2019-08-09T03:33:09.000+07:00,2025-09-20T06:31:26.000+07:00,
490105,49000,ตำบลโพนทราย,Tambon Phon Sai,4901,16.541,104.584,2019-08-09T03:33:09.000+07:00,2025-09-20T06:31:26.000+07:00,
490106,49000,ตำบลผึ่งแดด,Tambon Phueng Daet,4901,16.631,104.476,2019-08-09T03:33:09.000+07:00,2025-09-20T06:31:26.000+07:00,
490107,49000,ตำบลนาโสก,Tambon Na Sok,4901,16.487,104.522,2019-08-09T03:33:09.000+07:00,2025-09-20T06:31:26.000+07:00,
490108,49000,ตำบลนาสีนวน,Tambon Na Si Nuan,4901,16.455,104.785,2019-08-09T03:33:09.000+07:00,2025-09-20T06:31:26.000+07:00,
490109,49000,ตำบลคำป่าหลาย,Tambon Kham Pa Lai,4901,16.711,104.621,2019-08-09T03:33:09.000+07:00,2025-09-20T06:31:26.000+07:00,
490110,49000,ตำบลคำอาฮวน,Tambon Kham Ahuan,4901,16.494,104.667,2019-08-09T03:33:09.000+07:00,2025-09-20T06:31:26.000+07:00,
490111,49000,ตำบลดงเย็น,Tambon Dong Yen,4901,16.371,104.697,2019-08-09T03:33:09.000+07:00,2025-09-20T06:31:26.000+07:00,
490112,49000,ตำบลดงมอน,Tambon Dong Mon,4901,16.687,104.5,2019-08-09T03:33:09.000+07:00,2025-09-20T06:31:26.000+07:00,
490113,49000,ตำบลกุดแข้,Tambon Kut Khae,4901,16.574,104.565,2019-08-09T03:33:09.000+07:00,2025-09-20T06:31:26.000+07:00,
490201,49130,ตำบลนิคมคำสร้อย,Tambon Nikhom Kham Soi,4902,16.306,104.582,2019-08-09T03:33:09.000+07:00,2025-09-20T06:31:26.000+07:00,
490202,49130,ตำบลนากอก,Tambon Na Kok,4902,16.346,104.614,2019-08-09T03:33:09.000+07:00,2025-09-20T06:31:26.000+07:00,
490203,49130,ตำบลหนองแวง,Tambon Nong Waeng,4902,16.412,104.605,2019-08-09T03:33:09.000+07:00,2025-09-20T06:31:26.000+07:00,
490204,49130,ตำบลกกแดง,Tambon Kok Daeng,4902,16.41,104.505,2019-08-09T03:33:09.000+07:00,2025-09-20T06:31:26.000+07:00,
490205,49130,ตำบลนาอุดม,Tambon Na Udom,4902,16.274,104.615,2019-08-09T03:33:09.000+07:00,2025-09-20T06:31:26.000+07:00,
490206,49130,ตำบลโชคชัย,Tambon Chok Chai,4902,16.358,104.499,2019-08-09T03:33:09.000+07:00,2025-09-20T06:31:26.000+07:00,
490207,49130,ตำบลร่มเกล้า,Tambon Rom Klao,4902,16.381,104.437,2019-08-09T03:33:09.000+07:00,2025-09-20T06:31:26.000+07:00,
490301,49120,ตำบลดอนตาล,Tambon Don Tan,4903,16.299,104.905,2019-08-09T03:33:09.000+07:00,2025-09-20T06:31:26.000+07:00,
490302,49120,ตำบลโพธิ์ไทร,Tambon Pho Sai,4903,16.376,104.862,2019-08-09T03:33:09.000+07:00,2025-09-20T06:31:26.000+07:00,
490303,49120,ตำบลป่าไร่,Tambon Pa Rai,4903,16.254,104.701,2019-08-09T03:33:09.000+07:00,2025-09-20T06:31:26.000+07:00,
490304,49120,ตำบลเหล่าหมี,Tambon Lao Mi,4903,16.346,104.781,2019-08-09T03:33:09.000+07:00,2025-09-20T06:31:26.000+07:00,
490305,49120,ตำบลบ้านบาก,Tambon Ban Bak,4903,16.232,104.852,2019-08-09T03:33:09.000+07:00,2025-09-20T06:31:26.000+07:00,
490306,49120,ตำบลนาสะเม็ง,Tambon Na Sameng,4903,16.287,104.837,2019-08-09T03:33:09.000+07:00,2025-09-20T06:31:26.000+07:00,
490307,49120,ตำบลบ้านแก้ง,Tambon Ban Kaeng,4903,16.41,104.814,2019-08-09T03:33:09.000+07:00,2025-09-20T06:31:26.000+07:00,
490401,49140,ตำบลดงหลวง,Tambon Dong Luang,4904,16.818,104.523,2019-08-09T03:33:09.000+07:00,2025-09-20T06:31:26.000+07:00,
490402,49140,ตำบลหนองบัว,Tambon Nong Bua,4904,16.811,104.568,2019-08-09T03:33:09.000+07:00,2025-09-20T06:31:26.000+07:00,
490403,49140,ตำบลกกตูม,Tambon Kok Tum,4904,16.792,104.196,2019-08-09T03:33:09.000+07:00,2025-09-20T06:31:26.000+07:00,
490404,49140,ตำบลหนองแคน,Tambon Nong Khaen,4904,16.76,104.492,2019-08-09T03:33:09.000+07:00,2025-09-20T06:31:26.000+07:00,
490405,49140,ตำบลชะโนดน้อย,Tambon Chanot Noi,4904,16.805,104.618,2019-08-09T03:33:09.000+07:00,2025-09-20T06:31:26.000+07:00,
490406,49140,ตำบลพังแดง,Tambon Phang Daeng,4904,16.797,104.373,2019-08-09T03:33:09.000+07:00,2025-09-20T06:31:26.000+07:00,
490503,49110,ตำบลบ้านซ่ง,Tambon Ban Song,4905,,,2019-08-09T03:33:09.000+07:00,2025-09-20T06:31:26.000+07:00,
490504,49110,ตำบลคำชะอี,Tambon Khamcha-i,4905,16.589,104.279,2019-08-09T03:33:09.000+07:00,2025-09-20T06:31:26.000+07:00,
490505,49110,ตำบลหนองเอี่ยน,Tambon (Nong Ian,4905,16.616,104.453,2019-08-09T03:33:09.000+07:00,2025-09-20T06:31:26.000+07:00,
490506,49110,ตำบลบ้านค้อ,Tambon Ban Kho,4905,16.701,104.352,2019-08-09T03:33:09.000+07:00,2025-09-20T06:31:26.000+07:00,
490507,49110,ตำบลบ้านเหล่า,Tambon Ban Lao,4905,16.686,104.282,2019-08-09T03:33:09.000+07:00,2025-09-20T06:31:26.000+07:00,
490508,49110,ตำบลโพนงาม,Tambon Phon Ngam,4905,16.675,104.435,2019-08-09T03:33:09.000+07:00,2025-09-20T06:31:26.000+07:00,
490511,49110,ตำบลเหล่าสร้างถ่อ,Tambon Lao Sang Tho,4905,16.561,104.492,2019-08-09T03:33:09.000+07:00,2025-09-20T06:31:26.000+07:00,
490512,49110,ตำบลคำบก,Tambon Kham Bok,4905,16.499,104.411,2019-08-09T03:33:09.000+07:00,2025-09-20T06:31:26.000+07:00,
490514,49110,ตำบลน้ำเที่ยง,Tambon Nam Thiang,4905,16.569,104.398,2019-08-09T03:33:09.000+07:00,2025-09-20T06:31:26.000+07:00,
490601,49150,ตำบลหว้านใหญ่,Tambon Wan Yai,4906,,,2019-08-09T03:33:09.000+07:00,2025-09-20T06:31:26.000+07:00,
490602,49150,ตำบลป่งขาม,Tambon Pong Kham,4906,,,2019-08-09T03:33:09.000+07:00,2025-09-20T06:31:26.000+07:00,
490603,49150,ตำบลบางทรายน้อย,Tambon Bang Sai Noi,4906,,,2019-08-09T03:33:09.000+07:00,2025-09-20T06:31:26.000+07:00,
490604,49150,ตำบลชะโนด,Tambon Chanot,4906,,,2019-08-09T03:33:09.000+07:00,2025-09-20T06:31:26.000+07:00,
490605,49150,ตำบลดงหมู,Tambon Dong Mu,4906,,,2019-08-09T03:33:09.000+07:00,2025-09-20T06:31:26.000+07:00,
490701,49160,ตำบลหนองสูง,Tambon Nong Sung,4907,16.459,104.361,2019-08-09T03:33:09.000+07:00,2025-09-20T06:31:26.000+07:00,
490702,49160,ตำบลโนนยาง,Tambon Non Yang,4907,16.49,104.278,2019-08-09T03:33:09.000+07:00,2025-09-20T06:31:26.000+07:00,
490703,49160,ตำบลภูวง,Tambon Phu Wong,4907,16.455,104.447,2019-08-09T03:33:09.000+07:00,2025-09-20T06:31:26.000+07:00,
490704,49160,ตำบลบ้านเป้า,Tambon Ban Pao,4907,16.41,104.337,2019-08-09T03:33:09.000+07:00,2025-09-20T06:31:26.000+07:00,
490705,49160,ตำบลหนองสูงใต้,Tambon Nong Sung Tai,4907,16.388,104.382,2019-08-09T03:33:09.000+07:00,2025-09-20T06:31:26.000+07:00,
490706,49160,ตำบลหนองสูงเหนือ,Tambon Nong Sung Nuea,4907,16.491,104.36,2019-08-09T03:33:09.000+07:00,2025-09-20T06:31:26.000+07:00,
500101,50200,ตำบลศรีภูมิ,Tambon Si Phum,5001,18.796,98.985,2019-08-09T03:33:09.000+07:00,2025-09-20T06:31:26.000+07:00,
500102,50200,ตำบลพระสิงห์,Tambon Phra Sing,5001,18.785,98.985,2019-08-09T03:33:09.000+07:00,2025-09-20T06:31:26.000+07:00,
500103,50100,ตำบลหายยา,Tambon Haiya,5001,18.777,98.984,2019-08-09T03:33:09.000+07:00,2025-09-20T06:31:26.000+07:00,
500104,50300,ตำบลช้างม่อย,Tambon Chang Moi,5001,18.796,98.996,2019-08-09T03:33:09.000+07:00,2025-09-20T06:31:26.000+07:00,
500105,50100,ตำบลช้างคลาน,Tambon Chang Khlan,5001,18.774,98.996,2019-08-09T03:33:09.000+07:00,2025-09-20T06:31:26.000+07:00,
500106,50000,ตำบลวัดเกต,Tambon Wat Ket,5001,18.785,99.011,2019-08-09T03:33:09.000+07:00,2025-09-20T06:31:26.000+07:00,
500107,50300,ตำบลช้างเผือก,Tambon Chang Phueak,5001,18.821,98.969,2019-08-09T03:33:09.000+07:00,2025-09-20T06:31:26.000+07:00,
500108,50200,ตำบลสุเทพ,Tambon Suthep,5001,18.768,98.921,2019-08-09T03:33:09.000+07:00,2025-09-20T06:31:26.000+07:00,
500109,50100,ตำบลแม่เหียะ,Tambon Mae Hia,5001,,,2019-08-09T03:33:09.000+07:00,2025-09-20T06:31:26.000+07:00,
500110,50100,ตำบลป่าแดด,Tambon Pa Daet,5001,18.742,98.978,2019-08-09T03:33:09.000+07:00,2025-09-20T06:31:26.000+07:00,
500111,50000,ตำบลหนองหอย,Tambon Nong Hoi,5001,18.758,99.015,2019-08-09T03:33:09.000+07:00,2025-09-20T06:31:26.000+07:00,
500112,50000,ตำบลท่าศาลา,Tambon Tha Sala,5001,18.77,99.034,2019-08-09T03:33:09.000+07:00,2025-09-20T06:31:26.000+07:00,
500113,50000,ตำบลหนองป่าครั่ง,Tambon Nong Pa Khrang,5001,18.788,99.034,2019-08-09T03:33:09.000+07:00,2025-09-20T06:31:26.000+07:00,
500114,50000,ตำบลฟ้าฮ่าม,Tambon Fa Ham,5001,18.816,99.008,2019-08-09T03:33:09.000+07:00,2025-09-20T06:31:26.000+07:00,
500115,50300,ตำบลป่าตัน,Tambon Pa Tan,5001,18.811,98.999,2019-08-09T03:33:09.000+07:00,2025-09-20T06:31:26.000+07:00,
500116,50300,ตำบลสันผีเสื้อ,Tambon San Phi Suea,5001,18.841,98.998,2019-08-09T03:33:09.000+07:00,2025-09-20T06:31:26.000+07:00,
500203,50160,ตำบลบ้านหลวง,Tambon Ban Luang,5002,18.502,98.6,2019-08-09T03:33:09.000+07:00,2025-09-20T06:31:26.000+07:00,
500204,50160,ตำบลข่วงเปา,Tambon Khuang Pao,5002,18.472,98.726,2019-08-09T03:33:09.000+07:00,2025-09-20T06:31:26.000+07:00,
500205,50160,ตำบลสบเตี๊ยะ,Tambon Sop Tia,5002,18.352,98.668,2019-08-09T03:33:09.000+07:00,2025-09-20T06:31:26.000+07:00,
500206,50240,ตำบลบ้านแปะ,Tambon Ban Pae,5002,18.256,98.565,2019-08-09T03:33:09.000+07:00,2025-09-20T06:31:26.000+07:00,
500207,50160,ตำบลดอยแก้ว,Tambon Doi Kaeo,5002,18.39,98.576,2019-08-09T03:33:09.000+07:00,2025-09-20T06:31:26.000+07:00,
500209,50240,ตำบลแม่สอย,Tambon Mae Soi,5002,18.222,98.721,2019-08-09T03:33:09.000+07:00,2025-09-20T06:31:26.000+07:00,
500301,50270,ตำบลช่างเคิ่ง,Tambon Chang Khoeng,5003,18.552,98.401,2019-08-09T03:33:09.000+07:00,2025-09-20T06:31:26.000+07:00,
500302,50270,ตำบลท่าผา,Tambon Tha Pha,5003,18.485,98.416,2019-08-09T03:33:09.000+07:00,2025-09-20T06:31:26.000+07:00,
500303,50270,ตำบลบ้านทับ,Tambon Ban Thap,5003,18.342,98.234,2019-08-09T03:33:09.000+07:00,2025-09-20T06:31:26.000+07:00,
500304,50270,ตำบลแม่ศึก,Tambon Mae Suek,5003,18.738,98.224,2019-08-09T03:33:09.000+07:00,2025-09-20T06:31:26.000+07:00,
500305,50270,ตำบลแม่นาจร,Tambon Mae Na Chon,5003,18.802,98.373,2019-08-09T03:33:09.000+07:00,2025-09-20T06:31:26.000+07:00,
500307,50270,ตำบลปางหินฝน,Tambon Pang Hin Fon,5003,18.451,98.136,2019-08-09T03:33:09.000+07:00,2025-09-20T06:31:26.000+07:00,
500308,50270,ตำบลกองแขก,Tambon Kong Khaek,5003,18.358,98.376,2019-08-09T03:33:09.000+07:00,2025-09-20T06:31:26.000+07:00,
500401,50170,ตำบลเชียงดาว,Tambon Chiang Dao,5004,19.389,98.947,2019-08-09T03:33:09.000+07:00,2025-09-20T06:31:26.000+07:00,
500402,50170,ตำบลเมืองนะ,Tambon Mueang Na,5004,19.312,98.939,2019-08-09T03:33:09.000+07:00,2025-09-20T06:31:26.000+07:00,
500403,50170,ตำบลเมืองงาย,Tambon Mueang Ngai,5004,19.477,98.833,2019-08-09T03:33:09.000+07:00,2025-09-20T06:31:26.000+07:00,
500404,50170,ตำบลแม่นะ,Tambon Mae Na,5004,19.687,98.9,2019-08-09T03:33:09.000+07:00,2025-09-20T06:31:26.000+07:00,
500405,50170,ตำบลเมืองคอง,Tambon Mueang Khong,5004,19.388,98.753,2019-08-09T03:33:09.000+07:00,2025-09-20T06:31:26.000+07:00,
500406,50170,ตำบลปิงโค้ง,Tambon Ping Khong,5004,19.507,99.066,2019-08-09T03:33:09.000+07:00,2025-09-20T06:31:26.000+07:00,
500407,50170,ตำบลทุ่งข้าวพวง,Tambon Thung Khao Phuang,5004,19.552,98.906,2019-08-09T03:33:09.000+07:00,2025-09-20T06:31:26.000+07:00,
500501,50220,ตำบลเชิงดอย,Tambon Choeng Doi,5005,18.899,99.17,2019-08-09T03:33:09.000+07:00,2025-09-20T06:31:26.000+07:00,
500502,50220,ตำบลสันปูเลย,Tambon San Pu Loei,5005,18.808,99.072,2019-08-09T03:33:09.000+07:00,2025-09-20T06:31:26.000+07:00,
500503,50220,ตำบลลวงเหนือ,Tambon Luang Nuea,5005,18.965,99.141,2019-08-09T03:33:09.000+07:00,2025-09-20T06:31:26.000+07:00,
500504,50220,ตำบลป่าป้อง,Tambon Pa Pong,5005,18.85,99.16,2019-08-09T03:33:09.000+07:00,2025-09-20T06:31:26.000+07:00,
500505,50220,ตำบลสง่าบ้าน,Tambon Sa-nga Ban,5005,18.832,99.12,2019-08-09T03:33:09.000+07:00,2025-09-20T06:31:26.000+07:00,
500506,50220,ตำบลป่าลาน,Tambon Pa Lan,5005,18.836,99.106,2019-08-09T03:33:09.000+07:00,2025-09-20T06:31:26.000+07:00,
500507,50220,ตำบลตลาดขวัญ,Tambon Talat Khwan,5005,18.841,99.088,2019-08-09T03:33:09.000+07:00,2025-09-20T06:31:26.000+07:00,
500508,50220,ตำบลสำราญราษฎร์,Tambon Samran Rat,5005,18.807,99.095,2019-08-09T03:33:09.000+07:00,2025-09-20T06:31:26.000+07:00,
500509,50220,ตำบลแม่คือ,Tambon Mae Khue,5005,18.782,99.101,2019-08-09T03:33:09.000+07:00,2025-09-20T06:31:26.000+07:00,
500510,50220,ตำบลตลาดใหญ่,Tambon Talat Yai,5005,18.81,99.127,2019-08-09T03:33:09.000+07:00,2025-09-20T06:31:26.000+07:00,
500511,50220,ตำบลแม่ฮ้อยเงิน,Tambon Mae Hoi Ngoen,5005,18.805,99.149,2019-08-09T03:33:09.000+07:00,2025-09-20T06:31:26.000+07:00,
500512,50220,ตำบลแม่โป่ง,Tambon Mae Pong,5005,18.847,99.196,2019-08-09T03:33:09.000+07:00,2025-09-20T06:31:26.000+07:00,
500513,50220,ตำบลป่าเมี่ยง,Tambon Pa Miang,5005,18.935,99.243,2019-08-09T03:33:09.000+07:00,2025-09-20T06:31:26.000+07:00,
500514,50220,ตำบลเทพเสด็จ,Tambon Thep Sadet,5005,18.956,99.326,2019-08-09T03:33:09.000+07:00,2025-09-20T06:31:26.000+07:00,
500601,50150,ตำบลสันมหาพน,Tambon San Maha Phon,5006,19.118,98.946,2019-08-09T03:33:09.000+07:00,2025-09-20T06:31:26.000+07:00,
500602,50150,ตำบลแม่แตง,Tambon Mae Taeng,5006,19.155,98.91,2019-08-09T03:33:09.000+07:00,2025-09-20T06:31:26.000+07:00,
500603,50150,ตำบลขี้เหล็ก,Tambon Khilek,5006,19.071,98.916,2019-08-09T03:33:09.000+07:00,2025-09-20T06:31:26.000+07:00,
500604,50150,ตำบลช่อแล,Tambon Cho Lae,5006,19.144,99.024,2019-08-09T03:33:09.000+07:00,2025-09-20T06:31:26.000+07:00,
500605,50150,ตำบลแม่หอพระ,Tambon Mae Ho Phra,5006,19.117,99.072,2019-08-09T03:33:09.000+07:00,2025-09-20T06:31:26.000+07:00,
500606,50150,ตำบลสบเปิง,Tambon Sop Poeng,5006,19.104,98.81,2019-08-09T03:33:09.000+07:00,2025-09-20T06:31:26.000+07:00,
500607,50150,ตำบลบ้านเป้า,Tambon Ban Pao,5006,19.218,99.047,2019-08-09T03:33:09.000+07:00,2025-09-20T06:31:26.000+07:00,
500608,50330,ตำบลสันป่ายาง,Tambon San Pa Yang,5006,19.049,98.83,2019-08-09T03:33:09.000+07:00,2025-09-20T06:31:26.000+07:00,
500609,50150,ตำบลป่าแป๋,Tambon Pa Pae,5006,19.179,98.671,2019-08-09T03:33:09.000+07:00,2025-09-20T06:31:26.000+07:00,
500610,50150,ตำบลเมืองก๋าย,Tambon Mueang Kai,5006,19.186,98.79,2019-08-09T03:33:09.000+07:00,2025-09-20T06:31:26.000+07:00,
500611,50150,ตำบลบ้านช้าง,Tambon Ban Chang,5006,19.147,98.861,2019-08-09T03:33:09.000+07:00,2025-09-20T06:31:26.000+07:00,
500612,50150,ตำบลกื้ดช้าง,Tambon Kuet Chang,5006,19.269,98.768,2019-08-09T03:33:09.000+07:00,2025-09-20T06:31:26.000+07:00,
500613,50150,ตำบลอินทขิล,Tambon Inthakhin,5006,19.2,98.953,2019-08-09T03:33:09.000+07:00,2025-09-20T06:31:26.000+07:00,
500614,50150,ตำบลสมก๋าย,Tambon Som Kai,5006,,,2019-08-09T03:33:09.000+07:00,2025-09-20T06:31:26.000+07:00,
500701,50180,ตำบลริมใต้,Tambon Rim Tai,5007,18.914,98.964,2019-08-09T03:33:09.000+07:00,2025-09-20T06:31:26.000+07:00,
500702,50180,ตำบลริมเหนือ,Tambon Rim Nuea,5007,18.929,98.948,2019-08-09T03:33:09.000+07:00,2025-09-20T06:31:26.000+07:00,
500703,50180,ตำบลสันโป่ง,Tambon San Pong,5007,18.954,98.954,2019-08-09T03:33:09.000+07:00,2025-09-20T06:31:26.000+07:00,
500704,50180,ตำบลขี้เหล็ก,Tambon Khilek,5007,19.011,98.942,2019-08-09T03:33:09.000+07:00,2025-09-20T06:31:26.000+07:00,
500705,50330,ตำบลสะลวง,Tambon Saluang,5007,19.005,98.837,2019-08-09T03:33:09.000+07:00,2025-09-20T06:31:26.000+07:00,
500706,50180,ตำบลห้วยทราย,Tambon Huai Sai,5007,18.967,98.915,2019-08-09T03:33:09.000+07:00,2025-09-20T06:31:26.000+07:00,
500707,50180,ตำบลแม่แรม,Tambon Mae Raem,5007,18.911,98.893,2019-08-09T03:33:09.000+07:00,2025-09-20T06:31:26.000+07:00,
500708,50180,ตำบลโป่งแยง,Tambon Pong Yaeng,5007,18.885,98.82,2019-08-09T03:33:09.000+07:00,2025-09-20T06:31:26.000+07:00,
500709,50180,ตำบลแม่สา,Tambon Mae Sa,5007,18.894,98.945,2019-08-09T03:33:09.000+07:00,2025-09-20T06:31:26.000+07:00,
500710,50180,ตำบลดอนแก้ว,Tambon Don Kaeo,5007,18.86,98.939,2019-08-09T03:33:09.000+07:00,2025-09-20T06:31:26.000+07:00,
500711,50180,ตำบลเหมืองแก้ว,Tambon Mueang Kaeo,5007,18.898,98.983,2019-08-09T03:33:09.000+07:00,2025-09-20T06:31:26.000+07:00,
500801,50250,ตำบลสะเมิงใต้,Tambon Samoeng Tai,5008,18.823,98.714,2019-08-09T03:33:09.000+07:00,2025-09-20T06:31:26.000+07:00,
500802,50250,ตำบลสะเมิงเหนือ,Tambon Samoeng Nuea,5008,18.977,98.739,2019-08-09T03:33:09.000+07:00,2025-09-20T06:31:26.000+07:00,
500803,50250,ตำบลแม่สาบ,Tambon Mae Sap,5008,18.945,98.641,2019-08-09T03:33:09.000+07:00,2025-09-20T06:31:26.000+07:00,
500804,50250,ตำบลบ่อแก้ว,Tambon Bo Kaeo,5008,18.791,98.604,2019-08-09T03:33:09.000+07:00,2025-09-20T06:31:26.000+07:00,
500805,50250,ตำบลยั้งเมิน,Tambon Yang Moen,5008,19.001,98.464,2019-08-09T03:33:09.000+07:00,2025-09-20T06:31:26.000+07:00,
500901,50110,ตำบลเวียง,Tambon Wiang,5009,19.944,99.214,2019-08-09T03:33:09.000+07:00,2025-09-20T06:31:26.000+07:00,
500903,50110,ตำบลม่อนปิ่น,Tambon Mon Pin,5009,19.955,99.112,2019-08-09T03:33:09.000+07:00,2025-09-20T06:31:26.000+07:00,
500904,50320,ตำบลแม่งอน,Tambon Mae Ngon,5009,19.793,99.124,2019-08-09T03:33:09.000+07:00,2025-09-20T06:31:26.000+07:00,
500905,50110,ตำบลแม่สูน,Tambon Mae Sun,5009,,,2019-08-09T03:33:09.000+07:00,2025-09-20T06:31:26.000+07:00,
500906,50110,ตำบลสันทราย,Tambon San Sai,5009,19.879,99.209,2019-08-09T03:33:09.000+07:00,2025-09-20T06:31:26.000+07:00,
500910,50110,ตำบลแม่คะ,Tambon Mae Kha,5009,19.821,99.213,2019-08-09T03:33:09.000+07:00,2025-09-20T06:31:26.000+07:00,
500911,50320,ตำบลแม่ข่า,Tambon Mae Kha,5009,,,2019-08-09T03:33:09.000+07:00,2025-09-20T06:31:26.000+07:00,
500912,50110,ตำบลโป่งน้ำร้อน,Tambon Pong Nam Ron,5009,20.061,99.121,2019-08-09T03:33:09.000+07:00,2025-09-20T06:31:26.000+07:00,
501001,50280,ตำบลแม่อาย,Tambon Mae Ai,5010,20.065,99.262,2019-08-09T03:33:09.000+07:00,2025-09-20T06:31:26.000+07:00,
501002,50280,ตำบลแม่สาว,Tambon Mae Sao,5010,20.06,99.168,2019-08-09T03:33:09.000+07:00,2025-09-20T06:31:26.000+07:00,
501003,50280,ตำบลสันต้นหมื้อ,Tambon San Ton Mue,5010,19.948,99.28,2019-08-09T03:33:09.000+07:00,2025-09-20T06:31:26.000+07:00,
501004,50280,ตำบลแม่นาวาง,Tambon Mae Na Wang,5010,19.98,99.382,2019-08-09T03:33:09.000+07:00,2025-09-20T06:31:26.000+07:00,
501005,50280,ตำบลท่าตอน,Tambon Tha Ton,5010,20.066,99.387,2019-08-09T03:33:09.000+07:00,2025-09-20T06:31:26.000+07:00,
501006,50280,ตำบลบ้านหลวง,Tambon Ban Luang,5010,19.871,99.343,2019-08-09T03:33:09.000+07:00,2025-09-20T06:31:26.000+07:00,
501007,50280,ตำบลมะลิกา,Tambon Malika,5010,,,2019-08-09T03:33:09.000+07:00,2025-09-20T06:31:26.000+07:00,
501101,50190,ตำบลเวียง,Tambon Wiang,5011,19.378,99.203,2019-08-09T03:33:09.000+07:00,2025-09-20T06:31:26.000+07:00,
501102,50190,ตำบลทุ่งหลวง,Tambon Thung Luang,5011,19.359,99.202,2019-08-09T03:33:09.000+07:00,2025-09-20T06:31:26.000+07:00,
501103,50190,ตำบลป่าตุ้ม,Tambon Pa Tum,5011,19.37,99.266,2019-08-09T03:33:09.000+07:00,2025-09-20T06:31:26.000+07:00,
501104,50190,ตำบลป่าไหน่,Tambon Pa Nai,5011,19.44,99.261,2019-08-09T03:33:09.000+07:00,2025-09-20T06:31:26.000+07:00,
501105,50190,ตำบลสันทราย,Tambon San Sai,5011,19.504,99.204,2019-08-09T03:33:09.000+07:00,2025-09-20T06:31:26.000+07:00,
501106,50190,ตำบลบ้านโป่ง,Tambon Ban Pong,5011,19.392,99.121,2019-08-09T03:33:09.000+07:00,2025-09-20T06:31:26.000+07:00,
501107,50190,ตำบลน้ำแพร่,Tambon Nam Phrae,5011,19.33,99.109,2019-08-09T03:33:09.000+07:00,2025-09-20T06:31:26.000+07:00,
501108,50190,ตำบลเขื่อนผาก,Tambon Khuean Phak,5011,19.308,99.164,2019-08-09T03:33:09.000+07:00,2025-09-20T06:31:26.000+07:00,
501109,50190,ตำบลแม่แวน,Tambon Mae Waen,5011,19.303,99.261,2019-08-09T03:33:09.000+07:00,2025-09-20T06:31:26.000+07:00,
501110,50190,ตำบลแม่ปั๋ง,Tambon Mae Pang,5011,19.213,99.212,2019-08-09T03:33:09.000+07:00,2025-09-20T06:31:26.000+07:00,
501111,50190,ตำบลโหล่งขอด,Tambon Long Khot,5011,19.074,99.225,2019-08-09T03:33:09.000+07:00,2025-09-20T06:31:26.000+07:00,
501201,50120,ตำบลยุหว่า,Tambon Yu Wa,5012,18.62,98.875,2019-08-09T03:33:09.000+07:00,2025-09-20T06:31:26.000+07:00,
501202,50120,ตำบลสันกลาง,Tambon San Klang,5012,18.665,98.871,2019-08-09T03:33:09.000+07:00,2025-09-20T06:31:26.000+07:00,
501203,50120,ตำบลท่าวังพร้าว,Tambon Tha Wang Phrao,5012,18.531,98.864,2019-08-09T03:33:09.000+07:00,2025-09-20T06:31:26.000+07:00,
501204,50120,ตำบลมะขามหลวง,Tambon Makham Luang,5012,18.601,98.907,2019-08-09T03:33:09.000+07:00,2025-09-20T06:31:26.000+07:00,
501205,50120,ตำบลแม่ก๊า,Tambon Mae Ka,5012,18.574,98.939,2019-08-09T03:33:09.000+07:00,2025-09-20T06:31:26.000+07:00,
501206,50120,ตำบลบ้านแม,Tambon Ban Mae,5012,18.626,98.854,2019-08-09T03:33:09.000+07:00,2025-09-20T06:31:26.000+07:00,
501207,50120,ตำบลบ้านกลาง,Tambon Ban Klang,5012,18.557,98.887,2019-08-09T03:33:09.000+07:00,2025-09-20T06:31:26.000+07:00,
501208,50120,ตำบลทุ่งสะโตก,Tambon Thung Satok,5012,18.586,98.849,2019-08-09T03:33:09.000+07:00,2025-09-20T06:31:26.000+07:00,
501210,50120,ตำบลทุ่งต้อม,Tambon Thung Tom,5012,18.613,98.92,2019-08-09T03:33:09.000+07:00,2025-09-20T06:31:26.000+07:00,
501214,50120,ตำบลน้ำบ่อหลวง,Tambon Nam Bo Luang,5012,18.674,98.841,2019-08-09T03:33:09.000+07:00,2025-09-20T06:31:26.000+07:00,
501215,50120,ตำบลมะขุนหวาน,Tambon Makhun Wan,5012,18.574,98.907,2019-08-09T03:33:09.000+07:00,2025-09-20T06:31:26.000+07:00,
501301,50130,ตำบลสันกำแพง,Tambon San Kamphaeng,5013,18.756,99.133,2019-08-09T03:33:09.000+07:00,2025-09-20T06:31:26.000+07:00,
501302,50130,ตำบลทรายมูล,Tambon Sai Mun,5013,18.735,99.136,2019-08-09T03:33:09.000+07:00,2025-09-20T06:31:26.000+07:00,
501303,50130,ตำบลร้องวัวแดง,Tambon Rong Wua Daeng,5013,18.746,99.206,2019-08-09T03:33:09.000+07:00,2025-09-20T06:31:26.000+07:00,
501304,50130,ตำบลบวกค้าง,Tambon Buak Khang,5013,18.704,99.107,2019-08-09T03:33:09.000+07:00,2025-09-20T06:31:26.000+07:00,
501305,50130,ตำบลแช่ช้าง,Tambon Chae Chang,5013,18.722,99.154,2019-08-09T03:33:09.000+07:00,2025-09-20T06:31:26.000+07:00,
501306,50130,ตำบลออนใต้,Tambon On Tai,5013,18.7,99.229,2019-08-09T03:33:09.000+07:00,2025-09-20T06:31:26.000+07:00,
501310,50130,ตำบลแม่ปูคา,Tambon Mae Pu Kha,5013,18.785,99.126,2019-08-09T03:33:09.000+07:00,2025-09-20T06:31:26.000+07:00,
501311,50130,ตำบลห้วยทราย,Tambon Huai Sai,5013,18.781,99.189,2019-08-09T03:33:09.000+07:00,2025-09-20T06:31:26.000+07:00,
501312,50130,ตำบลต้นเปา,Tambon Ton Pao,5013,18.76,99.082,2019-08-09T03:33:09.000+07:00,2025-09-20T06:31:26.000+07:00,
501313,50130,ตำบลสันกลาง,Tambon San Klang,5013,18.775,99.056,2019-08-09T03:33:09.000+07:00,2025-09-20T06:31:26.000+07:00,
501401,50210,ตำบลสันทรายหลวง,Tambon San Sai Luang,5014,18.857,99.046,2019-08-09T03:33:09.000+07:00,2025-09-20T06:31:26.000+07:00,
501402,50210,ตำบลสันทรายน้อย,Tambon San Sai Noi,5014,18.819,99.024,2019-08-09T03:33:09.000+07:00,2025-09-20T06:31:26.000+07:00,
501403,50210,ตำบลสันพระเนตร,Tambon San Phranet,5014,18.808,99.038,2019-08-09T03:33:09.000+07:00,2025-09-20T06:31:26.000+07:00,
501404,50210,ตำบลสันนาเม็ง,Tambon San Na Meng,5014,18.842,99.062,2019-08-09T03:33:09.000+07:00,2025-09-20T06:31:26.000+07:00,
501405,50210,ตำบลสันป่าเปา,Tambon San Pa Pao,5014,18.861,99.084,2019-08-09T03:33:09.000+07:00,2025-09-20T06:31:26.000+07:00,
501406,50210,ตำบลหนองแหย่ง,Tambon Nong Yaeng,5014,18.911,99.101,2019-08-09T03:33:09.000+07:00,2025-09-20T06:31:26.000+07:00,
501407,50210,ตำบลหนองจ๊อม,Tambon Nong Chom,5014,18.852,99.023,2019-08-09T03:33:09.000+07:00,2025-09-20T06:31:26.000+07:00,
501408,50290,ตำบลหนองหาร,Tambon Nong Han,5014,18.93,99.014,2019-08-09T03:33:09.000+07:00,2025-09-20T06:31:26.000+07:00,
501409,50290,ตำบลแม่แฝก,Tambon Mae Faek,5014,,,2019-08-09T03:33:09.000+07:00,2025-09-20T06:31:26.000+07:00,
501410,50290,ตำบลแม่แฝกใหม่,Tambon Mae Faek Mai,5014,19.026,99.007,2019-08-09T03:33:09.000+07:00,2025-09-20T06:31:26.000+07:00,
501411,50210,ตำบลเมืองเล็น,Tambon Mueang Len,5014,18.896,99.08,2019-08-09T03:33:09.000+07:00,2025-09-20T06:31:26.000+07:00,
501412,50210,ตำบลป่าไผ่,Tambon Pa Phai,5014,18.907,99.051,2019-08-09T03:33:09.000+07:00,2025-09-20T06:31:26.000+07:00,
501501,50230,ตำบลหางดง,Tambon Hang Dong,5015,18.692,98.915,2019-08-09T03:33:09.000+07:00,2025-09-20T06:31:26.000+07:00,
501502,50230,ตำบลหนองแก๋ว,Tambon Nong Kaeo,5015,18.674,98.933,2019-08-09T03:33:09.000+07:00,2025-09-20T06:31:26.000+07:00,
501503,50230,ตำบลหารแก้ว,Tambon Han Kaeo,5015,18.65,98.922,2019-08-09T03:33:09.000+07:00,2025-09-20T06:31:26.000+07:00,
501504,50340,ตำบลหนองตอง,Tambon Nong Tong,5015,18.613,98.945,2019-08-09T03:33:09.000+07:00,2025-09-20T06:31:26.000+07:00,
501505,50230,ตำบลขุนคง,Tambon Khun Khong,5015,18.673,98.956,2019-08-09T03:33:09.000+07:00,2025-09-20T06:31:26.000+07:00,
501506,50230,ตำบลสบแม่ข่า,Tambon Sop Mae Kha,5015,18.689,98.98,2019-08-09T03:33:09.000+07:00,2025-09-20T06:31:26.000+07:00,
501507,50230,ตำบลบ้านแหวน,Tambon Ban Waen,5015,18.701,98.944,2019-08-09T03:33:09.000+07:00,2025-09-20T06:31:26.000+07:00,
501508,50230,ตำบลสันผักหวาน,Tambon San Phak Wan,5015,18.719,98.97,2019-08-09T03:33:09.000+07:00,2025-09-20T06:31:26.000+07:00,
501509,50230,ตำบลหนองควาย,Tambon Nong Khwai,5015,18.731,98.923,2019-08-09T03:33:09.000+07:00,2025-09-20T06:31:26.000+07:00,
501510,50230,ตำบลบ้านปง,Tambon Ban Pong,5015,18.769,98.868,2019-08-09T03:33:09.000+07:00,2025-09-20T06:31:26.000+07:00,
501511,50230,ตำบลน้ำแพร่,Tambon Nam Phrae,5015,18.709,98.881,2019-08-09T03:33:09.000+07:00,2025-09-20T06:31:26.000+07:00,
501601,50240,ตำบลหางดง,Tambon Hang Dong,5016,18.16,98.483,2019-08-09T03:33:09.000+07:00,2025-09-20T06:31:26.000+07:00,
501602,50240,ตำบลฮอด,Tambon Hot,5016,18.103,98.583,2019-08-09T03:33:09.000+07:00,2025-09-20T06:31:26.000+07:00,
501603,50240,ตำบลบ้านตาล,Tambon Ban Tan,5016,18.088,98.709,2019-08-09T03:33:09.000+07:00,2025-09-20T06:31:26.000+07:00,
501604,50240,ตำบลบ่อหลวง,Tambon Bo Luang,5016,18.158,98.379,2019-08-09T03:33:09.000+07:00,2025-09-20T06:31:26.000+07:00,
501605,50240,ตำบลบ่อสลี,Tambon Bo Sali,5016,18.155,98.244,2019-08-09T03:33:09.000+07:00,2025-09-20T06:31:26.000+07:00,
501606,50240,ตำบลนาคอเรือ,Tambon Na Kho Ruea,5016,18.009,98.52,2019-08-09T03:33:09.000+07:00,2025-09-20T06:31:26.000+07:00,
501701,50260,ตำบลดอยเต่า,Tambon Doi Tao,5017,17.897,98.731,2019-08-09T03:33:09.000+07:00,2025-09-20T06:31:26.000+07:00,
501702,50260,ตำบลท่าเดื่อ,Tambon Tha Duea,5017,17.959,98.676,2019-08-09T03:33:09.000+07:00,2025-09-20T06:31:26.000+07:00,
501703,50260,ตำบลมืดกา,Tambon Muet Ka,5017,17.873,98.593,2019-08-09T03:33:09.000+07:00,2025-09-20T06:31:26.000+07:00,
501704,50260,ตำบลบ้านแอ่น,Tambon Ban Aen,5017,18.053,98.626,2019-08-09T03:33:09.000+07:00,2025-09-20T06:31:26.000+07:00,
501705,50260,ตำบลบงตัน,Tambon Bong Tan,5017,18.017,98.661,2019-08-09T03:33:09.000+07:00,2025-09-20T06:31:26.000+07:00,
501706,50260,ตำบลโปงทุ่ง,Tambon Pong Thung,5017,17.836,98.736,2019-08-09T03:33:09.000+07:00,2025-09-20T06:31:26.000+07:00,
501801,50310,ตำบลอมก๋อย,Tambon Omkoi,5018,17.915,98.335,2019-08-09T03:33:09.000+07:00,2025-09-20T06:31:26.000+07:00,
501802,50310,ตำบลยางเปียง,Tambon Yang Piang,5018,17.682,98.392,2019-08-09T03:33:09.000+07:00,2025-09-20T06:31:26.000+07:00,
501803,50310,ตำบลแม่ตื่น,Tambon Mae Tuen,5018,17.398,98.395,2019-08-09T03:33:09.000+07:00,2025-09-20T06:31:26.000+07:00,
501804,50310,ตำบลม่อนจอง,Tambon Mon Chong,5018,17.43,98.5,2019-08-09T03:33:09.000+07:00,2025-09-20T06:31:26.000+07:00,
501805,50310,ตำบลสบโขง,Tambon Sop Khong,5018,17.654,98.217,2019-08-09T03:33:09.000+07:00,2025-09-20T06:31:26.000+07:00,
501806,50310,ตำบลนาเกียน,Tambon Na Kian,5018,17.864,98.156,2019-08-09T03:33:09.000+07:00,2025-09-20T06:31:26.000+07:00,
501901,50140,ตำบลยางเนิ้ง,Tambon Yang Noeng,5019,18.707,99.036,2019-08-09T03:33:09.000+07:00,2025-09-20T06:31:26.000+07:00,
501902,50140,ตำบลสารภี,Tambon Saraphi,5019,18.681,99.047,2019-08-09T03:33:09.000+07:00,2025-09-20T06:31:26.000+07:00,
501903,50140,ตำบลชมภู,Tambon Chom Phu,5019,18.694,99.071,2019-08-09T03:33:09.000+07:00,2025-09-20T06:31:26.000+07:00,
501904,50140,ตำบลไชยสถาน,Tambon Chai Sathan,5019,18.745,99.043,2019-08-09T03:33:09.000+07:00,2025-09-20T06:31:26.000+07:00,
501905,50140,ตำบลขัวมุง,Tambon Khua Mung,5019,18.678,98.991,2019-08-09T03:33:09.000+07:00,2025-09-20T06:31:26.000+07:00,
501906,50140,ตำบลหนองแฝก,Tambon Nong Faek,5019,18.691,99.019,2019-08-09T03:33:09.000+07:00,2025-09-20T06:31:26.000+07:00,
501907,50140,ตำบลหนองผึ้ง,Tambon Nong Phueng,5019,18.735,99.021,2019-08-09T03:33:09.000+07:00,2025-09-20T06:31:26.000+07:00,
501908,50140,ตำบลท่ากว้าง,Tambon Tha Kwang,5019,18.659,98.998,2019-08-09T03:33:09.000+07:00,2025-09-20T06:31:26.000+07:00,
501909,50140,ตำบลดอนแก้ว,Tambon Don Kaeo,5019,18.697,98.997,2019-08-09T03:33:09.000+07:00,2025-09-20T06:31:26.000+07:00,
501910,50140,ตำบลท่าวังตาล,Tambon Tha Wang Tan,5019,18.718,99.007,2019-08-09T03:33:09.000+07:00,2025-09-20T06:31:26.000+07:00,
501911,50140,ตำบลสันทราย,Tambon San Sai,5019,18.64,98.972,2019-08-09T03:33:09.000+07:00,2025-09-20T06:31:26.000+07:00,
501912,50140,ตำบลป่าบง,Tambon Pa Bong,5019,18.736,99.059,2019-08-09T03:33:09.000+07:00,2025-09-20T06:31:26.000+07:00,
502001,50350,ตำบลเมืองแหง,Tambon Mueang Haeng,5020,19.515,98.639,2019-08-09T03:33:09.000+07:00,2025-09-20T06:31:26.000+07:00,
502002,50350,ตำบลเปียงหลวง,Tambon Piang Luang,5020,19.692,98.693,2019-08-09T03:33:09.000+07:00,2025-09-20T06:31:26.000+07:00,
502003,50350,ตำบลแสนไห,Tambon Saen Hai,5020,19.615,98.632,2019-08-09T03:33:09.000+07:00,2025-09-20T06:31:26.000+07:00,
502101,50320,ตำบลปงตำ,Tambon Pong Tam,5021,19.748,99.145,2019-08-09T03:33:09.000+07:00,2025-09-20T06:31:26.000+07:00,
502102,50320,ตำบลศรีดงเย็น,Tambon Si Dong Yen,5021,19.646,99.178,2019-08-09T03:33:09.000+07:00,2025-09-20T06:31:26.000+07:00,
502103,50320,ตำบลแม่ทะลบ,Tambon Mae Thalop,5021,19.73,99.247,2019-08-09T03:33:09.000+07:00,2025-09-20T06:31:26.000+07:00,
502104,50320,ตำบลหนองบัว,Tambon Nong Bua,5021,19.736,99.073,2019-08-09T03:33:09.000+07:00,2025-09-20T06:31:26.000+07:00,
502201,50360,ตำบลบ้านกาด,Tambon Ban Kat,5022,18.637,98.752,2019-08-09T03:33:09.000+07:00,2025-09-20T06:31:26.000+07:00,
502202,50360,ตำบลทุ่งปี้,Tambon Thung Pi,5022,18.587,98.741,2019-08-09T03:33:09.000+07:00,2025-09-20T06:31:26.000+07:00,
502203,50360,ตำบลทุ่งรวงทอง,Tambon Thung Ruang Thong,5022,18.554,98.849,2019-08-09T03:33:09.000+07:00,2025-09-20T06:31:26.000+07:00,
502204,50360,ตำบลแม่วิน,Tambon Mae Win,5022,18.683,98.674,2019-08-09T03:33:09.000+07:00,2025-09-20T06:31:26.000+07:00,
502205,50360,ตำบลดอนเปา,Tambon Don Pao,5022,18.679,98.783,2019-08-09T03:33:09.000+07:00,2025-09-20T06:31:26.000+07:00,
502301,50130,ตำบลออนเหนือ,Tambon On Nuea,5023,18.793,99.308,2019-08-09T03:33:09.000+07:00,2025-09-20T06:31:26.000+07:00,
502302,50130,ตำบลออนกลาง,Tambon On Klang,5023,18.758,99.263,2019-08-09T03:33:09.000+07:00,2025-09-20T06:31:26.000+07:00,
502303,50130,ตำบลบ้านสหกรณ์,Tambon Ban Sahakon,5023,18.825,99.242,2019-08-09T03:33:09.000+07:00,2025-09-20T06:31:26.000+07:00,
502304,50130,ตำบลห้วยแก้ว,Tambon Huai Kaeo,5023,18.884,99.327,2019-08-09T03:33:09.000+07:00,2025-09-20T06:31:26.000+07:00,
502305,50130,ตำบลแม่ทา,Tambon Mae Tha,5023,18.591,99.289,2019-08-09T03:33:09.000+07:00,2025-09-20T06:31:26.000+07:00,
502306,50130,ตำบลทาเหนือ,Tambon Tha Nuea,5023,18.702,99.308,2019-08-09T03:33:09.000+07:00,2025-09-20T06:31:26.000+07:00,
502401,50160,ตำบลดอยหล่อ,Tambon Doi Lo,5024,18.488,98.798,2019-08-09T03:33:09.000+07:00,2025-09-20T06:31:26.000+07:00,
502402,50160,ตำบลสองแคว,Tambon Song Khwae,5024,18.504,98.841,2019-08-09T03:33:09.000+07:00,2025-09-20T06:31:26.000+07:00,
502403,50160,ตำบลยางคราม,Tambon Yang Khram,5024,18.56,98.782,2019-08-09T03:33:09.000+07:00,2025-09-20T06:31:26.000+07:00,
502404,50160,ตำบลสันติสุข,Tambon Santi Suk,5024,18.581,98.682,2019-08-09T03:33:09.000+07:00,2025-09-20T06:31:26.000+07:00,
502501,58130,ตำบลบ้านจันทร์,Tambon Ban Chan,5025,19.0825,98.3196,2025-11-15T14:48:00.000+07:00,2025-11-15T14:48:00.000+07:00,
502502,50250,ตำบลแม่แดด,Tambon Mae Daet,5025,18.9382,98.3922,2025-11-15T14:48:00.000+07:00,2025-11-15T14:48:00.000+07:00,
502503,58130,ตำบลแจ่มหลวง,Tambon Chaem Luang,5025,18.991,98.2174,2025-11-15T14:48:00.000+07:00,2025-11-15T14:48:00.000+07:00,
510101,51000,ตำบลในเมือง,Tambon Nai Mueang,5101,18.573,99.002,2019-08-09T03:33:09.000+07:00,2025-09-20T06:31:26.000+07:00,
510102,51000,ตำบลเหมืองง่า,Tambon Mueang Nga,5101,18.613,99.032,2019-08-09T03:33:09.000+07:00,2025-09-20T06:31:26.000+07:00,
510103,51150,ตำบลอุโมงค์,Tambon Umong,5101,18.648,99.042,2019-08-09T03:33:09.000+07:00,2025-09-20T06:31:26.000+07:00,
510104,51150,ตำบลหนองช้างคืน,Tambon Nong Chang Khuen,5101,18.656,99.013,2019-08-09T03:33:09.000+07:00,2025-09-20T06:31:26.000+07:00,
510105,51000,ตำบลประตูป่า,Tambon Pratu Pa,5101,18.623,98.986,2019-08-09T03:33:09.000+07:00,2025-09-20T06:31:26.000+07:00,
510106,51000,ตำบลริมปิง,Tambon Rim Ping,5101,18.598,98.984,2019-08-09T03:33:09.000+07:00,2025-09-20T06:31:26.000+07:00,
510107,51000,ตำบลต้นธง,Tambon Ton Thong,5101,18.572,98.985,2019-08-09T03:33:09.000+07:00,2025-09-20T06:31:26.000+07:00,
510108,51000,ตำบลบ้านแป้น,Tambon Ban Paen,5101,18.523,98.951,2019-08-09T03:33:09.000+07:00,2025-09-20T06:31:26.000+07:00,
510109,51000,ตำบลเหมืองจี้,Tambon Mueang Chi,5101,18.468,98.971,2019-08-09T03:33:09.000+07:00,2025-09-20T06:31:26.000+07:00,
510110,51000,ตำบลป่าสัก,Tambon Pa Sak,5101,18.519,99.03,2019-08-09T03:33:09.000+07:00,2025-09-20T06:31:26.000+07:00,
510111,51000,ตำบลเวียงยอง,Tambon Wiang Yong,5101,18.558,99.009,2019-08-09T03:33:09.000+07:00,2025-09-20T06:31:26.000+07:00,
510112,51000,ตำบลบ้านกลาง,Tambon Ban Klang,5101,18.575,99.063,2019-08-09T03:33:09.000+07:00,2025-09-20T06:31:26.000+07:00,
510113,51000,ตำบลมะเขือแจ้,Tambon Makhuea Chae,5101,18.592,99.128,2019-08-09T03:33:09.000+07:00,2025-09-20T06:31:26.000+07:00,
510116,51000,ตำบลศรีบัวบาน,Tambon Si Bua Ban,5101,18.517,99.109,2019-08-09T03:33:09.000+07:00,2025-09-20T06:31:26.000+07:00,
510117,51000,ตำบลหนองหนาม,Tambon Nong Nam,5101,18.502,98.989,2019-08-09T03:33:09.000+07:00,2025-09-20T06:31:26.000+07:00,
510201,51140,ตำบลทาปลาดุก,Tambon Tha Pla Duk,5102,18.532,99.245,2019-08-09T03:33:09.000+07:00,2025-09-20T06:31:26.000+07:00,
510202,51140,ตำบลทาสบเส้า,Tambon Tha Sop Sao,5102,18.417,99.135,2019-08-09T03:33:09.000+07:00,2025-09-20T06:31:26.000+07:00,
510203,51170,ตำบลทากาศ,Tambon Tha Kat,5102,18.342,99.052,2019-08-09T03:33:09.000+07:00,2025-09-20T06:31:26.000+07:00,
510204,51170,ตำบลทาขุมเงิน,Tambon Tha Khum Ngoen,5102,18.363,98.962,2019-08-09T03:33:09.000+07:00,2025-09-20T06:31:26.000+07:00,
510205,51170,ตำบลทาทุ่งหลวง,Tambon Tha Thung Luang,5102,18.438,99.03,2019-08-09T03:33:09.000+07:00,2025-09-20T06:31:26.000+07:00,
510206,51170,ตำบลทาแม่ลอบ,Tambon Tha Mae Lop,5102,18.241,98.97,2019-08-09T03:33:09.000+07:00,2025-09-20T06:31:26.000+07:00,
510301,51130,ตำบลบ้านโฮ่ง,Tambon Ban Hong,5103,18.308,98.815,2019-08-09T03:33:09.000+07:00,2025-09-20T06:31:26.000+07:00,
510302,51130,ตำบลป่าพลู,Tambon Pa Phlu,5103,18.211,98.867,2019-08-09T03:33:09.000+07:00,2025-09-20T06:31:26.000+07:00,
510303,51130,ตำบลเหล่ายาว,Tambon Lao Yao,5103,18.36,98.794,2019-08-09T03:33:09.000+07:00,2025-09-20T06:31:26.000+07:00,
510304,51130,ตำบลศรีเตี้ย,Tambon Si Tia,5103,18.383,98.75,2019-08-09T03:33:09.000+07:00,2025-09-20T06:31:26.000+07:00,
510305,51130,ตำบลหนองปลาสะวาย,Tambon Nong Pla Sawai,5103,18.314,98.697,2019-08-09T03:33:09.000+07:00,2025-09-20T06:31:26.000+07:00,
510401,51110,ตำบลลี้,Tambon Li,5104,17.79,98.986,2019-08-09T03:33:09.000+07:00,2025-09-20T06:31:26.000+07:00,
510402,51110,ตำบลแม่ตืน,Tambon Mae Tuen,5104,17.956,98.956,2019-08-09T03:33:09.000+07:00,2025-09-20T06:31:26.000+07:00,
510403,51110,ตำบลนาทราย,Tambon Na Sai,5104,17.687,98.97,2019-08-09T03:33:09.000+07:00,2025-09-20T06:31:26.000+07:00,
510404,51110,ตำบลดงดำ,Tambon Dong Dam,5104,17.742,99.062,2019-08-09T03:33:09.000+07:00,2025-09-20T06:31:26.000+07:00,
510405,51110,ตำบลก้อ,Tambon Ko,5104,17.604,98.783,2019-08-09T03:33:09.000+07:00,2025-09-20T06:31:26.000+07:00,
510406,51110,ตำบลแม่ลาน,Tambon Mae Lan,5104,17.761,98.809,2019-08-09T03:33:09.000+07:00,2025-09-20T06:31:26.000+07:00,
510408,51110,ตำบลป่าไผ่,Tambon Pa Phai,5104,17.855,98.936,2019-08-09T03:33:09.000+07:00,2025-09-20T06:31:26.000+07:00,
510409,51110,ตำบลศรีวิชัย,Tambon Si Wichai,5104,18.079,98.898,2019-08-09T03:33:09.000+07:00,2025-09-20T06:31:26.000+07:00,
510501,51160,ตำบลทุ่งหัวช้าง,Tambon Thung Hua Chang,5105,17.983,99.048,2019-08-09T03:33:09.000+07:00,2025-09-20T06:31:26.000+07:00,
510502,51160,ตำบลบ้านปวง,Tambon Ban Puang,5105,17.87,99.089,2019-08-09T03:33:09.000+07:00,2025-09-20T06:31:26.000+07:00,
510503,51160,ตำบลตะเคียนปม,Tambon Takhian Pom,5105,18.106,99.025,2019-08-09T03:33:09.000+07:00,2025-09-20T06:31:26.000+07:00,
510601,51120,ตำบลปากบ่อง,Tambon Pak Bong,5106,18.537,98.933,2019-08-09T03:33:09.000+07:00,2025-09-20T06:31:26.000+07:00,
510602,51120,ตำบลป่าซาง,Tambon Pa Sang,5106,18.512,98.937,2019-08-09T03:33:09.000+07:00,2025-09-20T06:31:26.000+07:00,
510603,51120,ตำบลแม่แรง,Tambon Mae Raeng,5106,18.498,98.91,2019-08-09T03:33:09.000+07:00,2025-09-20T06:31:26.000+07:00,
510604,51120,ตำบลม่วงน้อย,Tambon Muang Noi,5106,18.479,98.941,2019-08-09T03:33:09.000+07:00,2025-09-20T06:31:26.000+07:00,
510605,51120,ตำบลบ้านเรือน,Tambon Ban Ruean,5106,18.509,98.871,2019-08-09T03:33:09.000+07:00,2025-09-20T06:31:26.000+07:00,
510606,51120,ตำบลมะกอก,Tambon Makok,5106,18.449,98.923,2019-08-09T03:33:09.000+07:00,2025-09-20T06:31:26.000+07:00,
510607,51120,ตำบลท่าตุ้ม,Tambon Tha Tum,5106,18.478,98.873,2019-08-09T03:33:09.000+07:00,2025-09-20T06:31:26.000+07:00,
510608,51120,ตำบลน้ำดิบ,Tambon Nam Dip,5106,18.424,98.833,2019-08-09T03:33:09.000+07:00,2025-09-20T06:31:26.000+07:00,
510611,51120,ตำบลนครเจดีย์,Tambon Nakhon Chedi,5106,18.371,98.898,2019-08-09T03:33:09.000+07:00,2025-09-20T06:31:26.000+07:00,
510701,51180,ตำบลบ้านธิ,Tambon Ban Thi,5107,18.614,99.19,2019-08-09T03:33:09.000+07:00,2025-09-20T06:31:26.000+07:00,
510702,51180,ตำบลห้วยยาบ,Tambon Huai Yap,5107,18.679,99.163,2019-08-09T03:33:09.000+07:00,2025-09-20T06:31:26.000+07:00,
510801,51120,ตำบลหนองล่อง,Tambon Nong Long,5108,18.404,98.732,2019-08-09T03:33:09.000+07:00,2025-09-20T06:31:26.000+07:00,
510802,51120,ตำบลหนองยวง,Tambon Nong Yuang,5108,18.415,98.78,2019-08-09T03:33:09.000+07:00,2025-09-20T06:31:26.000+07:00,
510803,51120,ตำบลวังผาง,Tambon Wang Phang,5108,18.422,98.744,2019-08-09T03:33:09.000+07:00,2025-09-20T06:31:26.000+07:00,
520101,52000,ตำบลเวียงเหนือ,Tambon Wiang Nuea,5201,,,2019-08-09T03:33:09.000+07:00,2025-09-20T06:31:26.000+07:00,
520102,52000,ตำบลหัวเวียง,Tambon Hua Wiang,5201,,,2019-08-09T03:33:09.000+07:00,2025-09-20T06:31:26.000+07:00,
520103,52100,ตำบลสวนดอก,Tambon Suan Dok,5201,,,2019-08-09T03:33:09.000+07:00,2025-09-20T06:31:26.000+07:00,
520104,52100,ตำบลสบตุ๋ย,Tambon Sop Tui,5201,,,2019-08-09T03:33:09.000+07:00,2025-09-20T06:31:26.000+07:00,
520105,52000,ตำบลพระบาท,Tambon Phra Bat,5201,18.255,99.518,2019-08-09T03:33:09.000+07:00,2025-09-20T06:31:26.000+07:00,
520106,52100,ตำบลชมพู,Tambon Chomphu,5201,18.254,99.479,2019-08-09T03:33:09.000+07:00,2025-09-20T06:31:26.000+07:00,
520107,52000,ตำบลกล้วยแพะ,Tambon Kluai Phae,5201,18.211,99.502,2019-08-09T03:33:09.000+07:00,2025-09-20T06:31:26.000+07:00,
520108,52100,ตำบลปงแสนทอง,Tambon Pong Saen Thong,5201,18.268,99.432,2019-08-09T03:33:09.000+07:00,2025-09-20T06:31:26.000+07:00,
520109,52000,ตำบลบ้านแลง,Tambon Ban Laeng,5201,18.526,99.691,2019-08-09T03:33:09.000+07:00,2025-09-20T06:31:26.000+07:00,
520110,52000,ตำบลบ้านเสด็จ,Tambon Ban Sadet,5201,18.392,99.645,2019-08-09T03:33:09.000+07:00,2025-09-20T06:31:26.000+07:00,
520111,52000,ตำบลพิชัย,Tambon Phichai,5201,18.316,99.571,2019-08-09T03:33:09.000+07:00,2025-09-20T06:31:26.000+07:00,
520112,52000,ตำบลทุ่งฝาย,Tambon Thung Fai,5201,18.374,99.55,2019-08-09T03:33:09.000+07:00,2025-09-20T06:31:26.000+07:00,
520113,52100,ตำบลบ้านเอื้อม,Tambon Ban Ueam,5201,18.478,99.357,2019-08-09T03:33:09.000+07:00,2025-09-20T06:31:26.000+07:00,
520114,52100,ตำบลบ้านเป้า,Tambon Ban Pao,5201,18.357,99.455,2019-08-09T03:33:09.000+07:00,2025-09-20T06:31:26.000+07:00,
520115,52100,ตำบลบ้านค่า,Tambon Ban Kha,5201,18.52,99.414,2019-08-09T03:33:09.000+07:00,2025-09-20T06:31:26.000+07:00,
520116,52100,ตำบลบ่อแฮ้ว,Tambon Bo Haeo,5201,18.31,99.433,2019-08-09T03:33:09.000+07:00,2025-09-20T06:31:26.000+07:00,
520117,52000,ตำบลต้นธงชัย,Tambon Ton Thong Chai,5201,18.39,99.485,2019-08-09T03:33:09.000+07:00,2025-09-20T06:31:26.000+07:00,
520118,52000,ตำบลนิคมพัฒนา,Tambon Nikhom Phatthana,5201,18.445,99.545,2019-08-09T03:33:09.000+07:00,2025-09-20T06:31:26.000+07:00,
520119,52000,ตำบลบุญนาคพัฒนา,Tambon Bunnak Phatthana,5201,18.46,99.598,2019-08-09T03:33:09.000+07:00,2025-09-20T06:31:26.000+07:00,
520201,52220,ตำบลบ้านดง,Tambon Ban Dong,5202,18.374,99.701,2019-08-09T03:33:09.000+07:00,2025-09-20T06:31:26.000+07:00,
520202,52220,ตำบลนาสัก,Tambon Na Sak,5202,18.343,99.836,2019-08-09T03:33:09.000+07:00,2025-09-20T06:31:26.000+07:00,
520203,52220,ตำบลจางเหนือ,Tambon Chang Nuea,5202,18.456,99.941,2019-08-09T03:33:09.000+07:00,2025-09-20T06:31:26.000+07:00,
520204,52220,ตำบลแม่เมาะ,Tambon Mae Mo,5202,18.297,99.668,2019-08-09T03:33:09.000+07:00,2025-09-20T06:31:26.000+07:00,
520205,52220,ตำบลสบป้าด,Tambon Sop Pat,5202,,,2019-08-09T03:33:09.000+07:00,2025-09-20T06:31:26.000+07:00,
520301,52130,ตำบลลำปางหลวง,Tambon Lampang Luang,5203,18.238,99.387,2019-08-09T03:33:09.000+07:00,2025-09-20T06:31:26.000+07:00,
520302,52130,ตำบลนาแก้ว,Tambon Na Kaeo,5203,18.031,99.301,2019-08-09T03:33:09.000+07:00,2025-09-20T06:31:26.000+07:00,
520303,52130,ตำบลไหล่หิน,Tambon Lai Hin,5203,18.186,99.255,2019-08-09T03:33:09.000+07:00,2025-09-20T06:31:26.000+07:00,
520304,52130,ตำบลวังพร้าว,Tambon Wang Phrao,5203,18.147,99.407,2019-08-09T03:33:09.000+07:00,2025-09-20T06:31:26.000+07:00,
520305,52130,ตำบลศาลา,Tambon Sala,5203,18.196,99.413,2019-08-09T03:33:09.000+07:00,2025-09-20T06:31:26.000+07:00,
520306,52130,ตำบลเกาะคา,Tambon Ko Kha,5203,18.202,99.372,2019-08-09T03:33:09.000+07:00,2025-09-20T06:31:26.000+07:00,
520307,52130,ตำบลนาแส่ง,Tambon Na Saeng,5203,18.074,99.381,2019-08-09T03:33:09.000+07:00,2025-09-20T06:31:26.000+07:00,
520308,52130,ตำบลท่าผา,Tambon Tha Pha,5203,18.173,99.365,2019-08-09T03:33:09.000+07:00,2025-09-20T06:31:26.000+07:00,
520309,52130,ตำบลใหม่พัฒนา,Tambon Mai Phatthana,5203,18.254,99.318,2019-08-09T03:33:09.000+07:00,2025-09-20T06:31:26.000+07:00,
520401,52210,ตำบลทุ่งงาม,Tambon Thung Ngam,5204,18.071,99.244,2019-08-09T03:33:09.000+07:00,2025-09-20T06:31:26.000+07:00,
520402,52210,ตำบลเสริมขวา,Tambon Soem Khwa,5204,18.138,99.196,2019-08-09T03:33:09.000+07:00,2025-09-20T06:31:26.000+07:00,
520403,52210,ตำบลเสริมซ้าย,Tambon Soem Sai,5204,17.975,99.165,2019-08-09T03:33:09.000+07:00,2025-09-20T06:31:26.000+07:00,
520404,52210,ตำบลเสริมกลาง,Tambon Soem Klang,5204,18.132,99.087,2019-08-09T03:33:09.000+07:00,2025-09-20T06:31:26.000+07:00,
520501,52110,ตำบลหลวงเหนือ,Tambon Luang Nuea,5205,18.752,99.996,2019-08-09T03:33:09.000+07:00,2025-09-20T06:31:26.000+07:00,
520502,52110,ตำบลหลวงใต้,Tambon Luang Tai,5205,18.743,99.958,2019-08-09T03:33:09.000+07:00,2025-09-20T06:31:26.000+07:00,
520503,52110,ตำบลบ้านโป่ง,Tambon Ban Pong,5205,18.726,99.886,2019-08-09T03:33:09.000+07:00,2025-09-20T06:31:26.000+07:00,
520504,52110,ตำบลบ้านร้อง,Tambon Ban Rong,5205,18.972,99.824,2019-08-09T03:33:09.000+07:00,2025-09-20T06:31:26.000+07:00,
520505,52110,ตำบลปงเตา,Tambon Pong Tao,5205,18.839,99.927,2019-08-09T03:33:09.000+07:00,2025-09-20T06:31:26.000+07:00,
520506,52110,ตำบลนาแก,Tambon Na Kae,5205,18.817,99.885,2019-08-09T03:33:09.000+07:00,2025-09-20T06:31:26.000+07:00,
520507,52110,ตำบลบ้านอ้อน,Tambon Ban On,5205,18.788,99.852,2019-08-09T03:33:09.000+07:00,2025-09-20T06:31:26.000+07:00,
520508,52110,ตำบลบ้านแหง,Tambon Ban Haeng,5205,18.782,100.054,2019-08-09T03:33:09.000+07:00,2025-09-20T06:31:26.000+07:00,
520509,52110,ตำบลบ้านหวด,Tambon Ban Huat,5205,18.609,99.888,2019-08-09T03:33:09.000+07:00,2025-09-20T06:31:26.000+07:00,
520510,52110,ตำบลแม่ตีบ,Tambon Mae Tip,5205,18.634,100.038,2019-08-09T03:33:09.000+07:00,2025-09-20T06:31:26.000+07:00,
520601,52120,ตำบลแจ้ห่ม,Tambon Chae Hom,5206,18.7,99.616,2019-08-09T03:33:09.000+07:00,2025-09-20T06:31:26.000+07:00,
520602,52120,ตำบลบ้านสา,Tambon Ban Sa,5206,18.592,99.561,2019-08-09T03:33:09.000+07:00,2025-09-20T06:31:26.000+07:00,
520603,52120,ตำบลปงดอน,Tambon Pong Don,5206,18.783,99.695,2019-08-09T03:33:09.000+07:00,2025-09-20T06:31:26.000+07:00,
520604,52120,ตำบลแม่สุก,Tambon Mae Suk,5206,18.836,99.578,2019-08-09T03:33:09.000+07:00,2025-09-20T06:31:26.000+07:00,
520605,52120,ตำบลเมืองมาย,Tambon Mueang Mai,5206,18.645,99.725,2019-08-09T03:33:09.000+07:00,2025-09-20T06:31:26.000+07:00,
520606,52120,ตำบลทุ่งผึ้ง,Tambon Thung Phueng,5206,18.914,99.703,2019-08-09T03:33:09.000+07:00,2025-09-20T06:31:26.000+07:00,
520607,52120,ตำบลวิเชตนคร,Tambon Wichet Nakhon,5206,18.726,99.557,2019-08-09T03:33:09.000+07:00,2025-09-20T06:31:26.000+07:00,
520701,52140,ตำบลทุ่งฮั้ว,Tambon Thung Hua,5207,19.229,99.631,2019-08-09T03:33:09.000+07:00,2025-09-20T06:31:26.000+07:00,
520702,52140,ตำบลวังเหนือ,Tambon Wang Nuea,5207,19.16,99.585,2019-08-09T03:33:09.000+07:00,2025-09-20T06:31:26.000+07:00,
520703,52140,ตำบลวังใต้,Tambon Wang Tai,5207,19.084,99.577,2019-08-09T03:33:09.000+07:00,2025-09-20T06:31:26.000+07:00,
520704,52140,ตำบลร่องเคาะ,Tambon Rong Kho,5207,18.992,99.601,2019-08-09T03:33:09.000+07:00,2025-09-20T06:31:26.000+07:00,
520705,52140,ตำบลวังทอง,Tambon Wang Thong,5207,19.07,99.713,2019-08-09T03:33:09.000+07:00,2025-09-20T06:31:26.000+07:00,
520706,52140,ตำบลวังซ้าย,Tambon Wang Sai,5207,19.157,99.645,2019-08-09T03:33:09.000+07:00,2025-09-20T06:31:26.000+07:00,
520707,52140,ตำบลวังแก้ว,Tambon Wang Kaeo,5207,19.329,99.636,2019-08-09T03:33:09.000+07:00,2025-09-20T06:31:26.000+07:00,
520708,52140,ตำบลวังทรายคำ,Tambon Wang Sai Kham,5207,19.08,99.649,2019-08-09T03:33:09.000+07:00,2025-09-20T06:31:26.000+07:00,
520801,52160,ตำบลล้อมแรด,Tambon Lom Raet,5208,17.634,99.212,2019-08-09T03:33:09.000+07:00,2025-09-20T06:31:26.000+07:00,
520802,52230,ตำบลแม่วะ,Tambon Mae Wa,5208,17.468,99.216,2019-08-09T03:33:09.000+07:00,2025-09-20T06:31:26.000+07:00,
520803,52160,ตำบลแม่ปะ,Tambon Mae Pa,5208,17.684,99.299,2019-08-09T03:33:09.000+07:00,2025-09-20T06:31:26.000+07:00,
520804,52160,ตำบลแม่มอก,Tambon Mae Mok,5208,17.609,99.381,2019-08-09T03:33:09.000+07:00,2025-09-20T06:31:26.000+07:00,
520805,52160,ตำบลเวียงมอก,Tambon Wiang Mok,5208,17.396,99.353,2019-08-09T03:33:09.000+07:00,2025-09-20T06:31:26.000+07:00,
520806,52160,ตำบลนาโป่ง,Tambon Na Pong,5208,17.651,99.116,2019-08-09T03:33:09.000+07:00,2025-09-20T06:31:26.000+07:00,
520807,52160,ตำบลแม่ถอด,Tambon Mae Thot,5208,17.766,99.201,2019-08-09T03:33:09.000+07:00,2025-09-20T06:31:26.000+07:00,
520808,52160,ตำบลเถินบุรี,Tambon Thoen Buri,5208,17.558,99.207,2019-08-09T03:33:09.000+07:00,2025-09-20T06:31:26.000+07:00,
520901,52180,ตำบลแม่พริก,Tambon Mae Phrik,5209,17.513,99.009,2019-08-09T03:33:09.000+07:00,2025-09-20T06:31:26.000+07:00,
520902,52180,ตำบลผาปัง,Tambon Pha Pang,5209,17.564,99.069,2019-08-09T03:33:09.000+07:00,2025-09-20T06:31:26.000+07:00,
520903,52180,ตำบลแม่ปุ,Tambon Mae Pu,5209,17.539,99.152,2019-08-09T03:33:09.000+07:00,2025-09-20T06:31:26.000+07:00,
520904,52180,ตำบลพระบาทวังตวง,Tambon Phra Bat Wang Tuang,5209,17.412,99.162,2019-08-09T03:33:09.000+07:00,2025-09-20T06:31:26.000+07:00,
521001,52150,ตำบลแม่ทะ,Tambon Mae Tha,5210,18.162,99.563,2019-08-09T03:33:09.000+07:00,2025-09-20T06:31:26.000+07:00,
521002,52150,ตำบลนาครัว,Tambon Na Khrua,5210,18.109,99.545,2019-08-09T03:33:09.000+07:00,2025-09-20T06:31:26.000+07:00,
521003,52150,ตำบลป่าตัน,Tambon Pa Tan,5210,18.122,99.477,2019-08-09T03:33:09.000+07:00,2025-09-20T06:31:26.000+07:00,
521004,52150,ตำบลบ้านกิ่ว,Tambon Ban Kio,5210,18.089,99.491,2019-08-09T03:33:09.000+07:00,2025-09-20T06:31:26.000+07:00,
521005,52150,ตำบลบ้านบอม,Tambon Ban Bom,5210,18.054,99.489,2019-08-09T03:33:09.000+07:00,2025-09-20T06:31:26.000+07:00,
521006,52150,ตำบลน้ำโจ้,Tambon Nam Cho,5210,18.17,99.46,2019-08-09T03:33:09.000+07:00,2025-09-20T06:31:26.000+07:00,
521007,52150,ตำบลดอนไฟ,Tambon Don Fai,5210,18.104,99.671,2019-08-09T03:33:09.000+07:00,2025-09-20T06:31:26.000+07:00,
521008,52150,ตำบลหัวเสือ,Tambon Hua Suea,5210,18.173,99.696,2019-08-09T03:33:09.000+07:00,2025-09-20T06:31:26.000+07:00,
521010,52150,ตำบลวังเงิน,Tambon Wang Ngoen,5210,18.09,99.614,2019-08-09T03:33:09.000+07:00,2025-09-20T06:31:26.000+07:00,
521011,52150,ตำบลสันดอนแก้ว,Tambon San Don Kaeo,5210,17.984,99.484,2019-08-09T03:33:09.000+07:00,2025-09-20T06:31:26.000+07:00,
521101,52170,ตำบลสบปราบ,Tambon Sop Prap,5211,17.835,99.344,2019-08-09T03:33:09.000+07:00,2025-09-20T06:31:26.000+07:00,
521102,52170,ตำบลสมัย,Tambon Samai,5211,17.9,99.421,2019-08-09T03:33:09.000+07:00,2025-09-20T06:31:26.000+07:00,
521103,52170,ตำบลแม่กัวะ,Tambon Mae Kua,5211,17.956,99.353,2019-08-09T03:33:09.000+07:00,2025-09-20T06:31:26.000+07:00,
521104,52170,ตำบลนายาง,Tambon Na Yang,5211,17.904,99.266,2019-08-09T03:33:09.000+07:00,2025-09-20T06:31:26.000+07:00,
521201,52190,ตำบลห้างฉัตร,Tambon Hang Chat,5212,18.337,99.353,2019-08-09T03:33:09.000+07:00,2025-09-20T06:31:26.000+07:00,
521202,52190,ตำบลหนองหล่ม,Tambon Nong Lom,5212,18.349,99.387,2019-08-09T03:33:09.000+07:00,2025-09-20T06:31:26.000+07:00,
521203,52190,ตำบลเมืองยาว,Tambon Mueang Yao,5212,18.269,99.2,2019-08-09T03:33:09.000+07:00,2025-09-20T06:31:26.000+07:00,
521204,52190,ตำบลปงยางคก,Tambon Pong Yang Khok,5212,18.284,99.365,2019-08-09T03:33:09.000+07:00,2025-09-20T06:31:26.000+07:00,
521205,52190,ตำบลเวียงตาล,Tambon Wiang Tan,5212,18.408,99.277,2019-08-09T03:33:09.000+07:00,2025-09-20T06:31:26.000+07:00,
521206,52190,ตำบลแม่สัน,Tambon Mae San,5212,18.291,99.273,2019-08-09T03:33:09.000+07:00,2025-09-20T06:31:26.000+07:00,
521207,52190,ตำบลวอแก้ว,Tambon Wo Kaeo,5212,18.421,99.339,2019-08-09T03:33:09.000+07:00,2025-09-20T06:31:26.000+07:00,
521301,52240,ตำบลเมืองปาน,Tambon Mueang Pan,5213,18.797,99.446,2019-08-09T03:33:09.000+07:00,2025-09-20T06:31:26.000+07:00,
521302,52240,ตำบลบ้านขอ,Tambon Ban Kho,5213,18.685,99.481,2019-08-09T03:33:09.000+07:00,2025-09-20T06:31:26.000+07:00,
521303,52240,ตำบลทุ่งกว๋าว,Tambon Thung Kwao,5213,18.57,99.47,2019-08-09T03:33:09.000+07:00,2025-09-20T06:31:26.000+07:00,
521304,52240,ตำบลแจ้ซ้อน,Tambon Chae Son,5213,18.838,99.501,2019-08-09T03:33:09.000+07:00,2025-09-20T06:31:26.000+07:00,
521305,52240,ตำบลหัวเมือง,Tambon Hua Mueang,5213,18.946,99.531,2019-08-09T03:33:09.000+07:00,2025-09-20T06:31:26.000+07:00,
530101,53000,ตำบลท่าอิฐ,Tambon Tha It,5301,17.613,100.079,2019-08-09T03:33:09.000+07:00,2025-09-20T06:31:26.000+07:00,
530102,53000,ตำบลท่าเสา,Tambon Tha Sao,5301,17.652,100.086,2019-08-09T03:33:09.000+07:00,2025-09-20T06:31:26.000+07:00,
530103,53000,ตำบลบ้านเกาะ,Tambon Ban Ko,5301,17.579,100.117,2019-08-09T03:33:09.000+07:00,2025-09-20T06:31:26.000+07:00,
530104,53000,ตำบลป่าเซ่า,Tambon Pa Sao,5301,17.6,100.16,2019-08-09T03:33:09.000+07:00,2025-09-20T06:31:26.000+07:00,
530105,53000,ตำบลคุ้งตะเภา,Tambon Khung Taphao,5301,17.641,100.166,2019-08-09T03:33:09.000+07:00,2025-09-20T06:31:26.000+07:00,
530106,53170,ตำบลวังกะพี้,Tambon Wang Kaphi,5301,17.545,100.079,2019-08-09T03:33:09.000+07:00,2025-09-20T06:31:26.000+07:00,
530107,53000,ตำบลหาดกรวด,Tambon Hat Kruat,5301,17.562,100.199,2019-08-09T03:33:09.000+07:00,2025-09-20T06:31:26.000+07:00,
530108,53000,ตำบลน้ำริด,Tambon Nam Rit,5301,17.684,100.132,2019-08-09T03:33:09.000+07:00,2025-09-20T06:31:26.000+07:00,
530109,53000,ตำบลงิ้วงาม,Tambon Ngio Ngam,5301,17.702,100.174,2019-08-09T03:33:09.000+07:00,2025-09-20T06:31:26.000+07:00,
530110,53000,ตำบลบ้านด่านนาขาม,Tambon Ban Dan Na Kham,5301,17.784,100.161,2019-08-09T03:33:09.000+07:00,2025-09-20T06:31:26.000+07:00,
530111,53000,ตำบลบ้านด่าน,Tambon Ban Dan,5301,17.663,100.28,2019-08-09T03:33:09.000+07:00,2025-09-20T06:31:26.000+07:00,
530112,53000,ตำบลผาจุก,Tambon Pha Chuk,5301,17.639,100.243,2019-08-09T03:33:09.000+07:00,2025-09-20T06:31:26.000+07:00,
530113,53000,ตำบลวังดิน,Tambon Wang Din,5301,17.737,100.266,2019-08-09T03:33:09.000+07:00,2025-09-20T06:31:26.000+07:00,
530114,53000,ตำบลแสนตอ,Tambon Saen To,5301,17.651,100.365,2019-08-09T03:33:09.000+07:00,2025-09-20T06:31:26.000+07:00,
530115,53000,ตำบลหาดงิ้ว,Tambon Hat Ngio,5301,17.681,100.337,2019-08-09T03:33:09.000+07:00,2025-09-20T06:31:26.000+07:00,
530116,53000,ตำบลขุนฝาง,Tambon Khun Fang,5301,17.76,100.223,2019-08-09T03:33:09.000+07:00,2025-09-20T06:31:26.000+07:00,
530117,53000,ตำบลถ้ำฉลอง,Tambon Tham Chalong,5301,17.606,100.36,2019-08-09T03:33:09.000+07:00,2025-09-20T06:31:26.000+07:00,
530201,53140,ตำบลวังแดง,Tambon Wang Daeng,5302,17.488,100.113,2019-08-09T03:33:09.000+07:00,2025-09-20T06:31:26.000+07:00,
530202,53140,ตำบลบ้านแก่ง,Tambon Ban Kaeng,5302,17.441,100.158,2019-08-09T03:33:09.000+07:00,2025-09-20T06:31:26.000+07:00,
530203,53140,ตำบลหาดสองแคว,Tambon Hat Song Khwae,5302,17.426,100.115,2019-08-09T03:33:09.000+07:00,2025-09-20T06:31:26.000+07:00,
530204,53140,ตำบลน้ำอ่าง,Tambon Nam Ang,5302,17.456,100.215,2019-08-09T03:33:09.000+07:00,2025-09-20T06:31:26.000+07:00,
530205,53140,ตำบลข่อยสูง,Tambon Khoi Sung,5302,17.502,99.976,2019-08-09T03:33:09.000+07:00,2025-09-20T06:31:26.000+07:00,
530301,53150,ตำบลท่าปลา,Tambon Tha Pla,5303,17.845,100.448,2019-08-09T03:33:09.000+07:00,2025-09-20T06:31:26.000+07:00,
530302,53150,ตำบลหาดล้า,Tambon Hat La,5303,17.76,100.333,2019-08-09T03:33:09.000+07:00,2025-09-20T06:31:26.000+07:00,
530303,53190,ตำบลผาเลือด,Tambon Pha Lueat,5303,17.749,100.491,2019-08-09T03:33:09.000+07:00,2025-09-20T06:31:26.000+07:00,
530304,53150,ตำบลจริม,Tambon Charim,5303,17.834,100.353,2019-08-09T03:33:09.000+07:00,2025-09-20T06:31:26.000+07:00,
530305,53150,ตำบลน้ำหมัน,Tambon Nam Man,5303,17.862,100.25,2019-08-09T03:33:09.000+07:00,2025-09-20T06:31:26.000+07:00,
530306,53110,ตำบลท่าแฝก,Tambon Tha Faek,5303,17.92,100.615,2019-08-09T03:33:09.000+07:00,2025-09-20T06:31:26.000+07:00,
530307,53150,ตำบลนางพญา,Tambon Nang Phaya,5303,17.97,100.441,2019-08-09T03:33:09.000+07:00,2025-09-20T06:31:26.000+07:00,
530308,53190,ตำบลร่วมจิต,Tambon Ruam Chit,5303,17.718,100.329,2019-08-09T03:33:09.000+07:00,2025-09-20T06:31:26.000+07:00,
530401,53110,ตำบลแสนตอ,Tambon Saen To,5304,17.72,100.646,2019-08-09T03:33:09.000+07:00,2025-09-20T06:31:26.000+07:00,
530402,53110,ตำบลบ้านฝาย,Tambon Ban Fai,5304,17.74,100.758,2019-08-09T03:33:09.000+07:00,2025-09-20T06:31:26.000+07:00,
530403,53110,ตำบลเด่นเหล็ก,Tambon Den Lek,5304,17.82,100.788,2019-08-09T03:33:09.000+07:00,2025-09-20T06:31:26.000+07:00,
530404,53110,ตำบลน้ำไคร้,Tambon Nam Khrai,5304,17.608,100.542,2019-08-09T03:33:09.000+07:00,2025-09-20T06:31:26.000+07:00,
530405,53110,ตำบลน้ำไผ่,Tambon Nam Phai,5304,,,2019-08-09T03:33:09.000+07:00,2025-09-20T06:31:26.000+07:00,
530406,53110,ตำบลห้วยมุ่น,Tambon Huai Mun,5304,17.794,100.935,2019-08-09T03:33:09.000+07:00,2025-09-20T06:31:26.000+07:00,
530501,53160,ตำบลฟากท่า,Tambon Fak Tha,5305,18.068,100.937,2019-08-09T03:33:09.000+07:00,2025-09-20T06:31:26.000+07:00,
530502,53160,ตำบลสองคอน,Tambon Song Khon,5305,17.955,100.906,2019-08-09T03:33:09.000+07:00,2025-09-20T06:31:26.000+07:00,
530503,53160,ตำบลบ้านเสี้ยว,Tambon Ban Siao,5305,17.914,100.848,2019-08-09T03:33:09.000+07:00,2025-09-20T06:31:26.000+07:00,
530504,53160,ตำบลสองห้อง,Tambon Song Hong,5305,17.93,100.757,2019-08-09T03:33:09.000+07:00,2025-09-20T06:31:26.000+07:00,
530601,53180,ตำบลม่วงเจ็ดต้น,Tambon Muang Chet Ton,5306,18.115,101.062,2019-08-09T03:33:09.000+07:00,2025-09-20T06:31:26.000+07:00,
530602,53180,ตำบลบ้านโคก,Tambon Ban Khok,5306,18.008,101.084,2019-08-09T03:33:09.000+07:00,2025-09-20T06:31:26.000+07:00,
530603,53180,ตำบลนาขุม,Tambon Na Khum,5306,17.951,100.998,2019-08-09T03:33:09.000+07:00,2025-09-20T06:31:26.000+07:00,
530604,53180,ตำบลบ่อเบี้ย,Tambon Bo Bia,5306,18.253,101.044,2019-08-09T03:33:09.000+07:00,2025-09-20T06:31:26.000+07:00,
530701,53120,ตำบลในเมือง,Tambon Nai Mueang,5307,17.301,100.107,2019-08-09T03:33:09.000+07:00,2025-09-20T06:31:26.000+07:00,
530702,53220,ตำบลบ้านดารา,Tambon Ban Dara,5307,17.37,100.13,2019-08-09T03:33:09.000+07:00,2025-09-20T06:31:26.000+07:00,
530703,53120,ตำบลไร่อ้อย,Tambon Rai Oi,5307,17.358,100.027,2019-08-09T03:33:09.000+07:00,2025-09-20T06:31:26.000+07:00,
530704,53220,ตำบลท่าสัก,Tambon Tha Sak,5307,17.379,100.178,2019-08-09T03:33:09.000+07:00,2025-09-20T06:31:26.000+07:00,
530705,53120,ตำบลคอรุม,Tambon Kho Rum,5307,17.292,100.031,2019-08-09T03:33:09.000+07:00,2025-09-20T06:31:26.000+07:00,
530706,53120,ตำบลบ้านหม้อ,Tambon Ban Mo,5307,17.256,100.123,2019-08-09T03:33:09.000+07:00,2025-09-20T06:31:26.000+07:00,
530707,53120,ตำบลท่ามะเฟือง,Tambon Tha Mafueang,5307,17.238,100.021,2019-08-09T03:33:09.000+07:00,2025-09-20T06:31:26.000+07:00,
530708,53120,ตำบลบ้านโคน,Tambon Ban Khon,5307,17.208,100.138,2019-08-09T03:33:09.000+07:00,2025-09-20T06:31:26.000+07:00,
530709,53120,ตำบลพญาแมน,Tambon Phaya Maen,5307,17.187,100.016,2019-08-09T03:33:09.000+07:00,2025-09-20T06:31:26.000+07:00,
530710,53120,ตำบลนาอิน,Tambon Na In,5307,17.245,100.193,2019-08-09T03:33:09.000+07:00,2025-09-20T06:31:26.000+07:00,
530711,53120,ตำบลนายาง,Tambon Na Yang,5307,17.318,100.21,2019-08-09T03:33:09.000+07:00,2025-09-20T06:31:26.000+07:00,
530801,53130,ตำบลศรีพนมมาศ,Tambon Si Phanom Mat,5308,17.652,100.039,2019-08-09T03:33:09.000+07:00,2025-09-20T06:31:26.000+07:00,
530802,53130,ตำบลแม่พูล,Tambon Mae Phun,5308,17.746,99.968,2019-08-09T03:33:09.000+07:00,2025-09-20T06:31:26.000+07:00,
530803,53130,ตำบลนานกกก,Tambon Na Nok Kok,5308,17.754,100.072,2019-08-09T03:33:09.000+07:00,2025-09-20T06:31:26.000+07:00,
530804,53130,ตำบลฝายหลวง,Tambon Fai Luang,5308,17.651,99.997,2019-08-09T03:33:09.000+07:00,2025-09-20T06:31:26.000+07:00,
530805,53130,ตำบลชัยจุมพล,Tambon Chai Chumphon,5308,17.631,100.037,2019-08-09T03:33:09.000+07:00,2025-09-20T06:31:26.000+07:00,
530806,53210,ตำบลไผ่ล้อม,Tambon Phai Lom,5308,17.529,100.035,2019-08-09T03:33:09.000+07:00,2025-09-20T06:31:26.000+07:00,
530807,53210,ตำบลทุ่งยั้ง,Tambon Thung Yang,5308,17.58,100.015,2019-08-09T03:33:09.000+07:00,2025-09-20T06:31:26.000+07:00,
530808,53210,ตำบลด่านแม่คำมัน,Tambon Dan Mae Kham Man,5308,17.547,99.963,2019-08-09T03:33:09.000+07:00,2025-09-20T06:31:26.000+07:00,
530901,53230,ตำบลผักขวง,Tambon Phak Khuang,5309,17.535,100.415,2019-08-09T03:33:09.000+07:00,2025-09-20T06:31:26.000+07:00,
530902,53230,ตำบลบ่อทอง,Tambon Bo Thong,5309,17.444,100.356,2019-08-09T03:33:09.000+07:00,2025-09-20T06:31:26.000+07:00,
530903,53230,ตำบลป่าคาย,Tambon Pa Khai,5309,17.495,100.267,2019-08-09T03:33:09.000+07:00,2025-09-20T06:31:26.000+07:00,
530904,53230,ตำบลน้ำพี้,Tambon Nam Phi,5309,17.581,100.299,2019-08-09T03:33:09.000+07:00,2025-09-20T06:31:26.000+07:00,
540101,54000,ตำบลในเวียง,Tambon Nai Wiang,5401,18.14,100.142,2019-08-09T03:33:09.000+07:00,2025-09-20T06:31:26.000+07:00,
540102,54000,ตำบลนาจักร,Tambon Na Chak,5401,18.113,100.164,2019-08-09T03:33:09.000+07:00,2025-09-20T06:31:26.000+07:00,
540103,54000,ตำบลน้ำชำ,Tambon Nam Cham,5401,,,2019-08-09T03:33:09.000+07:00,2025-09-20T06:31:26.000+07:00,
540104,54000,ตำบลป่าแดง,Tambon Pa Daeng,5401,18.063,100.316,2019-08-09T03:33:09.000+07:00,2025-09-20T06:31:26.000+07:00,
540105,54000,ตำบลทุ่งโฮ้ง,Tambon Thung Hong,5401,18.188,100.196,2019-08-09T03:33:09.000+07:00,2025-09-20T06:31:26.000+07:00,
540106,54000,ตำบลเหมืองหม้อ,Tambon Mueang Mo,5401,18.163,100.21,2019-08-09T03:33:09.000+07:00,2025-09-20T06:31:26.000+07:00,
540107,54000,ตำบลวังธง,Tambon Wang Thong,5401,18.209,100.11,2019-08-09T03:33:09.000+07:00,2025-09-20T06:31:26.000+07:00,
540108,54000,ตำบลแม่หล่าย,Tambon Mae Lai,5401,18.215,100.204,2019-08-09T03:33:09.000+07:00,2025-09-20T06:31:26.000+07:00,
540109,54000,ตำบลห้วยม้า,Tambon Huai Ma,5401,18.228,100.237,2019-08-09T03:33:09.000+07:00,2025-09-20T06:31:26.000+07:00,
540110,54000,ตำบลป่าแมต,Tambon Pa Maet,5401,18.158,100.092,2019-08-09T03:33:09.000+07:00,2025-09-20T06:31:26.000+07:00,
540111,54000,ตำบลบ้านถิ่น,Tambon Ban Thin,5401,18.154,100.224,2019-08-09T03:33:09.000+07:00,2025-09-20T06:31:26.000+07:00,
540112,54000,ตำบลสวนเขื่อน,Tambon Suan Khuean,5401,18.128,100.306,2019-08-09T03:33:09.000+07:00,2025-09-20T06:31:26.000+07:00,
540113,54000,ตำบลวังหงส์,Tambon Wang Hong,5401,,,2019-08-09T03:33:09.000+07:00,2025-09-20T06:31:26.000+07:00,
540114,54000,ตำบลแม่คำมี,Tambon Mae Kham Mi,5401,18.247,100.217,2019-08-09T03:33:09.000+07:00,2025-09-20T06:31:26.000+07:00,
540115,54000,ตำบลทุ่งกวาว,Tambon Thung Kwao,5401,18.165,100.154,2019-08-09T03:33:09.000+07:00,2025-09-20T06:31:26.000+07:00,
540116,54000,ตำบลท่าข้าม,Tambon Tha Kham,5401,18.229,100.126,2019-08-09T03:33:09.000+07:00,2025-09-20T06:31:26.000+07:00,
540117,54000,ตำบลแม่ยม,Tambon Mae Yom,5401,18.187,100.157,2019-08-09T03:33:09.000+07:00,2025-09-20T06:31:26.000+07:00,
540118,54000,ตำบลช่อแฮ,Tambon Cho Hae,5401,17.954,100.323,2019-08-09T03:33:09.000+07:00,2025-09-20T06:31:26.000+07:00,
540119,54000,ตำบลร่องฟอง,Tambon Rong Fong,5401,18.167,100.193,2019-08-09T03:33:09.000+07:00,2025-09-20T06:31:26.000+07:00,
540120,54000,ตำบลกาญจนา,Tambon Kanchana,5401,18.123,100.184,2019-08-09T03:33:09.000+07:00,2025-09-20T06:31:26.000+07:00,
540201,54140,ตำบลร้องกวาง,Tambon Rong Kwang,5402,18.351,100.336,2019-08-09T03:33:09.000+07:00,2025-09-20T06:31:26.000+07:00,
540204,54140,ตำบลร้องเข็ม,Tambon Rong Khem,5402,18.293,100.313,2019-08-09T03:33:09.000+07:00,2025-09-20T06:31:26.000+07:00,
540205,54140,ตำบลน้ำเลา,Tambon Nam Lao,5402,18.254,100.309,2019-08-09T03:33:09.000+07:00,2025-09-20T06:31:26.000+07:00,
540206,54140,ตำบลบ้านเวียง,Tambon Ban Wiang,5402,18.208,100.381,2019-08-09T03:33:09.000+07:00,2025-09-20T06:31:26.000+07:00,
540207,54140,ตำบลทุ่งศรี,Tambon Thung Si,5402,18.316,100.34,2019-08-09T03:33:09.000+07:00,2025-09-20T06:31:26.000+07:00,
540208,54140,ตำบลแม่ยางตาล,Tambon Mae Yang Tan,5402,18.304,100.257,2019-08-09T03:33:09.000+07:00,2025-09-20T06:31:26.000+07:00,
540209,54140,ตำบลแม่ยางฮ่อ,Tambon Mae Yang Ho,5402,18.35,100.26,2019-08-09T03:33:09.000+07:00,2025-09-20T06:31:26.000+07:00,
540210,54140,ตำบลไผ่โทน,Tambon Phai Thon,5402,18.32,100.464,2019-08-09T03:33:09.000+07:00,2025-09-20T06:31:26.000+07:00,
540213,54140,ตำบลห้วยโรง,Tambon Huai Rong,5402,18.432,100.513,2019-08-09T03:33:09.000+07:00,2025-09-20T06:31:26.000+07:00,
540214,54140,ตำบลแม่ทราย,Tambon Mae Sai,5402,18.411,100.314,2019-08-09T03:33:09.000+07:00,2025-09-20T06:31:26.000+07:00,
540215,54140,ตำบลแม่ยางร้อง,Tambon Mae Yang Rong,5402,18.396,100.248,2019-08-09T03:33:09.000+07:00,2025-09-20T06:31:26.000+07:00,
540301,54150,ตำบลห้วยอ้อ,Tambon Huai O,5403,18.131,99.825,2019-08-09T03:33:09.000+07:00,2025-09-20T06:31:26.000+07:00,
540302,54150,ตำบลบ้านปิน,Tambon Ban Pin,5403,18.065,99.937,2019-08-09T03:33:09.000+07:00,2025-09-20T06:31:26.000+07:00,
540303,54150,ตำบลต้าผามอก,Tambon Ta Pha Mok,5403,18.151,99.983,2019-08-09T03:33:09.000+07:00,2025-09-20T06:31:26.000+07:00,
540304,54150,ตำบลเวียงต้า,Tambon Wiang Ta,5403,18.303,99.999,2019-08-09T03:33:09.000+07:00,2025-09-20T06:31:26.000+07:00,
540305,54150,ตำบลปากกาง,Tambon Pak Kang,5403,18.042,99.811,2019-08-09T03:33:09.000+07:00,2025-09-20T06:31:26.000+07:00,
540306,54150,ตำบลหัวทุ่ง,Tambon Hua Thung,5403,18.093,99.776,2019-08-09T03:33:09.000+07:00,2025-09-20T06:31:26.000+07:00,
540307,54150,ตำบลทุ่งแล้ง,Tambon Thung Laeng,5403,17.959,99.752,2019-08-09T03:33:09.000+07:00,2025-09-20T06:31:26.000+07:00,
540308,54150,ตำบลบ่อเหล็กลอง,Tambon Bo Lek Long,5403,18.013,99.719,2019-08-09T03:33:09.000+07:00,2025-09-20T06:31:26.000+07:00,
540309,54150,ตำบลแม่ปาน,Tambon Mae Pan,5403,17.986,99.871,2019-08-09T03:33:09.000+07:00,2025-09-20T06:31:26.000+07:00,
540401,54130,ตำบลสูงเม่น,Tambon Sung Men,5404,18.059,100.087,2019-08-09T03:33:09.000+07:00,2025-09-20T06:31:26.000+07:00,
540402,54130,ตำบลน้ำชำ,Tambon Nam Cham,5404,18.034,100.091,2019-08-09T03:33:09.000+07:00,2025-09-20T06:31:26.000+07:00,
540403,54130,ตำบลหัวฝาย,Tambon Hua Fai,5404,17.961,100.188,2019-08-09T03:33:09.000+07:00,2025-09-20T06:31:26.000+07:00,
540404,54130,ตำบลดอนมูล,Tambon Don Mun,5404,18.067,100.126,2019-08-09T03:33:09.000+07:00,2025-09-20T06:31:26.000+07:00,
540405,54130,ตำบลบ้านเหล่า,Tambon Ban Lao,5404,18.015,100.206,2019-08-09T03:33:09.000+07:00,2025-09-20T06:31:26.000+07:00,
540406,54130,ตำบลบ้านกวาง,Tambon Ban Kwang,5404,18.033,100.222,2019-08-09T03:33:09.000+07:00,2025-09-20T06:31:26.000+07:00,
540407,54130,ตำบลบ้านปง,Tambon Ban Pong,5404,18.06,100.026,2019-08-09T03:33:09.000+07:00,2025-09-20T06:31:26.000+07:00,
540408,54130,ตำบลบ้านกาศ,Tambon Ban Kat,5404,18.09,100.168,2019-08-09T03:33:09.000+07:00,2025-09-20T06:31:26.000+07:00,
540409,54130,ตำบลร่องกาศ,Tambon Rong Kat,5404,18.096,100.126,2019-08-09T03:33:09.000+07:00,2025-09-20T06:31:26.000+07:00,
540410,54130,ตำบลสบสาย,Tambon Sop Sai,5404,18.102,100.023,2019-08-09T03:33:09.000+07:00,2025-09-20T06:31:26.000+07:00,
540411,54000,ตำบลเวียงทอง,Tambon Wiang Thong,5404,18.124,100.046,2019-08-09T03:33:09.000+07:00,2025-09-20T06:31:26.000+07:00,
540412,54130,ตำบลพระหลวง,Tambon Phra Luang,5404,18.069,100.111,2019-08-09T03:33:09.000+07:00,2025-09-20T06:31:26.000+07:00,
540501,54110,ตำบลเด่นชัย,Tambon Den Chai,5405,17.973,100.04,2019-08-09T03:33:09.000+07:00,2025-09-20T06:31:26.000+07:00,
540502,54110,ตำบลแม่จั๊วะ,Tambon Mae Chua,5405,17.975,100.104,2019-08-09T03:33:09.000+07:00,2025-09-20T06:31:26.000+07:00,
540503,54110,ตำบลไทรย้อย,Tambon Sai Yoi,5405,17.892,99.956,2019-08-09T03:33:09.000+07:00,2025-09-20T06:31:26.000+07:00,
540504,54110,ตำบลห้วยไร่,Tambon Huai Rai,5405,17.898,100.09,2019-08-09T03:33:09.000+07:00,2025-09-20T06:31:26.000+07:00,
540505,54110,ตำบลปงป่าหวาย,Tambon Pong Pa Wai,5405,18.024,99.991,2019-08-09T03:33:09.000+07:00,2025-09-20T06:31:26.000+07:00,
540601,54120,ตำบลบ้านหนุน,Tambon Ban Nun,5406,18.437,100.234,2019-08-09T03:33:09.000+07:00,2025-09-20T06:31:26.000+07:00,
540602,54120,ตำบลบ้านกลาง,Tambon Ban Klang,5406,18.485,100.183,2019-08-09T03:33:09.000+07:00,2025-09-20T06:31:26.000+07:00,
540603,54120,ตำบลห้วยหม้าย,Tambon Huai Mai,5406,18.418,100.089,2019-08-09T03:33:09.000+07:00,2025-09-20T06:31:26.000+07:00,
540604,54120,ตำบลเตาปูน,Tambon Tao Pun,5406,18.531,100.271,2019-08-09T03:33:09.000+07:00,2025-09-20T06:31:26.000+07:00,
540605,54120,ตำบลหัวเมือง,Tambon Hua Mueang,5406,18.333,100.181,2019-08-09T03:33:09.000+07:00,2025-09-20T06:31:26.000+07:00,
540606,54120,ตำบลสะเอียบ,Tambon Sa-iap,5406,18.709,100.247,2019-08-09T03:33:09.000+07:00,2025-09-20T06:31:26.000+07:00,
540607,54120,ตำบลแดนชุมพล,Tambon Daen Chumphon,5406,18.365,100.198,2019-08-09T03:33:09.000+07:00,2025-09-20T06:31:26.000+07:00,
540608,54120,ตำบลทุ่งน้าว,Tambon Thung Nao,5406,18.402,100.2,2019-08-09T03:33:09.000+07:00,2025-09-20T06:31:26.000+07:00,
540701,54160,ตำบลวังชิ้น,Tambon Wang Chin,5407,17.861,99.647,2019-08-09T03:33:09.000+07:00,2025-09-20T06:31:26.000+07:00,
540702,54160,ตำบลสรอย,Tambon Saroi,5407,17.759,99.425,2019-08-09T03:33:09.000+07:00,2025-09-20T06:31:26.000+07:00,
540703,54160,ตำบลแม่ป้าก,Tambon Mae Pak,5407,18.005,99.638,2019-08-09T03:33:09.000+07:00,2025-09-20T06:31:26.000+07:00,
540704,54160,ตำบลนาพูน,Tambon Na Phun,5407,17.85,99.79,2019-08-09T03:33:09.000+07:00,2025-09-20T06:31:26.000+07:00,
540705,54160,ตำบลแม่พุง,Tambon Mae Phung,5407,17.866,99.539,2019-08-09T03:33:09.000+07:00,2025-09-20T06:31:26.000+07:00,
540706,54160,ตำบลป่าสัก,Tambon Pa Sak,5407,17.826,99.472,2019-08-09T03:33:09.000+07:00,2025-09-20T06:31:26.000+07:00,
540707,54160,ตำบลแม่เกิ๋ง,Tambon Mae Koeng,5407,17.945,99.556,2019-08-09T03:33:09.000+07:00,2025-09-20T06:31:26.000+07:00,
540801,54170,ตำบลแม่คำมี,Tambon Mae Kham Mi,5408,18.271,100.218,2019-08-09T03:33:09.000+07:00,2025-09-20T06:31:26.000+07:00,
540802,54170,ตำบลหนองม่วงไข่,Tambon Nong Muang Khai,5408,18.295,100.208,2019-08-09T03:33:09.000+07:00,2025-09-20T06:31:26.000+07:00,
540803,54170,ตำบลน้ำรัด,Tambon Nam Rat,5408,18.268,100.138,2019-08-09T03:33:09.000+07:00,2025-09-20T06:31:26.000+07:00,
540804,54170,ตำบลวังหลวง,Tambon Wang Luang,5408,18.294,100.115,2019-08-09T03:33:09.000+07:00,2025-09-20T06:31:26.000+07:00,
540805,54170,ตำบลตำหนักธรรม,Tambon Tamnak Tham,5408,18.271,100.266,2019-08-09T03:33:09.000+07:00,2025-09-20T06:31:26.000+07:00,
540806,54170,ตำบลทุ่งแค้ว,Tambon Thung Khaeo,5408,18.32,100.12,2019-08-09T03:33:09.000+07:00,2025-09-20T06:31:26.000+07:00,
550101,55000,ตำบลในเวียง,Tambon Nai Wiang,5501,18.793,100.786,2019-08-09T03:33:09.000+07:00,2025-09-20T06:31:26.000+07:00,
550102,55000,ตำบลบ่อ,Tambon Bo,5501,18.97,100.721,2019-08-09T03:33:09.000+07:00,2025-09-20T06:31:26.000+07:00,
550103,55000,ตำบลผาสิงห์,Tambon Pha Sing,5501,18.85,100.749,2019-08-09T03:33:09.000+07:00,2025-09-20T06:31:26.000+07:00,
550104,55000,ตำบลไชยสถาน,Tambon Chai Sathan,5501,18.783,100.731,2019-08-09T03:33:09.000+07:00,2025-09-20T06:31:26.000+07:00,
550105,55000,ตำบลถืมตอง,Tambon Thuem Tong,5501,18.797,100.712,2019-08-09T03:33:09.000+07:00,2025-09-20T06:31:26.000+07:00,
550106,55000,ตำบลเรือง,Tambon Rueang,5501,18.783,100.615,2019-08-09T03:33:09.000+07:00,2025-09-20T06:31:26.000+07:00,
550107,55000,ตำบลนาซาว,Tambon Na Sao,5501,,,2019-08-09T03:33:09.000+07:00,2025-09-20T06:31:26.000+07:00,
550108,55000,ตำบลดู่ใต้,Tambon Du Tai,5501,18.724,100.739,2019-08-09T03:33:09.000+07:00,2025-09-20T06:31:26.000+07:00,
550109,55000,ตำบลกองควาย,Tambon Kong Khwai,5501,18.686,100.732,2019-08-09T03:33:09.000+07:00,2025-09-20T06:31:26.000+07:00,
550116,55000,ตำบลสวก,Tambon Suak,5501,18.742,100.624,2019-08-09T03:33:09.000+07:00,2025-09-20T06:31:26.000+07:00,
550117,55000,ตำบลสะเนียน,Tambon Sanian,5501,18.912,100.592,2019-08-09T03:33:09.000+07:00,2025-09-20T06:31:26.000+07:00,
550202,55170,ตำบลหนองแดง,Tambon Nong Daeng,5502,18.736,101.025,2019-08-09T03:33:09.000+07:00,2025-09-20T06:31:26.000+07:00,
550203,55170,ตำบลหมอเมือง,Tambon Mo Mueang,5502,18.687,100.975,2019-08-09T03:33:09.000+07:00,2025-09-20T06:31:26.000+07:00,
550204,55170,ตำบลน้ำพาง,Tambon Nam Phang,5502,18.611,101.057,2019-08-09T03:33:09.000+07:00,2025-09-20T06:31:26.000+07:00,
550205,55170,ตำบลน้ำปาย,Tambon Nam Pai,5502,18.641,100.961,2019-08-09T03:33:09.000+07:00,2025-09-20T06:31:26.000+07:00,
550206,55170,ตำบลแม่จริม,Tambon Mae Charim,5502,18.824,101.045,2019-08-09T03:33:09.000+07:00,2025-09-20T06:31:26.000+07:00,
550301,55190,ตำบลบ้านฟ้า,Tambon Ban Fa,5503,18.782,100.429,2019-08-09T03:33:09.000+07:00,2025-09-20T06:31:26.000+07:00,
550302,55190,ตำบลป่าคาหลวง,Tambon Pa Kha Luang,5503,18.858,100.405,2019-08-09T03:33:09.000+07:00,2025-09-20T06:31:26.000+07:00,
550303,55190,ตำบลสวด,Tambon Suat,5503,18.849,100.484,2019-08-09T03:33:09.000+07:00,2025-09-20T06:31:26.000+07:00,
550304,55190,ตำบลบ้านพี้,Tambon Ban Phi,5503,18.907,100.425,2019-08-09T03:33:09.000+07:00,2025-09-20T06:31:26.000+07:00,
550401,55150,ตำบลนาน้อย,Tambon Na Noi,5504,18.313,100.681,2019-08-09T03:33:09.000+07:00,2025-09-20T06:31:26.000+07:00,
550402,55150,ตำบลเชียงของ,Tambon Chiang Khong,5504,18.273,100.884,2019-08-09T03:33:09.000+07:00,2025-09-20T06:31:26.000+07:00,
550403,55150,ตำบลศรีษะเกษ,Tambon Sisaket,5504,18.369,100.771,2019-08-09T03:33:09.000+07:00,2025-09-20T06:31:26.000+07:00,
550404,55150,ตำบลสถาน,Tambon Sathan,5504,18.236,100.745,2019-08-09T03:33:09.000+07:00,2025-09-20T06:31:26.000+07:00,
550405,55150,ตำบลสันทะ,Tambon Santha,5504,18.276,100.567,2019-08-09T03:33:09.000+07:00,2025-09-20T06:31:26.000+07:00,
550406,55150,ตำบลบัวใหญ่,Tambon Bua Yai,5504,18.35,100.57,2019-08-09T03:33:09.000+07:00,2025-09-20T06:31:26.000+07:00,
550407,55150,ตำบลน้ำตก,Tambon Nam Tok,5504,18.394,100.629,2019-08-09T03:33:09.000+07:00,2025-09-20T06:31:26.000+07:00,
550501,55120,ตำบลปัว,Tambon Pua,5505,19.168,100.903,2019-08-09T03:33:09.000+07:00,2025-09-20T06:31:26.000+07:00,
550502,55120,ตำบลแงง,Tambon Ngaeng,5505,19.197,100.849,2019-08-09T03:33:09.000+07:00,2025-09-20T06:31:26.000+07:00,
550503,55120,ตำบลสถาน,Tambon Sathan,5505,19.224,100.951,2019-08-09T03:33:09.000+07:00,2025-09-20T06:31:26.000+07:00,
550504,55120,ตำบลศิลาแลง,Tambon Sila Laeng,5505,19.148,100.967,2019-08-09T03:33:09.000+07:00,2025-09-20T06:31:26.000+07:00,
550505,55120,ตำบลศิลาเพชร,Tambon Sila Phet,5505,19.097,100.957,2019-08-09T03:33:09.000+07:00,2025-09-20T06:31:26.000+07:00,
550506,55120,ตำบลอวน,Tambon Uan,5505,19.029,100.998,2019-08-09T03:33:09.000+07:00,2025-09-20T06:31:26.000+07:00,
550509,55120,ตำบลไชยวัฒนา,Tambon Chai Watthana,5505,19.222,100.895,2019-08-09T03:33:09.000+07:00,2025-09-20T06:31:26.000+07:00,
550510,55120,ตำบลเจดีย์ชัย,Tambon Chedi Chai,5505,,,2019-08-09T03:33:09.000+07:00,2025-09-20T06:31:26.000+07:00,
550511,55120,ตำบลภูคา,Tambon Phu Kha,5505,19.254,101.091,2019-08-09T03:33:09.000+07:00,2025-09-20T06:31:26.000+07:00,
550512,55120,ตำบลสกาด,Tambon Sakat,5505,19.27,101.031,2019-08-09T03:33:09.000+07:00,2025-09-20T06:31:26.000+07:00,
550513,55120,ตำบลป่ากลาง,Tambon Pa Klang,5505,19.13,100.9,2019-08-09T03:33:09.000+07:00,2025-09-20T06:31:26.000+07:00,
550514,55120,ตำบลวรนคร,Tambon Woranakhon,5505,19.176,100.947,2019-08-09T03:33:09.000+07:00,2025-09-20T06:31:26.000+07:00,
550601,55140,ตำบลริม,Tambon Rim,5506,19.119,100.798,2019-08-09T03:33:09.000+07:00,2025-09-20T06:31:26.000+07:00,
550602,55140,ตำบลป่าคา,Tambon Pa Kha,5506,19.107,100.665,2019-08-09T03:33:09.000+07:00,2025-09-20T06:31:26.000+07:00,
550603,55140,ตำบลผาตอ,Tambon Pha To,5506,19.214,100.774,2019-08-09T03:33:09.000+07:00,2025-09-20T06:31:26.000+07:00,
550604,55140,ตำบลยม,Tambon Yom,5506,19.061,100.926,2019-08-09T03:33:09.000+07:00,2025-09-20T06:31:26.000+07:00,
550605,55140,ตำบลตาลชุม,Tambon Tan Chum,5506,19.022,100.829,2019-08-09T03:33:09.000+07:00,2025-09-20T06:31:26.000+07:00,
550606,55140,ตำบลศรีภูมิ,Tambon Si Phum,5506,19.069,100.726,2019-08-09T03:33:09.000+07:00,2025-09-20T06:31:26.000+07:00,
550607,55140,ตำบลจอมพระ,Tambon Chom Phra,5506,19.103,100.865,2019-08-09T03:33:09.000+07:00,2025-09-20T06:31:26.000+07:00,
550608,55140,ตำบลแสนทอง,Tambon Saen Thong,5506,19.14,100.751,2019-08-09T03:33:09.000+07:00,2025-09-20T06:31:26.000+07:00,
550609,55140,ตำบลท่าวังผา,Tambon Tha Wang Pha,5506,19.128,100.831,2019-08-09T03:33:09.000+07:00,2025-09-20T06:31:26.000+07:00,
550610,55140,ตำบลผาทอง,Tambon Pha Thong,5506,,,2019-08-09T03:33:09.000+07:00,2025-09-20T06:31:26.000+07:00,
550701,55110,ตำบลกลางเวียง,Tambon Klang Wiang,5507,18.577,100.74,2019-08-09T03:33:09.000+07:00,2025-09-20T06:31:26.000+07:00,
550702,55110,ตำบลขึ่ง,Tambon Khueng,5507,18.53,100.834,2019-08-09T03:33:09.000+07:00,2025-09-20T06:31:26.000+07:00,
550703,55110,ตำบลไหล่น่าน,Tambon Lai Nan,5507,18.59,100.93,2019-08-09T03:33:09.000+07:00,2025-09-20T06:31:26.000+07:00,
550704,55110,ตำบลตาลชุม,Tambon Tan Chum,5507,18.637,100.783,2019-08-09T03:33:09.000+07:00,2025-09-20T06:31:26.000+07:00,
550705,55110,ตำบลนาเหลือง,Tambon Na Lueang,5507,18.679,100.837,2019-08-09T03:33:09.000+07:00,2025-09-20T06:31:26.000+07:00,
550706,55110,ตำบลส้าน,Tambon San,5507,18.464,100.729,2019-08-09T03:33:09.000+07:00,2025-09-20T06:31:26.000+07:00,
550707,55110,ตำบลน้ำมวบ,Tambon Nam Muap,5507,18.444,100.94,2019-08-09T03:33:09.000+07:00,2025-09-20T06:31:26.000+07:00,
550708,55110,ตำบลน้ำปั้ว,Tambon Nam Pua,5507,18.639,100.725,2019-08-09T03:33:09.000+07:00,2025-09-20T06:31:26.000+07:00,
550709,55110,ตำบลยาบหัวนา,Tambon Yap Hua Na,5507,18.611,100.471,2019-08-09T03:33:09.000+07:00,2025-09-20T06:31:26.000+07:00,
550710,55110,ตำบลปงสนุก,Tambon Pong Sanuk,5507,18.6,100.648,2019-08-09T03:33:09.000+07:00,2025-09-20T06:31:26.000+07:00,
550711,55110,ตำบลอ่ายนาไลย,Tambon Ai Na Lai,5507,18.514,100.541,2019-08-09T03:33:09.000+07:00,2025-09-20T06:31:26.000+07:00,
550712,55110,ตำบลส้านนาหนองใหม่,Tambon San Na Nong Mai,5507,18.531,100.996,2019-08-09T03:33:09.000+07:00,2025-09-20T06:31:26.000+07:00,
550713,55110,ตำบลแม่ขะนิง,Tambon Mae Khaning,5507,18.718,100.552,2019-08-09T03:33:09.000+07:00,2025-09-20T06:31:26.000+07:00,
550714,55110,ตำบลแม่สาคร,Tambon Mae Sakhon,5507,18.474,100.637,2019-08-09T03:33:09.000+07:00,2025-09-20T06:31:26.000+07:00,
550715,55110,ตำบลจอมจันทร์,Tambon Chom Chan,5507,18.637,100.896,2019-08-09T03:33:09.000+07:00,2025-09-20T06:31:26.000+07:00,
550716,55110,ตำบลแม่สา,Tambon Mae Sa,5507,18.564,100.66,2019-08-09T03:33:09.000+07:00,2025-09-20T06:31:26.000+07:00,
550717,55110,ตำบลทุ่งศรีทอง,Tambon Thung Si Thong,5507,18.661,100.694,2019-08-09T03:33:09.000+07:00,2025-09-20T06:31:26.000+07:00,
550801,55130,ตำบลปอน,Tambon Pon,5508,19.535,100.975,2019-08-09T03:33:09.000+07:00,2025-09-20T06:31:26.000+07:00,
550802,55130,ตำบลงอบ,Tambon Ngop,5508,19.514,100.849,2019-08-09T03:33:09.000+07:00,2025-09-20T06:31:26.000+07:00,
550803,55130,ตำบลและ,Tambon Lae,5508,19.447,100.811,2019-08-09T03:33:09.000+07:00,2025-09-20T06:31:26.000+07:00,
550804,55130,ตำบลทุ่งช้าง,Tambon Thung Chang,5508,19.39,100.834,2019-08-09T03:33:09.000+07:00,2025-09-20T06:31:26.000+07:00,
550901,55160,ตำบลเชียงกลาง,Tambon Chiang Klang,5509,19.32,100.97,2019-08-09T03:33:09.000+07:00,2025-09-20T06:31:26.000+07:00,
550902,55160,ตำบลเปือ,Tambon Puea,5509,19.324,100.843,2019-08-09T03:33:09.000+07:00,2025-09-20T06:31:26.000+07:00,
550903,55160,ตำบลเชียงคาน,Tambon Chiang Khan,5509,19.246,100.855,2019-08-09T03:33:09.000+07:00,2025-09-20T06:31:26.000+07:00,
550904,55160,ตำบลพระธาตุ,Tambon Phra That,5509,19.338,100.925,2019-08-09T03:33:09.000+07:00,2025-09-20T06:31:26.000+07:00,
550908,55160,ตำบลพญาแก้ว,Tambon Phaya Kaeo,5509,19.27,100.909,2019-08-09T03:33:09.000+07:00,2025-09-20T06:31:26.000+07:00,
550909,55160,ตำบลพระพุทธบาท,Tambon Phra Phutthabat,5509,19.258,100.814,2019-08-09T03:33:09.000+07:00,2025-09-20T06:31:26.000+07:00,
551001,55180,ตำบลนาทะนุง,Tambon Na Thanung,5510,18.117,100.615,2019-08-09T03:33:09.000+07:00,2025-09-20T06:31:26.000+07:00,
551002,55180,ตำบลบ่อแก้ว,Tambon Bo Kaeo,5510,18.139,100.832,2019-08-09T03:33:09.000+07:00,2025-09-20T06:31:26.000+07:00,
551003,55180,ตำบลเมืองลี,Tambon Mueang Li,5510,18.226,100.505,2019-08-09T03:33:09.000+07:00,2025-09-20T06:31:26.000+07:00,
551004,55180,ตำบลปิงหลวง,Tambon Ping Luang,5510,18.115,100.486,2019-08-09T03:33:09.000+07:00,2025-09-20T06:31:26.000+07:00,
551101,55210,ตำบลดู่พงษ์,Tambon Du Phong,5511,18.898,100.902,2019-08-09T03:33:09.000+07:00,2025-09-20T06:31:26.000+07:00,
551102,55210,ตำบลป่าแลวหลวง,Tambon Pa Laeo Luang,5511,18.957,100.95,2019-08-09T03:33:09.000+07:00,2025-09-20T06:31:26.000+07:00,
551103,55210,ตำบลพงษ์,Tambon Phong,5511,18.899,100.983,2019-08-09T03:33:09.000+07:00,2025-09-20T06:31:26.000+07:00,
551201,55220,ตำบลบ่อเกลือเหนือ,Tambon Bo Kluea Nuea,5512,19.297,101.176,2019-08-09T03:33:09.000+07:00,2025-09-20T06:31:26.000+07:00,
551202,55220,ตำบลบ่อเกลือใต้,Tambon Bo Kluea Tai,5512,19.127,101.13,2019-08-09T03:33:09.000+07:00,2025-09-20T06:31:26.000+07:00,
551204,55220,ตำบลภูฟ้า,Tambon Phu Fa,5512,18.973,101.201,2019-08-09T03:33:09.000+07:00,2025-09-20T06:31:26.000+07:00,
551205,55220,ตำบลดงพญา,Tambon Dong Phaya,5512,19.22,101.198,2019-08-09T03:33:09.000+07:00,2025-09-20T06:31:26.000+07:00,
551301,55160,ตำบลนาไร่หลวง,Tambon Na Rai Luang,5513,19.339,100.704,2019-08-09T03:33:09.000+07:00,2025-09-20T06:31:26.000+07:00,
551302,55160,ตำบลชนแดน,Tambon Chon Daen,5513,19.462,100.691,2019-08-09T03:33:09.000+07:00,2025-09-20T06:31:26.000+07:00,
551303,55160,ตำบลยอด,Tambon Yot,5513,19.384,100.567,2019-08-09T03:33:09.000+07:00,2025-09-20T06:31:26.000+07:00,
551401,55000,ตำบลม่วงตึ๊ด,Tambon Muang Tuet,5514,18.756,100.816,2019-08-09T03:33:09.000+07:00,2025-09-20T06:31:26.000+07:00,
551402,55000,ตำบลนาปัง,Tambon Na Pang,5514,18.696,100.801,2019-08-09T03:33:09.000+07:00,2025-09-20T06:31:26.000+07:00,
551403,55000,ตำบลน้ำแก่น,Tambon Nam Kaen,5514,18.698,100.88,2019-08-09T03:33:09.000+07:00,2025-09-20T06:31:26.000+07:00,
551404,55000,ตำบลน้ำเกี๋ยน,Tambon Nam Kian,5514,18.737,100.841,2019-08-09T03:33:09.000+07:00,2025-09-20T06:31:26.000+07:00,
551405,55000,ตำบลเมืองจัง,Tambon Mueang Chang,5514,18.878,100.83,2019-08-09T03:33:09.000+07:00,2025-09-20T06:31:26.000+07:00,
551406,55000,ตำบลท่าน้าว,Tambon Tha Nao,5514,18.731,100.791,2019-08-09T03:33:09.000+07:00,2025-09-20T06:31:26.000+07:00,
551407,55000,ตำบลฝายแก้ว,Tambon Fai Kaeo,5514,18.803,100.933,2019-08-09T03:33:09.000+07:00,2025-09-20T06:31:26.000+07:00,
551501,55130,ตำบลห้วยโก๋น,Tambon Huai Kon,5515,19.559,101.046,2019-08-09T03:33:09.000+07:00,2025-09-20T06:31:26.000+07:00,
551502,55130,ตำบลขุนน่าน,Tambon Khun Nan,5515,19.45,101.128,2019-08-09T03:33:09.000+07:00,2025-09-20T06:31:26.000+07:00,
560101,56000,ตำบลเวียง,Tambon Wiang,5601,19.172,99.894,2019-08-09T03:33:09.000+07:00,2025-09-20T06:31:26.000+07:00,
560102,56000,ตำบลแม่ต๋ำ,Tambon Mae Tam,5601,19.142,99.912,2019-08-09T03:33:09.000+07:00,2025-09-20T06:31:26.000+07:00,
560104,56000,ตำบลแม่นาเรือ,Tambon Mae Na Ruea,5601,19.088,99.797,2019-08-09T03:33:09.000+07:00,2025-09-20T06:31:26.000+07:00,
560105,56000,ตำบลบ้านตุ่น,Tambon Ban Tun,5601,19.141,99.823,2019-08-09T03:33:09.000+07:00,2025-09-20T06:31:26.000+07:00,
560106,56000,ตำบลบ้านต๊ำ,Tambon Ban Tam,5601,19.216,99.756,2019-08-09T03:33:09.000+07:00,2025-09-20T06:31:26.000+07:00,
560107,56000,ตำบลบ้านต๋อม,Tambon Ban Tom,5601,19.198,99.8,2019-08-09T03:33:09.000+07:00,2025-09-20T06:31:26.000+07:00,
560108,56000,ตำบลแม่ปืม,Tambon Mae Puem,5601,,,2019-08-09T03:33:09.000+07:00,2025-09-20T06:31:26.000+07:00,
560110,56000,ตำบลแม่กา,Tambon Mae Ka,5601,19.049,99.917,2019-08-09T03:33:09.000+07:00,2025-09-20T06:31:26.000+07:00,
560111,56000,ตำบลบ้านใหม่,Tambon Ban Mai,5601,19.295,99.733,2019-08-09T03:33:09.000+07:00,2025-09-20T06:31:26.000+07:00,
560112,56000,ตำบลจำป่าหวาย,Tambon Cham Pa Wai,5601,19.105,99.945,2019-08-09T03:33:09.000+07:00,2025-09-20T06:31:26.000+07:00,
560113,56000,ตำบลท่าวังทอง,Tambon Tha Wang Thong,5601,19.202,99.927,2019-08-09T03:33:09.000+07:00,2025-09-20T06:31:26.000+07:00,
560114,56000,ตำบลแม่ใส,Tambon Mae Sai,5601,19.127,99.886,2019-08-09T03:33:09.000+07:00,2025-09-20T06:31:26.000+07:00,
560115,56000,ตำบลบ้านสาง,Tambon Ban Sang,5601,19.156,99.811,2019-08-09T03:33:09.000+07:00,2025-09-20T06:31:26.000+07:00,
560116,56000,ตำบลท่าจำปี,Tambon Tha Champi,5601,19.245,99.815,2019-08-09T03:33:09.000+07:00,2025-09-20T06:31:26.000+07:00,
560118,56000,ตำบลสันป่าม่วง,Tambon San Pa Muang,5601,19.166,99.759,2019-08-09T03:33:09.000+07:00,2025-09-20T06:31:26.000+07:00,
560201,56150,ตำบลห้วยข้าวก่ำ,Tambon Huai Khao Kam,5602,19.352,100.12,2019-08-09T03:33:09.000+07:00,2025-09-20T06:31:26.000+07:00,
560202,56150,ตำบลจุน,Tambon Chun,5602,19.282,100.152,2019-08-09T03:33:09.000+07:00,2025-09-20T06:31:26.000+07:00,
560203,56150,ตำบลลอ,Tambon Lo,5602,19.414,100.073,2019-08-09T03:33:09.000+07:00,2025-09-20T06:31:26.000+07:00,
560204,56150,ตำบลหงส์หิน,Tambon Hong Hin,5602,19.507,100.103,2019-08-09T03:33:09.000+07:00,2025-09-20T06:31:26.000+07:00,
560205,56150,ตำบลทุ่งรวงทอง,Tambon Thung Ruang Thong,5602,19.436,100.166,2019-08-09T03:33:09.000+07:00,2025-09-20T06:31:26.000+07:00,
560206,56150,ตำบลห้วยยางขาม,Tambon Huai Yang Kham,5602,19.378,100.163,2019-08-09T03:33:09.000+07:00,2025-09-20T06:31:26.000+07:00,
560207,56150,ตำบลพระธาตุขิงแกง,Tambon Phra That Khing Kaeng,5602,19.273,100.186,2019-08-09T03:33:09.000+07:00,2025-09-20T06:31:26.000+07:00,
560301,56110,ตำบลหย่วน,Tambon Yuan,5603,19.536,100.293,2019-08-09T03:33:09.000+07:00,2025-09-20T06:31:26.000+07:00,
560306,56110,ตำบลน้ำแวน,Tambon Nam Waen,5603,19.477,100.244,2019-08-09T03:33:09.000+07:00,2025-09-20T06:31:26.000+07:00,
560307,56110,ตำบลเวียง,Tambon Wiang,5603,19.495,100.327,2019-08-09T03:33:09.000+07:00,2025-09-20T06:31:26.000+07:00,
560308,56110,ตำบลฝายกวาง,Tambon Fai Kwang,5603,19.394,100.244,2019-08-09T03:33:09.000+07:00,2025-09-20T06:31:26.000+07:00,
560309,56110,ตำบลเจดีย์คำ,Tambon Chedi Kham,5603,19.537,100.337,2019-08-09T03:33:09.000+07:00,2025-09-20T06:31:26.000+07:00,
560310,56110,ตำบลร่มเย็น,Tambon Rom Yen,5603,19.511,100.504,2019-08-09T03:33:09.000+07:00,2025-09-20T06:31:26.000+07:00,
560311,56110,ตำบลเชียงบาน,Tambon Chiang Ban,5603,19.586,100.234,2019-08-09T03:33:09.000+07:00,2025-09-20T06:31:26.000+07:00,
560312,56110,ตำบลแม่ลาว,Tambon Mae Lao,5603,19.432,100.451,2019-08-09T03:33:09.000+07:00,2025-09-20T06:31:26.000+07:00,
560313,56110,ตำบลอ่างทอง,Tambon Ang Thong,5603,19.552,100.201,2019-08-09T03:33:09.000+07:00,2025-09-20T06:31:26.000+07:00,
560314,56110,ตำบลทุ่งผาสุข,Tambon Thung Pha Suk,5603,19.473,100.291,2019-08-09T03:33:09.000+07:00,2025-09-20T06:31:26.000+07:00,
560401,56160,ตำบลเชียงม่วน,Tambon Chiang Muan,5604,18.888,100.334,2019-08-09T03:33:09.000+07:00,2025-09-20T06:31:26.000+07:00,
560402,56160,ตำบลบ้านมาง,Tambon Ban Mang,5604,18.869,100.22,2019-08-09T03:33:09.000+07:00,2025-09-20T06:31:26.000+07:00,
560403,56160,ตำบลสระ,Tambon Sa,5604,18.992,100.404,2019-08-09T03:33:09.000+07:00,2025-09-20T06:31:26.000+07:00,
560501,56120,ตำบลดอกคำใต้,Tambon Dok Khamtai,5605,19.152,99.955,2019-08-09T03:33:09.000+07:00,2025-09-20T06:31:26.000+07:00,
560502,56120,ตำบลดอนศรีชุม,Tambon Don Si Chum,5605,19.157,100.026,2019-08-09T03:33:09.000+07:00,2025-09-20T06:31:26.000+07:00,
560503,56120,ตำบลบ้านถ้ำ,Tambon Ban Tham,5605,19.105,100.074,2019-08-09T03:33:09.000+07:00,2025-09-20T06:31:26.000+07:00,
560504,56120,ตำบลบ้านปิน,Tambon Ban Pin,5605,18.988,100.034,2019-08-09T03:33:09.000+07:00,2025-09-20T06:31:26.000+07:00,
560505,56120,ตำบลห้วยลาน,Tambon Huai Lan,5605,19.37,100.04,2019-08-09T03:33:09.000+07:00,2025-09-20T06:31:26.000+07:00,
560506,56120,ตำบลสันโค้ง,Tambon San Khong,5605,19.195,100.034,2019-08-09T03:33:09.000+07:00,2025-09-20T06:31:26.000+07:00,
560507,56120,ตำบลป่าซาง,Tambon Pa Sang,5605,19.284,100.084,2019-08-09T03:33:09.000+07:00,2025-09-20T06:31:26.000+07:00,
560508,56120,ตำบลหนองหล่ม,Tambon Nong Lom,5605,18.925,100.096,2019-08-09T03:33:09.000+07:00,2025-09-20T06:31:26.000+07:00,
560509,56120,ตำบลดงสุวรรณ,Tambon Dong Suwan,5605,19.242,100.053,2019-08-09T03:33:09.000+07:00,2025-09-20T06:31:26.000+07:00,
560510,56120,ตำบลบุญเกิด,Tambon Bun Koet,5605,19.134,99.998,2019-08-09T03:33:09.000+07:00,2025-09-20T06:31:26.000+07:00,
560511,56120,ตำบลสว่างอารมณ์,Tambon Sawang Arom,5605,19.194,99.982,2019-08-09T03:33:09.000+07:00,2025-09-20T06:31:26.000+07:00,
560512,56120,ตำบลคือเวียง,Tambon Khue Wiang,5605,19.085,100.014,2019-08-09T03:33:09.000+07:00,2025-09-20T06:31:26.000+07:00,
560601,56140,ตำบลปง,Tambon Pong,5606,19.102,100.205,2019-08-09T03:33:09.000+07:00,2025-09-20T06:31:26.000+07:00,
560602,56140,ตำบลควร,Tambon Khuan,5606,19.182,100.374,2019-08-09T03:33:09.000+07:00,2025-09-20T06:31:26.000+07:00,
560603,56140,ตำบลออย,Tambon Oi,5606,19.211,100.329,2019-08-09T03:33:09.000+07:00,2025-09-20T06:31:26.000+07:00,
560604,56140,ตำบลงิม,Tambon Ngim,5606,19.284,100.403,2019-08-09T03:33:09.000+07:00,2025-09-20T06:31:26.000+07:00,
560605,56140,ตำบลผาช้างน้อย,Tambon Pha Chang Noi,5606,19.282,100.502,2019-08-09T03:33:09.000+07:00,2025-09-20T06:31:26.000+07:00,
560606,56140,ตำบลนาปรัง,Tambon Na Prang,5606,19.219,100.242,2019-08-09T03:33:09.000+07:00,2025-09-20T06:31:26.000+07:00,
560607,56140,ตำบลขุนควร,Tambon Khun Khuan,5606,19.111,100.457,2019-08-09T03:33:09.000+07:00,2025-09-20T06:31:26.000+07:00,
560701,56130,ตำบลแม่ใจ,Tambon Mae Chai,5607,19.33,99.846,2019-08-09T03:33:09.000+07:00,2025-09-20T06:31:26.000+07:00,
560702,56130,ตำบลศรีถ้อย,Tambon Si Thoi,5607,19.357,99.725,2019-08-09T03:33:09.000+07:00,2025-09-20T06:31:26.000+07:00,
560703,56130,ตำบลแม่สุก,Tambon Mae Suk,5607,19.313,99.796,2019-08-09T03:33:09.000+07:00,2025-09-20T06:31:26.000+07:00,
560704,56130,ตำบลป่าแฝก,Tambon Pa Faek,5607,19.426,99.763,2019-08-09T03:33:09.000+07:00,2025-09-20T06:31:26.000+07:00,
560705,56130,ตำบลบ้านเหล่า,Tambon Ban Lao,5607,19.399,99.859,2019-08-09T03:33:09.000+07:00,2025-09-20T06:31:26.000+07:00,
560706,56130,ตำบลเจริญราษฎร์,Tambon Charoen Rat,5607,19.396,99.756,2019-08-09T03:33:09.000+07:00,2025-09-20T06:31:26.000+07:00,
560801,56110,ตำบลภูซาง,Tambon Phu Sang,5608,19.671,100.378,2019-08-09T03:33:09.000+07:00,2025-09-20T06:31:26.000+07:00,
560802,56110,ตำบลป่าสัก,Tambon Pa Sak,5608,19.622,100.37,2019-08-09T03:33:09.000+07:00,2025-09-20T06:31:26.000+07:00,
560803,56110,ตำบลทุ่งกล้วย,Tambon Thung Kluai,5608,19.606,100.417,2019-08-09T03:33:09.000+07:00,2025-09-20T06:31:26.000+07:00,
560804,56110,ตำบลเชียงแรง,Tambon Chiang Raeng,5608,19.616,100.289,2019-08-09T03:33:09.000+07:00,2025-09-20T06:31:26.000+07:00,
560805,56110,ตำบลสบบง,Tambon Sop Bong,5608,19.57,100.317,2019-08-09T03:33:09.000+07:00,2025-09-20T06:31:26.000+07:00,
560901,56000,ตำบลห้วยแก้ว,Tambon Huai Kaeo,5609,19.311,99.999,2019-08-09T03:33:09.000+07:00,2025-09-20T06:31:26.000+07:00,
560902,56000,ตำบลดงเจน,Tambon Dong Chen,5609,19.24,99.952,2019-08-09T03:33:09.000+07:00,2025-09-20T06:31:26.000+07:00,
560903,56000,ตำบลแม่อิง,Tambon Mae Ing,5609,19.241,99.989,2019-08-09T03:33:09.000+07:00,2025-09-20T06:31:26.000+07:00,
570101,57000,ตำบลเวียง,Tambon Wiang,5701,19.907,99.832,2019-08-09T03:33:09.000+07:00,2025-09-20T06:31:26.000+07:00,
570102,57000,ตำบลรอบเวียง,Tambon Rop Wiang,5701,19.898,99.803,2019-08-09T03:33:09.000+07:00,2025-09-20T06:31:26.000+07:00,
570103,57100,ตำบลบ้านดู่,Tambon Ban Du,5701,19.971,99.847,2019-08-09T03:33:09.000+07:00,2025-09-20T06:31:26.000+07:00,
570104,57100,ตำบลนางแล,Tambon Nang Lae,5701,20.048,99.876,2019-08-09T03:33:09.000+07:00,2025-09-20T06:31:26.000+07:00,
570105,57100,ตำบลแม่ข้าวต้ม,Tambon Mae Khao Tom,5701,20.021,99.922,2019-08-09T03:33:09.000+07:00,2025-09-20T06:31:26.000+07:00,
570106,57100,ตำบลแม่ยาว,Tambon Mae Yao,5701,19.991,99.729,2019-08-09T03:33:09.000+07:00,2025-09-20T06:31:26.000+07:00,
570107,57000,ตำบลสันทราย,Tambon San Sai,5701,19.855,99.805,2019-08-09T03:33:09.000+07:00,2025-09-20T06:31:26.000+07:00,
570111,57000,ตำบลแม่กรณ์,Tambon Mae Kon,5701,19.862,99.698,2019-08-09T03:33:09.000+07:00,2025-09-20T06:31:26.000+07:00,
570112,57000,ตำบลห้วยชมภู,Tambon Huai Chomphu,5701,20.015,99.506,2019-08-09T03:33:09.000+07:00,2025-09-20T06:31:26.000+07:00,
570113,57000,ตำบลห้วยสัก,Tambon Huai Sak,5701,19.756,99.872,2019-08-09T03:33:09.000+07:00,2025-09-20T06:31:26.000+07:00,
570114,57100,ตำบลริมกก,Tambon Rim Kok,5701,19.937,99.887,2019-08-09T03:33:09.000+07:00,2025-09-20T06:31:26.000+07:00,
570115,57000,ตำบลดอยลาน,Tambon Doi Lan,5701,19.682,99.945,2019-08-09T03:33:09.000+07:00,2025-09-20T06:31:26.000+07:00,
570116,57000,ตำบลป่าอ้อดอนชัย,Tambon Pa O Don Chai,5701,19.768,99.819,2019-08-09T03:33:09.000+07:00,2025-09-20T06:31:26.000+07:00,
570118,57000,ตำบลท่าสาย,Tambon Tha Sai,5701,19.837,99.851,2019-08-09T03:33:09.000+07:00,2025-09-20T06:31:26.000+07:00,
570120,57000,ตำบลดอยฮาง,Tambon Doi Hang,5701,19.931,99.713,2019-08-09T03:33:09.000+07:00,2025-09-20T06:31:26.000+07:00,
570121,57100,ตำบลท่าสุด,Tambon Tha Sut,5701,,,2019-08-09T03:33:09.000+07:00,2025-09-20T06:31:26.000+07:00,
570202,57210,ตำบลเวียงชัย,Tambon Wiang Chai,5702,19.866,99.912,2019-08-09T03:33:09.000+07:00,2025-09-20T06:31:26.000+07:00,
570203,57210,ตำบลผางาม,Tambon Pha Ngam,5702,19.882,100.046,2019-08-09T03:33:09.000+07:00,2025-09-20T06:31:26.000+07:00,
570204,57210,ตำบลเวียงเหนือ,Tambon Wiang Nuea,5702,19.932,99.94,2019-08-09T03:33:09.000+07:00,2025-09-20T06:31:26.000+07:00,
570206,57210,ตำบลดอนศิลา,Tambon Don Sila,5702,19.805,100.005,2019-08-09T03:33:09.000+07:00,2025-09-20T06:31:26.000+07:00,
570208,57210,ตำบลเมืองชุม,Tambon Mueang Chum,5702,19.904,99.974,2019-08-09T03:33:09.000+07:00,2025-09-20T06:31:26.000+07:00,
570301,57140,ตำบลเวียง,Tambon Wiang,5703,20.266,100.369,2019-08-09T03:33:09.000+07:00,2025-09-20T06:31:26.000+07:00,
570302,57140,ตำบลสถาน,Tambon Sathan,5703,20.202,100.364,2019-08-09T03:33:09.000+07:00,2025-09-20T06:31:26.000+07:00,
570303,57140,ตำบลครึ่ง,Tambon Khrueng,5703,20.058,100.402,2019-08-09T03:33:09.000+07:00,2025-09-20T06:31:26.000+07:00,
570304,57140,ตำบลบุญเรือง,Tambon Bun Rueang,5703,19.989,100.347,2019-08-09T03:33:09.000+07:00,2025-09-20T06:31:26.000+07:00,
570305,57140,ตำบลห้วยซ้อ,Tambon Huai So,5703,20.061,100.284,2019-08-09T03:33:09.000+07:00,2025-09-20T06:31:26.000+07:00,
570308,57230,ตำบลศรีดอนชัย,Tambon Si Don Chai,5703,20.15,100.324,2019-08-09T03:33:09.000+07:00,2025-09-20T06:31:26.000+07:00,
570310,57140,ตำบลริมโขง,Tambon Rim Khong,5703,20.361,100.313,2019-08-09T03:33:09.000+07:00,2025-09-20T06:31:26.000+07:00,
570401,57160,ตำบลเวียง,Tambon Wiang,5704,19.692,100.213,2019-08-09T03:33:09.000+07:00,2025-09-20T06:31:26.000+07:00,
570402,57160,ตำบลงิ้ว,Tambon Ngio,5704,19.697,100.096,2019-08-09T03:33:09.000+07:00,2025-09-20T06:31:26.000+07:00,
570403,57230,ตำบลปล้อง,Tambon Plong,5704,19.658,100.062,2019-08-09T03:33:09.000+07:00,2025-09-20T06:31:26.000+07:00,
570404,57230,ตำบลแม่ลอย,Tambon Mae Loi,5704,19.573,100.063,2019-08-09T03:33:09.000+07:00,2025-09-20T06:31:26.000+07:00,
570405,57230,ตำบลเชียงเคี่ยน,Tambon Chiang Khian,5704,19.625,99.99,2019-08-09T03:33:09.000+07:00,2025-09-20T06:31:26.000+07:00,
570409,57160,ตำบลตับเต่า,Tambon Tap Tao,5704,19.787,100.355,2019-08-09T03:33:09.000+07:00,2025-09-20T06:31:26.000+07:00,
570410,57160,ตำบลหงาว,Tambon Ngao,5704,19.678,100.283,2019-08-09T03:33:09.000+07:00,2025-09-20T06:31:26.000+07:00,
570411,57160,ตำบลสันทรายงาม,Tambon San Sai Ngam,5704,19.717,100.18,2019-08-09T03:33:09.000+07:00,2025-09-20T06:31:26.000+07:00,
570412,57160,ตำบลศรีดอนไชย,Tambon Si Don Chai,5704,19.609,100.092,2019-08-09T03:33:09.000+07:00,2025-09-20T06:31:26.000+07:00,
570413,57160,ตำบลหนองแรด,Tambon Nong Raet,5704,19.607,100.143,2019-08-09T03:33:09.000+07:00,2025-09-20T06:31:26.000+07:00,
570501,57120,ตำบลสันมะเค็ด,Tambon San Makhet,5705,19.609,99.864,2019-08-09T03:33:09.000+07:00,2025-09-20T06:31:26.000+07:00,
570502,57120,ตำบลแม่อ้อ,Tambon Mae O,5705,19.672,99.821,2019-08-09T03:33:09.000+07:00,2025-09-20T06:31:26.000+07:00,
570503,57250,ตำบลธารทอง,Tambon Than Thong,5705,19.71,99.723,2019-08-09T03:33:09.000+07:00,2025-09-20T06:31:26.000+07:00,
570504,57120,ตำบลสันติสุข,Tambon Santi Suk,5705,19.575,99.765,2019-08-09T03:33:09.000+07:00,2025-09-20T06:31:26.000+07:00,
570505,57120,ตำบลดอยงาม,Tambon Doi Ngam,5705,19.548,99.808,2019-08-09T03:33:09.000+07:00,2025-09-20T06:31:26.000+07:00,
570506,57120,ตำบลหัวง้ม,Tambon Hua Ngom,5705,19.538,99.771,2019-08-09T03:33:09.000+07:00,2025-09-20T06:31:26.000+07:00,
570507,57120,ตำบลเจริญเมือง,Tambon Charoen Mueang,5705,19.616,99.746,2019-08-09T03:33:09.000+07:00,2025-09-20T06:31:26.000+07:00,
570508,57120,ตำบลป่าหุ่ง,Tambon Pa Hung,5705,19.495,99.648,2019-08-09T03:33:09.000+07:00,2025-09-20T06:31:26.000+07:00,
570509,57120,ตำบลม่วงคำ,Tambon Muang Kham,5705,19.49,99.711,2019-08-09T03:33:09.000+07:00,2025-09-20T06:31:26.000+07:00,
570510,57120,ตำบลทรายขาว,Tambon Sai Khao,5705,19.663,99.733,2019-08-09T03:33:09.000+07:00,2025-09-20T06:31:26.000+07:00,
570511,57120,ตำบลสันกลาง,Tambon San Klang,5705,19.607,99.684,2019-08-09T03:33:09.000+07:00,2025-09-20T06:31:26.000+07:00,
570512,57280,ตำบลแม่เย็น,Tambon Mae Yen,5705,19.454,99.732,2019-08-09T03:33:09.000+07:00,2025-09-20T06:31:26.000+07:00,
570513,57120,ตำบลเมืองพาน,Tambon Mueang Phan,5705,19.554,99.746,2019-08-09T03:33:09.000+07:00,2025-09-20T06:31:26.000+07:00,
570514,57280,ตำบลทานตะวัน,Tambon Than Tawan,5705,19.47,99.832,2019-08-09T03:33:09.000+07:00,2025-09-20T06:31:26.000+07:00,
570515,57120,ตำบลเวียงห้าว,Tambon Wiang Hao,5705,19.524,99.88,2019-08-09T03:33:09.000+07:00,2025-09-20T06:31:26.000+07:00,
570601,57190,ตำบลป่าแดด,Tambon Pa Daet,5706,19.507,100.015,2019-08-09T03:33:09.000+07:00,2025-09-20T06:31:26.000+07:00,
570602,57190,ตำบลป่าแงะ,Tambon Pa Ngae,5706,19.579,99.933,2019-08-09T03:33:09.000+07:00,2025-09-20T06:31:26.000+07:00,
570603,57190,ตำบลสันมะค่า,Tambon San Makha,5706,19.466,100.048,2019-08-09T03:33:09.000+07:00,2025-09-20T06:31:26.000+07:00,
570605,57190,ตำบลโรงช้าง,Tambon Rong Chang,5706,19.494,99.947,2019-08-09T03:33:09.000+07:00,2025-09-20T06:31:26.000+07:00,
570606,57190,ตำบลศรีโพธิ์เงิน,Tambon Si Pho Ngoen,5706,19.435,99.934,2019-08-09T03:33:09.000+07:00,2025-09-20T06:31:26.000+07:00,
570701,57110,ตำบลแม่จัน,Tambon Mae Chan,5707,20.138,99.87,2019-08-09T03:33:09.000+07:00,2025-09-20T06:31:26.000+07:00,
570702,57270,ตำบลจันจว้า,Tambon Chan Chwa,5707,20.239,99.982,2019-08-09T03:33:09.000+07:00,2025-09-20T06:31:26.000+07:00,
570703,57240,ตำบลแม่คำ,Tambon Mae Kham,5707,20.251,99.902,2019-08-09T03:33:09.000+07:00,2025-09-20T06:31:26.000+07:00,
570704,57110,ตำบลป่าซาง,Tambon Pa Sang,5707,20.181,99.846,2019-08-09T03:33:09.000+07:00,2025-09-20T06:31:26.000+07:00,
570705,57110,ตำบลสันทราย,Tambon San Sai,5707,20.171,99.891,2019-08-09T03:33:09.000+07:00,2025-09-20T06:31:26.000+07:00,
570706,57110,ตำบลท่าข้าวเปลือก,Tambon Tha Khao Plueak,5707,20.163,100.018,2019-08-09T03:33:09.000+07:00,2025-09-20T06:31:26.000+07:00,
570708,57110,ตำบลป่าตึง,Tambon Pa Tueng,5707,20.134,99.77,2019-08-09T03:33:09.000+07:00,2025-09-20T06:31:26.000+07:00,
570710,57240,ตำบลแม่ไร่,Tambon Mae Rai,5707,20.256,99.864,2019-08-09T03:33:09.000+07:00,2025-09-20T06:31:26.000+07:00,
570711,57110,ตำบลศรีค้ำ,Tambon Si Kham,5707,20.221,99.797,2019-08-09T03:33:09.000+07:00,2025-09-20T06:31:26.000+07:00,
570712,57270,ตำบลจันจว้าใต้,Tambon Chan Chwa Tai,5707,20.239,99.936,2019-08-09T03:33:09.000+07:00,2025-09-20T06:31:26.000+07:00,
570713,57110,ตำบลจอมสวรรค์,Tambon Chom Sawan,5707,20.17,99.95,2019-08-09T03:33:09.000+07:00,2025-09-20T06:31:26.000+07:00,
570801,57150,ตำบลเวียง,Tambon Wiang,5708,20.305,100.081,2019-08-09T03:33:09.000+07:00,2025-09-20T06:31:26.000+07:00,
570802,57150,ตำบลป่าสัก,Tambon Pa Sak,5708,20.28,100.003,2019-08-09T03:33:09.000+07:00,2025-09-20T06:31:26.000+07:00,
570803,57150,ตำบลบ้านแซว,Tambon Ban Saeo,5708,20.212,100.265,2019-08-09T03:33:09.000+07:00,2025-09-20T06:31:26.000+07:00,
570804,57150,ตำบลศรีดอนมูล,Tambon Si Don Mun,5708,20.336,100.002,2019-08-09T03:33:09.000+07:00,2025-09-20T06:31:26.000+07:00,
570805,57150,ตำบลแม่เงิน,Tambon Mae Ngoen,5708,20.298,100.262,2019-08-09T03:33:09.000+07:00,2025-09-20T06:31:26.000+07:00,
570806,57150,ตำบลโยนก,Tambon Yonok,5708,20.238,100.062,2019-08-09T03:33:09.000+07:00,2025-09-20T06:31:26.000+07:00,
570901,57130,ตำบลแม่สาย,Tambon Mae Sai,5709,20.431,99.913,2019-08-09T03:33:09.000+07:00,2025-09-20T06:31:26.000+07:00,
570902,57220,ตำบลห้วยไคร้,Tambon Huai Khrai,5709,20.286,99.87,2019-08-09T03:33:09.000+07:00,2025-09-20T06:31:26.000+07:00,
570903,57130,ตำบลเกาะช้าง,Tambon Ko Chang,5709,20.398,100.01,2019-08-09T03:33:09.000+07:00,2025-09-20T06:31:26.000+07:00,
570904,57130,ตำบลโป่งผา,Tambon Pong Pha,5709,20.37,99.894,2019-08-09T03:33:09.000+07:00,2025-09-20T06:31:26.000+07:00,
570905,57130,ตำบลศรีเมืองชุม,Tambon Si Mueang Chum,5709,20.378,99.957,2019-08-09T03:33:09.000+07:00,2025-09-20T06:31:26.000+07:00,
570906,57130,ตำบลเวียงพางคำ,Tambon Wiang Phang Kham,5709,20.409,99.9,2019-08-09T03:33:09.000+07:00,2025-09-20T06:31:26.000+07:00,
570908,57220,ตำบลบ้านด้าย,Tambon Ban Dai,5709,20.31,99.929,2019-08-09T03:33:09.000+07:00,2025-09-20T06:31:26.000+07:00,
570909,57130,ตำบลโป่งงาม,Tambon Pong Ngam,5709,20.325,99.869,2019-08-09T03:33:09.000+07:00,2025-09-20T06:31:26.000+07:00,
571001,57180,ตำบลแม่สรวย,Tambon Mae Suai,5710,19.676,99.56,2019-08-09T03:33:09.000+07:00,2025-09-20T06:31:26.000+07:00,
571002,57180,ตำบลป่าแดด,Tambon Pa Daet,5710,19.715,99.427,2019-08-09T03:33:09.000+07:00,2025-09-20T06:31:26.000+07:00,
571003,57180,ตำบลแม่พริก,Tambon Mae Phrik,5710,19.63,99.524,2019-08-09T03:33:09.000+07:00,2025-09-20T06:31:26.000+07:00,
571004,57180,ตำบลศรีถ้อย,Tambon Si Thoi,5710,19.677,99.317,2019-08-09T03:33:09.000+07:00,2025-09-20T06:31:26.000+07:00,
571005,57180,ตำบลท่าก๊อ,Tambon Tha Ko,5710,19.504,99.528,2019-08-09T03:33:09.000+07:00,2025-09-20T06:31:26.000+07:00,
571006,57180,ตำบลวาวี,Tambon Wawi,5710,19.848,99.497,2019-08-09T03:33:09.000+07:00,2025-09-20T06:31:26.000+07:00,
571007,57180,ตำบลเจดีย์หลวง,Tambon Chedi Luang,5710,19.569,99.546,2019-08-09T03:33:09.000+07:00,2025-09-20T06:31:26.000+07:00,
571101,57170,ตำบลสันสลี,Tambon San Sali,5711,19.419,99.514,2019-08-09T03:33:09.000+07:00,2025-09-20T06:31:26.000+07:00,
571102,57170,ตำบลเวียง,Tambon Wiang,5711,19.358,99.422,2019-08-09T03:33:09.000+07:00,2025-09-20T06:31:26.000+07:00,
571103,57170,ตำบลบ้านโป่ง,Tambon Ban Pong,5711,19.302,99.459,2019-08-09T03:33:09.000+07:00,2025-09-20T06:31:26.000+07:00,
571104,57170,ตำบลป่างิ้ว,Tambon Pa Ngio,5711,19.252,99.441,2019-08-09T03:33:09.000+07:00,2025-09-20T06:31:26.000+07:00,
571105,57260,ตำบลเวียงกาหลง,Tambon Wiang Kalong,5711,19.241,99.525,2019-08-09T03:33:09.000+07:00,2025-09-20T06:31:26.000+07:00,
571106,57260,ตำบลแม่เจดีย์,Tambon Mae Chedi,5711,19.164,99.367,2019-08-09T03:33:09.000+07:00,2025-09-20T06:31:26.000+07:00,
571107,57260,ตำบลแม่เจดีย์ใหม่,Tambon Mae Chedi Mai,5711,19.098,99.451,2019-08-09T03:33:09.000+07:00,2025-09-20T06:31:26.000+07:00,
571201,57290,ตำบลแม่เปา,Tambon Mae Pao,5712,19.902,100.118,2019-08-09T03:33:09.000+07:00,2025-09-20T06:31:26.000+07:00,
571202,57290,ตำบลแม่ต๋ำ,Tambon Mae Tam,5712,19.926,100.239,2019-08-09T03:33:09.000+07:00,2025-09-20T06:31:26.000+07:00,
571203,57290,ตำบลไม้ยา,Tambon Mai Ya,5712,19.769,100.107,2019-08-09T03:33:09.000+07:00,2025-09-20T06:31:26.000+07:00,
571204,57290,ตำบลเม็งราย,Tambon Mengrai,5712,19.861,100.182,2019-08-09T03:33:09.000+07:00,2025-09-20T06:31:26.000+07:00,
571205,57290,ตำบลตาดควัน,Tambon Tat Khwan,5712,19.991,100.184,2019-08-09T03:33:09.000+07:00,2025-09-20T06:31:26.000+07:00,
571301,57310,ตำบลม่วงยาย,Tambon Muang Yai,5713,20.108,100.539,2019-08-09T03:33:09.000+07:00,2025-09-20T06:31:26.000+07:00,
571302,57310,ตำบลปอ,Tambon Por,5713,19.94,100.449,2019-08-09T03:33:09.000+07:00,2025-09-20T06:31:26.000+07:00,
571303,57310,ตำบลหล่ายงาว,Tambon Lai Ngao,5713,20.117,100.48,2019-08-09T03:33:09.000+07:00,2025-09-20T06:31:26.000+07:00,
571304,57310,ตำบลท่าข้าม,Tambon Tha Kham,5713,20.042,100.52,2019-08-09T03:33:09.000+07:00,2025-09-20T06:31:26.000+07:00,
571401,57340,ตำบลต้า,Tambon Ta,5714,19.804,100.233,2019-08-09T03:33:09.000+07:00,2025-09-20T06:31:26.000+07:00,
571402,57340,ตำบลป่าตาล,Tambon Pa Tan,5714,19.847,100.272,2019-08-09T03:33:09.000+07:00,2025-09-20T06:31:26.000+07:00,
571403,57340,ตำบลยางฮอม,Tambon Yang Hom,5714,19.924,100.306,2019-08-09T03:33:09.000+07:00,2025-09-20T06:31:26.000+07:00,
571501,57240,ตำบลเทอดไทย,Tambon Thoet Thai,5715,20.306,99.603,2019-08-09T03:33:09.000+07:00,2025-09-20T06:31:26.000+07:00,
571502,57110,ตำบลแม่สลองใน,Tambon Mae Salong Nai,5715,20.194,99.706,2019-08-09T03:33:09.000+07:00,2025-09-20T06:31:26.000+07:00,
571503,57110,ตำบลแม่สลองนอก,Tambon Mae Salong Nok,5715,20.141,99.654,2019-08-09T03:33:09.000+07:00,2025-09-20T06:31:26.000+07:00,
571504,57240,ตำบลแม่ฟ้าหลวง,Tambon Mae Fa Luang,5715,20.288,99.783,2019-08-09T03:33:09.000+07:00,2025-09-20T06:31:26.000+07:00,
571601,57250,ตำบลดงมะดะ,Tambon Dong Mada,5716,19.734,99.67,2019-08-09T03:33:09.000+07:00,2025-09-20T06:31:26.000+07:00,
571602,57250,ตำบลจอมหมอกแก้ว,Tambon Chom Mok Kaeo,5716,19.757,99.747,2019-08-09T03:33:09.000+07:00,2025-09-20T06:31:26.000+07:00,
571603,57250,ตำบลบัวสลี,Tambon Bua Sali,5716,19.804,99.768,2019-08-09T03:33:09.000+07:00,2025-09-20T06:31:26.000+07:00,
571604,57250,ตำบลป่าก่อดำ,Tambon Pa Ko Dam,5716,19.794,99.715,2019-08-09T03:33:09.000+07:00,2025-09-20T06:31:26.000+07:00,
571605,57000,ตำบลโป่งแพร่,Tambon Pong Phrae,5716,19.812,99.653,2019-08-09T03:33:09.000+07:00,2025-09-20T06:31:26.000+07:00,
571701,57210,ตำบลทุ่งก่อ,Tambon Thung Ko,5717,19.984,100.049,2019-08-09T03:33:09.000+07:00,2025-09-20T06:31:26.000+07:00,
571702,57210,ตำบลดงมหาวัน,Tambon Dong Maha Wan,5717,20.041,100.006,2019-08-09T03:33:09.000+07:00,2025-09-20T06:31:26.000+07:00,
571703,57210,ตำบลป่าซาง,Tambon Pa Sang,5717,20.048,100.12,2019-08-09T03:33:09.000+07:00,2025-09-20T06:31:26.000+07:00,
571801,57110,ตำบลปงน้อย,Tambon Pong Noi,5718,20.104,100.068,2019-08-09T03:33:09.000+07:00,2025-09-20T06:31:26.000+07:00,
571802,57110,ตำบลโชคชัย,Tambon Chok Chai,5718,20.134,100.193,2019-08-09T03:33:09.000+07:00,2025-09-20T06:31:26.000+07:00,
571803,57110,ตำบลหนองป่าก่อ,Tambon Nong Pa Ko,5718,20.181,100.124,2019-08-09T03:33:09.000+07:00,2025-09-20T06:31:26.000+07:00,
580101,58000,ตำบลจองคำ,Tambon Chong Kham,5801,19.302,97.97,2019-08-09T03:33:09.000+07:00,2025-09-20T06:31:26.000+07:00,
580102,58000,ตำบลห้วยโป่ง,Tambon Huai Pong,5801,19.038,98.006,2019-08-09T03:33:09.000+07:00,2025-09-20T06:31:26.000+07:00,
580103,58000,ตำบลผาบ่อง,Tambon Pha Bong,5801,19.215,97.91,2019-08-09T03:33:09.000+07:00,2025-09-20T06:31:26.000+07:00,
580104,58000,ตำบลปางหมู,Tambon Pang Mu,5801,19.344,97.915,2019-08-09T03:33:09.000+07:00,2025-09-20T06:31:26.000+07:00,
580105,58000,ตำบลหมอกจำแป่,Tambon Mok Champae,5801,19.497,97.995,2019-08-09T03:33:09.000+07:00,2025-09-20T06:31:26.000+07:00,
580106,58000,ตำบลห้วยผา,Tambon Huai Pha,5801,,,2019-08-09T03:33:09.000+07:00,2025-09-20T06:31:26.000+07:00,
580109,58000,ตำบลห้วยปูลิง,Tambon Huai Pu Ling,5801,19.188,98.112,2019-08-09T03:33:09.000+07:00,2025-09-20T06:31:26.000+07:00,
580201,58140,ตำบลขุนยวม,Tambon Khun Yuam,5802,18.992,97.801,2019-08-09T03:33:09.000+07:00,2025-09-20T06:31:26.000+07:00,
580202,58140,ตำบลแม่เงา,Tambon Mae Ngao,5802,18.836,97.796,2019-08-09T03:33:09.000+07:00,2025-09-20T06:31:26.000+07:00,
580203,58140,ตำบลเมืองปอน,Tambon Mueang Pon,5802,18.702,97.945,2019-08-09T03:33:09.000+07:00,2025-09-20T06:31:26.000+07:00,
580204,58140,ตำบลแม่ยวมน้อย,Tambon Mae Yuam Noi,5802,18.742,98.051,2019-08-09T03:33:09.000+07:00,2025-09-20T06:31:26.000+07:00,
580205,58140,ตำบลแม่กิ๊,Tambon Mae Ki,5802,18.673,97.827,2019-08-09T03:33:09.000+07:00,2025-09-20T06:31:26.000+07:00,
580206,58140,ตำบลแม่อูคอ,Tambon Mae Uo Kor,5802,18.884,98.046,2019-08-09T03:33:09.000+07:00,2025-09-20T06:31:26.000+07:00,
580301,58130,ตำบลเวียงใต้,Tambon Wiang Tai,5803,19.362,98.419,2019-08-09T03:33:09.000+07:00,2025-09-20T06:31:26.000+07:00,
580302,58130,ตำบลเวียงเหนือ,Tambon Wiang Nuea,5803,19.512,98.497,2019-08-09T03:33:09.000+07:00,2025-09-20T06:31:26.000+07:00,
580303,58130,ตำบลแม่นาเติง,Tambon Mae Na Toeng,5803,19.456,98.363,2019-08-09T03:33:09.000+07:00,2025-09-20T06:31:26.000+07:00,
580304,58130,ตำบลแม่ฮี้,Tambon Mae Hi,5803,19.3,98.525,2019-08-09T03:33:09.000+07:00,2025-09-20T06:31:26.000+07:00,
580305,58130,ตำบลทุ่งยาว,Tambon Thung Yao,5803,19.336,98.233,2019-08-09T03:33:09.000+07:00,2025-09-20T06:31:26.000+07:00,
580306,58130,ตำบลเมืองแปง,Tambon Mueang Paeng,5803,19.216,98.313,2019-08-09T03:33:09.000+07:00,2025-09-20T06:31:26.000+07:00,
580307,58130,ตำบลโป่งสา,Tambon Pong Sa,5803,19.12,98.581,2019-08-09T03:33:09.000+07:00,2025-09-20T06:31:26.000+07:00,
580401,58110,ตำบลบ้านกาศ,Tambon Ban Kat,5804,18.259,97.88,2019-08-09T03:33:09.000+07:00,2025-09-20T06:31:26.000+07:00,
580402,58110,ตำบลแม่สะเรียง,Tambon Mae Sariang,5804,18.148,97.972,2019-08-09T03:33:09.000+07:00,2025-09-20T06:31:26.000+07:00,
580403,58110,ตำบลแม่คง,Tambon Mae Khong,5804,18.237,97.638,2019-08-09T03:33:09.000+07:00,2025-09-20T06:31:26.000+07:00,
580404,58110,ตำบลแม่เหาะ,Tambon Mae Ho,5804,18.12,98.074,2019-08-09T03:33:09.000+07:00,2025-09-20T06:31:26.000+07:00,
580405,58110,ตำบลแม่ยวม,Tambon Mae Yuam,5804,18.063,97.808,2019-08-09T03:33:09.000+07:00,2025-09-20T06:31:26.000+07:00,
580406,58110,ตำบลเสาหิน,Tambon Sao Hin,5804,18.432,97.719,2019-08-09T03:33:09.000+07:00,2025-09-20T06:31:26.000+07:00,
580408,58110,ตำบลป่าแป๋,Tambon Pa Pae,5804,18.268,98.072,2019-08-09T03:33:09.000+07:00,2025-09-20T06:31:26.000+07:00,
580501,58120,ตำบลแม่ลาน้อย,Tambon Mae La Noi,5805,18.435,97.852,2019-08-09T03:33:09.000+07:00,2025-09-20T06:31:26.000+07:00,
580502,58120,ตำบลแม่ลาหลวง,Tambon Mae La Luang,5805,18.548,97.872,2019-08-09T03:33:09.000+07:00,2025-09-20T06:31:26.000+07:00,
580503,58120,ตำบลท่าผาปุ้ม,Tambon Tha Pha Pum,5805,18.315,97.991,2019-08-09T03:33:09.000+07:00,2025-09-20T06:31:26.000+07:00,
580504,58120,ตำบลแม่โถ,Tambon Mae Tho,5805,18.609,98.032,2019-08-09T03:33:09.000+07:00,2025-09-20T06:31:26.000+07:00,
580505,58120,ตำบลห้วยห้อม,Tambon Huai Hom,5805,18.37,98.102,2019-08-09T03:33:09.000+07:00,2025-09-20T06:31:26.000+07:00,
580506,58120,ตำบลแม่นาจาง,Tambon Mae Na Chang,5805,18.529,98.093,2019-08-09T03:33:09.000+07:00,2025-09-20T06:31:26.000+07:00,
580507,58120,ตำบลสันติคีรี,Tambon Santi Khiri,5805,18.508,97.992,2019-08-09T03:33:09.000+07:00,2025-09-20T06:31:26.000+07:00,
580508,58120,ตำบลขุนแม่ลาน้อย,Tambon Khun Mae La Noi,5805,18.586,98.161,2019-08-09T03:33:09.000+07:00,2025-09-20T06:31:26.000+07:00,
580601,58110,ตำบลสบเมย,Tambon Sop Moei,5806,17.898,97.872,2019-08-09T03:33:09.000+07:00,2025-09-20T06:31:26.000+07:00,
580602,58110,ตำบลแม่คะตวน,Tambon Mae Khatuan,5806,18.003,97.981,2019-08-09T03:33:09.000+07:00,2025-09-20T06:31:26.000+07:00,
580603,58110,ตำบลกองก๋อย,Tambon Kong Koi,5806,18.015,98.16,2019-08-09T03:33:09.000+07:00,2025-09-20T06:31:26.000+07:00,
580604,58110,ตำบลแม่สวด,Tambon Mae Suat,5806,17.796,98.049,2019-08-09T03:33:09.000+07:00,2025-09-20T06:31:26.000+07:00,
580605,58110,ตำบลป่าโปง,Tambon Pa Pong,5806,18.113,98.166,2019-08-09T03:33:09.000+07:00,2025-09-20T06:31:26.000+07:00,
580606,58110,ตำบลแม่สามแลบ,Tambon Mae Sam Laep,5806,17.899,97.759,2019-08-09T03:33:09.000+07:00,2025-09-20T06:31:26.000+07:00,
580701,58150,ตำบลสบป่อง,Tambon Sop Pong,5807,19.453,98.169,2019-08-09T03:33:09.000+07:00,2025-09-20T06:31:26.000+07:00,
580702,58150,ตำบลปางมะผ้า,Tambon Pang Mapha,5807,19.615,98.204,2019-08-09T03:33:09.000+07:00,2025-09-20T06:31:26.000+07:00,
580703,58150,ตำบลถ้ำลอด,Tambon Tham Lot,5807,19.582,98.309,2019-08-09T03:33:09.000+07:00,2025-09-20T06:31:26.000+07:00,
580704,58150,ตำบลนาปู่ป้อม,Tambon Na Pu Pom,5807,19.659,98.114,2019-08-09T03:33:09.000+07:00,2025-09-20T06:31:26.000+07:00,
600101,60000,ตำบลปากน้ำโพ,Tambon Paknam Pho,6001,15.703,100.128,2019-08-09T03:33:09.000+07:00,2025-09-20T06:31:26.000+07:00,
600102,60000,ตำบลกลางแดด,Tambon Klang Daet,6001,15.663,100.118,2019-08-09T03:33:09.000+07:00,2025-09-20T06:31:26.000+07:00,
600103,60000,ตำบลเกรียงไกร,Tambon Kriangkrai,6001,15.719,100.218,2019-08-09T03:33:09.000+07:00,2025-09-20T06:31:26.000+07:00,
600104,60000,ตำบลแควใหญ่,Tambon Khwae Yai,6001,15.712,100.174,2019-08-09T03:33:09.000+07:00,2025-09-20T06:31:26.000+07:00,
600105,60000,ตำบลตะเคียนเลื่อน,Tambon Takhian Luean,6001,15.63,100.086,2019-08-09T03:33:09.000+07:00,2025-09-20T06:31:26.000+07:00,
600106,60000,ตำบลนครสวรรค์ตก,Tambon Nakhon Sawan Tok,6001,15.681,100.073,2019-08-09T03:33:09.000+07:00,2025-09-20T06:31:26.000+07:00,
600107,60000,ตำบลนครสวรรค์ออก,Tambon Nakhon Sawan Ok,6001,15.633,100.132,2019-08-09T03:33:09.000+07:00,2025-09-20T06:31:26.000+07:00,
600108,60000,ตำบลบางพระหลวง,Tambon Bang Phra Luang,6001,15.771,100.188,2019-08-09T03:33:09.000+07:00,2025-09-20T06:31:26.000+07:00,
600109,60000,ตำบลบางม่วง,Tambon Bang Muang,6001,15.755,100.11,2019-08-09T03:33:09.000+07:00,2025-09-20T06:31:26.000+07:00,
600110,60000,ตำบลบ้านมะเกลือ,Tambon Ban Makluea,6001,15.801,100.143,2019-08-09T03:33:09.000+07:00,2025-09-20T06:31:26.000+07:00,
600111,60000,ตำบลบ้านแก่ง,Tambon Ban Kaeng,6001,15.788,100.057,2019-08-09T03:33:09.000+07:00,2025-09-20T06:31:26.000+07:00,
600112,60000,ตำบลพระนอน,Tambon Phra Non,6001,15.663,100.216,2019-08-09T03:33:09.000+07:00,2025-09-20T06:31:26.000+07:00,
600113,60000,ตำบลวัดไทร,Tambon Wat Sai,6001,,,2019-08-09T03:33:09.000+07:00,2025-09-20T06:31:26.000+07:00,
600114,60240,ตำบลหนองกรด,Tambon Nong Krot,6001,15.724,99.997,2019-08-09T03:33:09.000+07:00,2025-09-20T06:31:26.000+07:00,
600115,60240,ตำบลหนองกระโดน,Tambon Nong Kradon,6001,15.804,99.965,2019-08-09T03:33:09.000+07:00,2025-09-20T06:31:26.000+07:00,
600116,60000,ตำบลหนองปลิง,Tambon Nong Pling,6001,15.645,100.169,2019-08-09T03:33:09.000+07:00,2025-09-20T06:31:26.000+07:00,
600117,60000,ตำบลบึงเสนาท,Tambon Bueng Senat,6001,15.734,100.14,2019-08-09T03:33:09.000+07:00,2025-09-20T06:31:26.000+07:00,
600201,60170,ตำบลโกรกพระ,Tambon Krok Phra,6002,15.559,100.056,2019-08-09T03:33:09.000+07:00,2025-09-20T06:31:26.000+07:00,
600202,60170,ตำบลยางตาล,Tambon Yang Tan,6002,15.585,100.114,2019-08-09T03:33:09.000+07:00,2025-09-20T06:31:26.000+07:00,
600203,60170,ตำบลบางมะฝ่อ,Tambon Bang Mafo,6002,15.594,100.081,2019-08-09T03:33:09.000+07:00,2025-09-20T06:31:26.000+07:00,
600204,60170,ตำบลบางประมุง,Tambon Bang Pramung,6002,15.662,99.997,2019-08-09T03:33:09.000+07:00,2025-09-20T06:31:26.000+07:00,
600205,60170,ตำบลนากลาง,Tambon Na Klang,6002,15.62,99.981,2019-08-09T03:33:09.000+07:00,2025-09-20T06:31:26.000+07:00,
600206,60170,ตำบลศาลาแดง,Tambon Sala Daeng,6002,15.581,99.996,2019-08-09T03:33:09.000+07:00,2025-09-20T06:31:26.000+07:00,
600207,60170,ตำบลเนินกว้าว,Tambon Noen Kwao,6002,15.54,100.015,2019-08-09T03:33:09.000+07:00,2025-09-20T06:31:26.000+07:00,
600208,60170,ตำบลเนินศาลา,Tambon Noen Sala,6002,15.54,99.96,2019-08-09T03:33:09.000+07:00,2025-09-20T06:31:26.000+07:00,
600209,60170,ตำบลหาดสูง,Tambon Hat Sung,6002,15.503,99.989,2019-08-09T03:33:09.000+07:00,2025-09-20T06:31:26.000+07:00,
600301,60120,ตำบลชุมแสง,Tambon Chum Saeng,6003,15.896,100.315,2019-08-09T03:33:09.000+07:00,2025-09-20T06:31:26.000+07:00,
600302,60250,ตำบลทับกฤช,Tambon Thap Krit,6003,15.77,100.233,2019-08-09T03:33:09.000+07:00,2025-09-20T06:31:26.000+07:00,
600303,60120,ตำบลพิกุล,Tambon Phikun,6003,15.889,100.346,2019-08-09T03:33:09.000+07:00,2025-09-20T06:31:26.000+07:00,
600304,60120,ตำบลเกยไชย,Tambon Koei Chai,6003,15.869,100.286,2019-08-09T03:33:09.000+07:00,2025-09-20T06:31:26.000+07:00,
600305,60120,ตำบลท่าไม้,Tambon Tha Mai,6003,15.915,100.253,2019-08-09T03:33:09.000+07:00,2025-09-20T06:31:26.000+07:00,
600306,60120,ตำบลบางเคียน,Tambon Bang Khian,6003,15.806,100.176,2019-08-09T03:33:09.000+07:00,2025-09-20T06:31:26.000+07:00,
600307,60120,ตำบลหนองกระเจา,Tambon Nong Krachao,6003,15.901,100.395,2019-08-09T03:33:09.000+07:00,2025-09-20T06:31:26.000+07:00,
600308,60250,ตำบลพันลาน,Tambon Phan Lan,6003,15.833,100.28,2019-08-09T03:33:09.000+07:00,2025-09-20T06:31:26.000+07:00,
600309,60120,ตำบลโคกหม้อ,Tambon Khok Mo,6003,15.83,100.235,2019-08-09T03:33:09.000+07:00,2025-09-20T06:31:26.000+07:00,
600310,60120,ตำบลไผ่สิงห์,Tambon Phai Sing,6003,15.829,100.36,2019-08-09T03:33:09.000+07:00,2025-09-20T06:31:26.000+07:00,
600311,60120,ตำบลฆะมัง,Tambon Khamang,6003,15.948,100.312,2019-08-09T03:33:09.000+07:00,2025-09-20T06:31:26.000+07:00,
600312,60250,ตำบลทับกฤชใต้,Tambon Thap Krit Tai,6003,15.757,100.286,2019-08-09T03:33:09.000+07:00,2025-09-20T06:31:26.000+07:00,
600401,60110,ตำบลหนองบัว,Tambon Nong Bua,6004,15.85,100.654,2019-08-09T03:33:09.000+07:00,2025-09-20T06:31:26.000+07:00,
600402,60110,ตำบลหนองกลับ,Tambon Nong Klap,6004,15.924,100.614,2019-08-09T03:33:09.000+07:00,2025-09-20T06:31:26.000+07:00,
600403,60110,ตำบลธารทหาร,Tambon Than Thahan,6004,15.787,100.549,2019-08-09T03:33:09.000+07:00,2025-09-20T06:31:26.000+07:00,
600404,60110,ตำบลห้วยร่วม,Tambon Huai Ruam,6004,15.908,100.494,2019-08-09T03:33:09.000+07:00,2025-09-20T06:31:26.000+07:00,
600405,60110,ตำบลห้วยถั่วใต้,Tambon Huai Thua Tai,6004,15.837,100.464,2019-08-09T03:33:09.000+07:00,2025-09-20T06:31:26.000+07:00,
600406,60110,ตำบลห้วยถั่วเหนือ,Tambon Huai Thua Nuea,6004,15.855,100.504,2019-08-09T03:33:09.000+07:00,2025-09-20T06:31:26.000+07:00,
600407,60110,ตำบลห้วยใหญ่,Tambon Huai Yai,6004,15.864,100.429,2019-08-09T03:33:09.000+07:00,2025-09-20T06:31:26.000+07:00,
600408,60110,ตำบลทุ่งทอง,Tambon Thung Thong,6004,15.937,100.713,2019-08-09T03:33:09.000+07:00,2025-09-20T06:31:26.000+07:00,
600409,60110,ตำบลวังบ่อ,Tambon Wang Bo,6004,15.783,100.649,2019-08-09T03:33:09.000+07:00,2025-09-20T06:31:26.000+07:00,
600501,60180,ตำบลท่างิ้ว,Tambon Tha Ngio,6005,15.918,99.976,2019-08-09T03:33:09.000+07:00,2025-09-20T06:31:26.000+07:00,
600502,60180,ตำบลบางตาหงาย,Tambon Bang Ta Ngai,6005,15.943,100.022,2019-08-09T03:33:09.000+07:00,2025-09-20T06:31:26.000+07:00,
600503,60180,ตำบลหูกวาง,Tambon Hukwang,6005,15.879,100.014,2019-08-09T03:33:09.000+07:00,2025-09-20T06:31:26.000+07:00,
600504,60180,ตำบลอ่างทอง,Tambon Ang Thong,6005,15.871,99.942,2019-08-09T03:33:09.000+07:00,2025-09-20T06:31:26.000+07:00,
600505,60180,ตำบลบ้านแดน,Tambon Ban Daen,6005,15.937,99.89,2019-08-09T03:33:09.000+07:00,2025-09-20T06:31:26.000+07:00,
600506,60180,ตำบลบางแก้ว,Tambon Bang Kaeo,6005,15.982,99.872,2019-08-09T03:33:09.000+07:00,2025-09-20T06:31:26.000+07:00,
600507,60180,ตำบลตาขีด,Tambon Ta Khit,6005,16.017,99.917,2019-08-09T03:33:09.000+07:00,2025-09-20T06:31:26.000+07:00,
600508,60180,ตำบลตาสัง,Tambon Ta Sang,6005,15.993,99.967,2019-08-09T03:33:09.000+07:00,2025-09-20T06:31:26.000+07:00,
600509,60180,ตำบลด่านช้าง,Tambon Dan Chang,6005,16.08,99.999,2019-08-09T03:33:09.000+07:00,2025-09-20T06:31:26.000+07:00,
600510,60180,ตำบลหนองกรด,Tambon Nong Krot,6005,15.997,100.095,2019-08-09T03:33:09.000+07:00,2025-09-20T06:31:26.000+07:00,
600511,60180,ตำบลหนองตางู,Tambon Nong Ta Ngu,6005,16.13,100.054,2019-08-09T03:33:09.000+07:00,2025-09-20T06:31:26.000+07:00,
600512,60180,ตำบลบึงปลาทู,Tambon Bueng Pla Thu,6005,16.073,100.065,2019-08-09T03:33:09.000+07:00,2025-09-20T06:31:26.000+07:00,
600513,60180,ตำบลเจริญผล,Tambon Charoen Phon,6005,15.956,99.988,2019-08-09T03:33:09.000+07:00,2025-09-20T06:31:26.000+07:00,
600601,60230,ตำบลมหาโพธิ,Tambon Maha Phot,6006,15.828,100.104,2019-08-09T03:33:09.000+07:00,2025-09-20T06:31:26.000+07:00,
600602,60230,ตำบลเก้าเลี้ยว,Tambon Kao Liao,6006,15.849,100.085,2019-08-09T03:33:09.000+07:00,2025-09-20T06:31:26.000+07:00,
600603,60230,ตำบลหนองเต่า,Tambon Nong Tao,6006,15.884,100.146,2019-08-09T03:33:09.000+07:00,2025-09-20T06:31:26.000+07:00,
600604,60230,ตำบลเขาดิน,Tambon Khao Din,6006,15.839,100.039,2019-08-09T03:33:09.000+07:00,2025-09-20T06:31:26.000+07:00,
600605,60230,ตำบลหัวดง,Tambon Hua Dong,6006,15.908,100.072,2019-08-09T03:33:09.000+07:00,2025-09-20T06:31:26.000+07:00,
600701,60140,ตำบลตาคลี,Tambon Takhli,6007,15.271,100.339,2019-08-09T03:33:09.000+07:00,2025-09-20T06:31:26.000+07:00,
600702,60210,ตำบลช่องแค,Tambon Chong Khae,6007,15.197,100.422,2019-08-09T03:33:09.000+07:00,2025-09-20T06:31:26.000+07:00,
600703,60260,ตำบลจันเสน,Tambon Chan Sen,6007,15.103,100.439,2019-08-09T03:33:09.000+07:00,2025-09-20T06:31:26.000+07:00,
600704,60210,ตำบลห้วยหอม,Tambon Huai Hom,6007,15.225,100.483,2019-08-09T03:33:09.000+07:00,2025-09-20T06:31:26.000+07:00,
600705,60140,ตำบลหัวหวาย,Tambon Hua Wai,6007,15.384,100.383,2019-08-09T03:33:09.000+07:00,2025-09-20T06:31:26.000+07:00,
600706,60140,ตำบลหนองโพ,Tambon Nong Pho,6007,15.403,100.278,2019-08-09T03:33:09.000+07:00,2025-09-20T06:31:26.000+07:00,
600707,60140,ตำบลหนองหม้อ,Tambon Nong Mo,6007,15.194,100.325,2019-08-09T03:33:09.000+07:00,2025-09-20T06:31:26.000+07:00,
600708,60210,ตำบลสร้อยทอง,Tambon Soi Thong,6007,15.12,100.387,2019-08-09T03:33:09.000+07:00,2025-09-20T06:31:26.000+07:00,
600709,60260,ตำบลลาดทิพรส,Tambon Lat Thippharot,6007,15.235,100.549,2019-08-09T03:33:09.000+07:00,2025-09-20T06:31:26.000+07:00,
600710,60210,ตำบลพรหมนิมิต,Tambon Phrom Nimit,6007,15.175,100.393,2019-08-09T03:33:09.000+07:00,2025-09-20T06:31:26.000+07:00,
600801,60160,ตำบลท่าตะโก,Tambon Tha Tako,6008,15.631,100.48,2019-08-09T03:33:09.000+07:00,2025-09-20T06:31:26.000+07:00,
600802,60160,ตำบลพนมรอก,Tambon Phanom Rok,6008,15.704,100.442,2019-08-09T03:33:09.000+07:00,2025-09-20T06:31:26.000+07:00,
600803,60160,ตำบลหัวถนน,Tambon Hua Thanon,6008,15.583,100.432,2019-08-09T03:33:09.000+07:00,2025-09-20T06:31:26.000+07:00,
600804,60160,ตำบลสายลำโพง,Tambon Sai Lamphong,6008,15.768,100.487,2019-08-09T03:33:09.000+07:00,2025-09-20T06:31:26.000+07:00,
600805,60160,ตำบลวังมหากร,Tambon Wang Mahakon,6008,15.649,100.355,2019-08-09T03:33:09.000+07:00,2025-09-20T06:31:26.000+07:00,
600806,60160,ตำบลดอนคา,Tambon Don Kha,6008,15.685,100.538,2019-08-09T03:33:09.000+07:00,2025-09-20T06:31:26.000+07:00,
600807,60160,ตำบลทำนบ,Tambon Thamnop,6008,15.603,100.518,2019-08-09T03:33:09.000+07:00,2025-09-20T06:31:26.000+07:00,
600808,60160,ตำบลวังใหญ่,Tambon Wang Yai,6008,15.781,100.413,2019-08-09T03:33:09.000+07:00,2025-09-20T06:31:26.000+07:00,
600809,60160,ตำบลพนมเศษ,Tambon Phanom Set,6008,15.731,100.34,2019-08-09T03:33:09.000+07:00,2025-09-20T06:31:26.000+07:00,
600810,60160,ตำบลหนองหลวง,Tambon Nong Luang,6008,15.486,100.533,2019-08-09T03:33:09.000+07:00,2025-09-20T06:31:26.000+07:00,
600901,60220,ตำบลโคกเดื่อ,Tambon Khok Duea,6009,15.622,100.604,2019-08-09T03:33:09.000+07:00,2025-09-20T06:31:26.000+07:00,
600902,60220,ตำบลสำโรงชัย,Tambon Samrong Chai,6009,15.524,100.633,2019-08-09T03:33:09.000+07:00,2025-09-20T06:31:26.000+07:00,
600903,60220,ตำบลวังน้ำลัด,Tambon Wang Nam Lat,6009,15.709,100.666,2019-08-09T03:33:09.000+07:00,2025-09-20T06:31:26.000+07:00,
600904,60220,ตำบลตะคร้อ,Tambon Takhro,6009,15.476,100.71,2019-08-09T03:33:09.000+07:00,2025-09-20T06:31:26.000+07:00,
600905,60220,ตำบลโพธิ์ประสาท,Tambon Pho Prasat,6009,15.44,100.587,2019-08-09T03:33:09.000+07:00,2025-09-20T06:31:26.000+07:00,
600906,60220,ตำบลวังข่อย,Tambon Wang Khoi,6009,15.598,100.761,2019-08-09T03:33:09.000+07:00,2025-09-20T06:31:26.000+07:00,
600907,60220,ตำบลนาขอม,Tambon Na Khom,6009,15.721,100.784,2019-08-09T03:33:09.000+07:00,2025-09-20T06:31:26.000+07:00,
600908,60220,ตำบลไพศาลี,Tambon Phaisali,6009,15.637,100.7,2019-08-09T03:33:09.000+07:00,2025-09-20T06:31:26.000+07:00,
601001,60130,ตำบลพยุหะ,Tambon Phayuha,6010,15.455,100.145,2019-08-09T03:33:09.000+07:00,2025-09-20T06:31:26.000+07:00,
601002,60130,ตำบลเนินมะกอก,Tambon Noen Makok,6010,15.449,100.2,2019-08-09T03:33:09.000+07:00,2025-09-20T06:31:26.000+07:00,
601003,60130,ตำบลนิคมเขาบ่อแก้ว,Tambon Nikhom Khao Bo Kaeo,6010,15.471,100.245,2019-08-09T03:33:09.000+07:00,2025-09-20T06:31:26.000+07:00,
601004,60130,ตำบลม่วงหัก,Tambon Muang Hak,6010,15.389,100.2,2019-08-09T03:33:09.000+07:00,2025-09-20T06:31:26.000+07:00,
601005,60130,ตำบลยางขาว,Tambon Yang Khao,6010,15.514,100.069,2019-08-09T03:33:09.000+07:00,2025-09-20T06:31:26.000+07:00,
601006,60130,ตำบลย่านมัทรี,Tambon Yan Matsi,6010,15.524,100.106,2019-08-09T03:33:09.000+07:00,2025-09-20T06:31:26.000+07:00,
601007,60130,ตำบลเขาทอง,Tambon Khao Thong,6010,15.567,100.161,2019-08-09T03:33:09.000+07:00,2025-09-20T06:31:26.000+07:00,
601008,60130,ตำบลท่าน้ำอ้อย,Tambon Tha Nam Oi,6010,15.423,100.149,2019-08-09T03:33:09.000+07:00,2025-09-20T06:31:26.000+07:00,
601009,60130,ตำบลน้ำทรง,Tambon Nam Song,6010,15.46,100.074,2019-08-09T03:33:09.000+07:00,2025-09-20T06:31:26.000+07:00,
601010,60130,ตำบลเขากะลา,Tambon Khao Kala,6010,15.542,100.316,2019-08-09T03:33:09.000+07:00,2025-09-20T06:31:26.000+07:00,
601011,60130,ตำบลสระทะเล,Tambon Sa Thale,6010,15.51,100.156,2019-08-09T03:33:09.000+07:00,2025-09-20T06:31:26.000+07:00,
601101,60150,ตำบลลาดยาว,Tambon Lat Yao,6011,15.756,99.759,2019-08-09T03:33:09.000+07:00,2025-09-20T06:31:26.000+07:00,
601102,60150,ตำบลห้วยน้ำหอม,Tambon Huai Nam Hom,6011,15.729,99.696,2019-08-09T03:33:09.000+07:00,2025-09-20T06:31:26.000+07:00,
601103,60150,ตำบลวังม้า,Tambon Wang Ma,6011,15.686,99.871,2019-08-09T03:33:09.000+07:00,2025-09-20T06:31:26.000+07:00,
601104,60150,ตำบลวังเมือง,Tambon Wang Mueang,6011,15.64,99.846,2019-08-09T03:33:09.000+07:00,2025-09-20T06:31:26.000+07:00,
601105,60150,ตำบลสร้อยละคร,Tambon Soi Lakhon,6011,15.726,99.824,2019-08-09T03:33:09.000+07:00,2025-09-20T06:31:26.000+07:00,
601106,60150,ตำบลมาบแก,Tambon Map Kae,6011,15.677,99.781,2019-08-09T03:33:09.000+07:00,2025-09-20T06:31:26.000+07:00,
601107,60150,ตำบลหนองยาว,Tambon Nong Yao,6011,15.737,99.887,2019-08-09T03:33:09.000+07:00,2025-09-20T06:31:26.000+07:00,
601108,60150,ตำบลหนองนมวัว,Tambon Nong Nom Wua,6011,15.777,99.866,2019-08-09T03:33:09.000+07:00,2025-09-20T06:31:26.000+07:00,
601109,60150,ตำบลบ้านไร่,Tambon Ban Rai,6011,15.873,99.791,2019-08-09T03:33:09.000+07:00,2025-09-20T06:31:26.000+07:00,
601110,60150,ตำบลเนินขี้เหล็ก,Tambon Noen Khilek,6011,15.839,99.858,2019-08-09T03:33:09.000+07:00,2025-09-20T06:31:26.000+07:00,
601116,60150,ตำบลศาลเจ้าไก่ต่อ,Tambon San Chao Kai To,6011,15.788,99.669,2019-08-09T03:33:09.000+07:00,2025-09-20T06:31:26.000+07:00,
601117,60150,ตำบลสระแก้ว,Tambon Sa Kaeo,6011,15.784,99.803,2019-08-09T03:33:09.000+07:00,2025-09-20T06:31:26.000+07:00,
601201,60190,ตำบลตากฟ้า,Tambon Tak Fa,6012,15.313,100.488,2019-08-09T03:33:09.000+07:00,2025-09-20T06:31:26.000+07:00,
601202,60190,ตำบลลำพยนต์,Tambon Lam Phayon,6012,15.32,100.573,2019-08-09T03:33:09.000+07:00,2025-09-20T06:31:26.000+07:00,
601203,60190,ตำบลสุขสำราญ,Tambon Suk Samran,6012,15.353,100.523,2019-08-09T03:33:09.000+07:00,2025-09-20T06:31:26.000+07:00,
601204,60190,ตำบลหนองพิกุล,Tambon Nong Phikun,6012,15.331,100.428,2019-08-09T03:33:09.000+07:00,2025-09-20T06:31:26.000+07:00,
601205,60190,ตำบลพุนกยูง,Tambon Phu Nok Yung,6012,15.402,100.467,2019-08-09T03:33:09.000+07:00,2025-09-20T06:31:26.000+07:00,
601206,60190,ตำบลอุดมธัญญา,Tambon Udom Thanya,6012,15.479,100.407,2019-08-09T03:33:09.000+07:00,2025-09-20T06:31:26.000+07:00,
601207,60190,ตำบลเขาชายธง,Tambon Khao Chai Thong,6012,15.278,100.448,2019-08-09T03:33:09.000+07:00,2025-09-20T06:31:26.000+07:00,
601301,60150,ตำบลแม่วงก์,Tambon Mae Wong,6013,15.781,99.57,2019-08-09T03:33:09.000+07:00,2025-09-20T06:31:26.000+07:00,
601303,60150,ตำบลแม่เล่ย์,Tambon Mae Le,6013,15.842,99.298,2019-08-09T03:33:09.000+07:00,2025-09-20T06:31:26.000+07:00,
601304,60150,ตำบลวังซ่าน,Tambon Wang San,6013,15.859,99.644,2019-08-09T03:33:09.000+07:00,2025-09-20T06:31:26.000+07:00,
601305,60150,ตำบลเขาชนกัน,Tambon Khao Chon Kan,6013,15.883,99.516,2019-08-09T03:33:09.000+07:00,2025-09-20T06:31:26.000+07:00,
601401,60150,ตำบลแม่เปิน,Tambon Mae Poen,6014,15.738,99.294,2019-08-09T03:33:09.000+07:00,2025-09-20T06:31:26.000+07:00,
601501,60150,ตำบลชุมตาบง,Tambon Chum Ta Bong,6015,15.627,99.572,2019-08-09T03:33:09.000+07:00,2025-09-20T06:31:26.000+07:00,
601502,60150,ตำบลปางสวรรค์,Tambon Pang Sawan,6015,15.688,99.56,2019-08-09T03:33:09.000+07:00,2025-09-20T06:31:26.000+07:00,
610101,61000,ตำบลอุทัยใหม่,Tambon Uthai Mai,6101,15.375,100.031,2019-08-09T03:33:09.000+07:00,2025-09-20T06:31:26.000+07:00,
610102,61000,ตำบลน้ำซึม,Tambon Nam Suem,6101,15.353,100.033,2019-08-09T03:33:09.000+07:00,2025-09-20T06:31:26.000+07:00,
610103,61000,ตำบลสะแกกรัง,Tambon Sakae Krang,6101,15.354,100.068,2019-08-09T03:33:09.000+07:00,2025-09-20T06:31:26.000+07:00,
610104,61000,ตำบลดอนขวาง,Tambon Don Khwang,6101,15.415,100.032,2019-08-09T03:33:09.000+07:00,2025-09-20T06:31:26.000+07:00,
610105,61000,ตำบลหาดทนง,Tambon Hat Thanong,6101,15.382,100.096,2019-08-09T03:33:09.000+07:00,2025-09-20T06:31:26.000+07:00,
610106,61000,ตำบลเกาะเทโพ,Tambon Ko Thepho,6101,15.35,100.088,2019-08-09T03:33:09.000+07:00,2025-09-20T06:31:26.000+07:00,
610107,61000,ตำบลท่าซุง,Tambon Tha Sung,6101,15.31,100.058,2019-08-09T03:33:09.000+07:00,2025-09-20T06:31:26.000+07:00,
610108,61000,ตำบลหนองแก,Tambon Nong Kae,6101,15.417,99.974,2019-08-09T03:33:09.000+07:00,2025-09-20T06:31:26.000+07:00,
610109,61000,ตำบลโนนเหล็ก,Tambon Non Lek,6101,15.462,99.985,2019-08-09T03:33:09.000+07:00,2025-09-20T06:31:26.000+07:00,
610110,61000,ตำบลหนองเต่า,Tambon Nong Tao,6101,15.455,99.963,2019-08-09T03:33:09.000+07:00,2025-09-20T06:31:26.000+07:00,
610111,61000,ตำบลหนองไผ่แบน,Tambon Nong Phai Baen,6101,15.444,100.018,2019-08-09T03:33:09.000+07:00,2025-09-20T06:31:26.000+07:00,
610112,61000,ตำบลหนองพังค่า,Tambon Nong Phang Kha,6101,15.398,99.959,2019-08-09T03:33:09.000+07:00,2025-09-20T06:31:26.000+07:00,
610113,61000,ตำบลทุ่งใหญ่,Tambon Thung Yai,6101,15.483,99.974,2019-08-09T03:33:09.000+07:00,2025-09-20T06:31:26.000+07:00,
610114,61000,ตำบลเนินแจง,Tambon Noen Chaeng,6101,15.46,100.031,2019-08-09T03:33:09.000+07:00,2025-09-20T06:31:26.000+07:00,
610201,61120,ตำบลทัพทัน,Tambon Thap Than,6102,15.467,99.888,2019-08-09T03:33:09.000+07:00,2025-09-20T06:31:26.000+07:00,
610202,61120,ตำบลทุ่งนาไทย,Tambon Thung Na Thai,6102,15.45,99.926,2019-08-09T03:33:09.000+07:00,2025-09-20T06:31:26.000+07:00,
610203,61120,ตำบลเขาขี้ฝอย,Tambon Khao Khi Foi,6102,15.469,99.939,2019-08-09T03:33:09.000+07:00,2025-09-20T06:31:26.000+07:00,
610204,61120,ตำบลหนองหญ้าปล้อง,Tambon Nong Ya Plong,6102,15.495,99.909,2019-08-09T03:33:09.000+07:00,2025-09-20T06:31:26.000+07:00,
610205,61120,ตำบลโคกหม้อ,Tambon Khok Mo,6102,15.55,99.915,2019-08-09T03:33:09.000+07:00,2025-09-20T06:31:26.000+07:00,
610206,61120,ตำบลหนองยายดา,Tambon Nong Yai Da,6102,15.519,99.87,2019-08-09T03:33:09.000+07:00,2025-09-20T06:31:26.000+07:00,
610207,61120,ตำบลหนองกลางดง,Tambon Nong Klang Dong,6102,15.465,99.844,2019-08-09T03:33:09.000+07:00,2025-09-20T06:31:26.000+07:00,
610208,61120,ตำบลหนองกระทุ่ม,Tambon Nong Krathum,6102,15.508,99.71,2019-08-09T03:33:09.000+07:00,2025-09-20T06:31:26.000+07:00,
610209,61120,ตำบลหนองสระ,Tambon Nong Sa,6102,15.445,99.82,2019-08-09T03:33:09.000+07:00,2025-09-20T06:31:26.000+07:00,
610210,61120,ตำบลตลุกดู่,Tambon Taluk Du,6102,15.452,99.74,2019-08-09T03:33:09.000+07:00,2025-09-20T06:31:26.000+07:00,
610301,61150,ตำบลสว่างอารมณ์,Tambon Sawang Arom,6103,15.548,99.844,2019-08-09T03:33:09.000+07:00,2025-09-20T06:31:26.000+07:00,
610302,61150,ตำบลหนองหลวง,Tambon Nong Luang,6103,15.622,99.9,2019-08-09T03:33:09.000+07:00,2025-09-20T06:31:26.000+07:00,
610303,61150,ตำบลพลวงสองนาง,Tambon Phluang Song Nang,6103,15.55,99.779,2019-08-09T03:33:09.000+07:00,2025-09-20T06:31:26.000+07:00,
610304,61150,ตำบลไผ่เขียว,Tambon Phai Khiao,6103,15.623,99.762,2019-08-09T03:33:09.000+07:00,2025-09-20T06:31:26.000+07:00,
610305,61150,ตำบลบ่อยาง,Tambon Bor Yang,6103,15.592,99.715,2019-08-09T03:33:09.000+07:00,2025-09-20T06:31:26.000+07:00,
610401,61110,ตำบลหนองฉาง,Tambon Nong Chang,6104,15.397,99.854,2019-08-09T03:33:09.000+07:00,2025-09-20T06:31:26.000+07:00,
610402,61110,ตำบลหนองยาง,Tambon Nong Yang,6104,15.343,99.815,2019-08-09T03:33:09.000+07:00,2025-09-20T06:31:26.000+07:00,
610403,61110,ตำบลหนองนางนวล,Tambon Nong Nang Nuan,6104,15.34,99.864,2019-08-09T03:33:09.000+07:00,2025-09-20T06:31:26.000+07:00,
610404,61110,ตำบลหนองสรวง,Tambon Nong Suang,6104,15.372,99.81,2019-08-09T03:33:09.000+07:00,2025-09-20T06:31:26.000+07:00,
610405,61110,ตำบลบ้านเก่า,Tambon Ban Kao,6104,15.427,99.874,2019-08-09T03:33:09.000+07:00,2025-09-20T06:31:26.000+07:00,
610406,61110,ตำบลอุทัยเก่า,Tambon Uthai Kao,6104,15.408,99.8,2019-08-09T03:33:09.000+07:00,2025-09-20T06:31:26.000+07:00,
610407,61110,ตำบลทุ่งโพ,Tambon Thung Pho,6104,15.344,99.712,2019-08-09T03:33:09.000+07:00,2025-09-20T06:31:26.000+07:00,
610408,61110,ตำบลทุ่งพง,Tambon Thung Phong,6104,15.425,99.843,2019-08-09T03:33:09.000+07:00,2025-09-20T06:31:26.000+07:00,
610409,61170,ตำบลเขาบางแกรก,Tambon Khao Bang Kraek,6104,15.328,99.657,2019-08-09T03:33:09.000+07:00,2025-09-20T06:31:26.000+07:00,
610410,61110,ตำบลเขากวางทอง,Tambon Khao Kwang Thong,6104,15.394,99.694,2019-08-09T03:33:09.000+07:00,2025-09-20T06:31:26.000+07:00,
610501,61130,ตำบลหนองขาหย่าง,Tambon Nong Khayang,6105,15.349,99.95,2019-08-09T03:33:09.000+07:00,2025-09-20T06:31:26.000+07:00,
610502,61130,ตำบลหนองไผ่,Tambon Nong Phai,6105,15.341,99.902,2019-08-09T03:33:09.000+07:00,2025-09-20T06:31:26.000+07:00,
610503,61130,ตำบลดอนกลอย,Tambon Don Kloi,6105,15.389,99.903,2019-08-09T03:33:09.000+07:00,2025-09-20T06:31:26.000+07:00,
610504,61130,ตำบลห้วยรอบ,Tambon Huai Rop,6105,15.371,99.9,2019-08-09T03:33:09.000+07:00,2025-09-20T06:31:26.000+07:00,
610505,61130,ตำบลทุ่งพึ่ง,Tambon Thung Phueng,6105,15.422,99.934,2019-08-09T03:33:09.000+07:00,2025-09-20T06:31:26.000+07:00,
610506,61130,ตำบลท่าโพ,Tambon Tha Pho,6105,15.369,99.984,2019-08-09T03:33:09.000+07:00,2025-09-20T06:31:26.000+07:00,
610507,61130,ตำบลหมกแถว,Tambon Mok Thaeo,6105,15.338,99.991,2019-08-09T03:33:09.000+07:00,2025-09-20T06:31:26.000+07:00,
610508,61130,ตำบลหลุมเข้า,Tambon Lum Khao,6105,,,2019-08-09T03:33:09.000+07:00,2025-09-20T06:31:26.000+07:00,
610509,61130,ตำบลดงขวาง,Tambon Dong Kwang,6105,15.315,99.999,2019-08-09T03:33:09.000+07:00,2025-09-20T06:31:26.000+07:00,
610601,61140,ตำบลบ้านไร่,Tambon Ban Rai,6106,15.05,99.464,2019-08-09T03:33:09.000+07:00,2025-09-20T06:31:26.000+07:00,
610602,61140,ตำบลทัพหลวง,Tambon Thap Luang,6106,15.054,99.603,2019-08-09T03:33:09.000+07:00,2025-09-20T06:31:26.000+07:00,
610603,61140,ตำบลห้วยแห้ง,Tambon Huai Haeng,6106,15.175,99.556,2019-08-09T03:33:09.000+07:00,2025-09-20T06:31:26.000+07:00,
610604,61140,ตำบลคอกควาย,Tambon Khok Khwai,6106,15.226,99.412,2019-08-09T03:33:09.000+07:00,2025-09-20T06:31:26.000+07:00,
610605,61180,ตำบลวังหิน,Tambon Wang Hin,6106,15.27,99.7,2019-08-09T03:33:09.000+07:00,2025-09-20T06:31:26.000+07:00,
610606,61180,ตำบลเมืองการุ้ง,Tambon Mueang Ka Rung,6106,15.177,99.724,2019-08-09T03:33:09.000+07:00,2025-09-20T06:31:26.000+07:00,
610607,61140,ตำบลแก่นมะกรูด,Tambon Kaen Makrut,6106,15.292,99.168,2019-08-09T03:33:09.000+07:00,2025-09-20T06:31:26.000+07:00,
610609,61180,ตำบลหนองจอก,Tambon Nong Chok,6106,15.047,99.685,2019-08-09T03:33:09.000+07:00,2025-09-20T06:31:26.000+07:00,
610610,61180,ตำบลหูช้าง,Tambon Hu Chang,6106,15.142,99.681,2019-08-09T03:33:09.000+07:00,2025-09-20T06:31:26.000+07:00,
610611,61140,ตำบลบ้านบึง,Tambon Ban Bueng,6106,15.028,99.553,2019-08-09T03:33:09.000+07:00,2025-09-20T06:31:26.000+07:00,
610612,61180,ตำบลบ้านใหม่คลองเคียน,Tambon Ban Mai Khlong Khian,6106,15.238,99.674,2019-08-09T03:33:09.000+07:00,2025-09-20T06:31:26.000+07:00,
610613,61180,ตำบลหนองบ่มกล้วย,Tambon Nong Bom Kluai,6106,15.021,99.73,2019-08-09T03:33:09.000+07:00,2025-09-20T06:31:26.000+07:00,
610614,61140,ตำบลเจ้าวัด,Tambon Chao Wat,6106,15.132,99.431,2019-08-09T03:33:09.000+07:00,2025-09-20T06:31:26.000+07:00,
610701,61160,ตำบลลานสัก,Tambon Lan Sak,6107,15.486,99.544,2019-08-09T03:33:09.000+07:00,2025-09-20T06:31:26.000+07:00,
610702,61160,ตำบลประดู่ยืน,Tambon Pradu Yuen,6107,15.452,99.643,2019-08-09T03:33:09.000+07:00,2025-09-20T06:31:26.000+07:00,
610703,61160,ตำบลป่าอ้อ,Tambon Pa O,6107,15.408,99.519,2019-08-09T03:33:09.000+07:00,2025-09-20T06:31:26.000+07:00,
610704,61160,ตำบลระบำ,Tambon Rabam,6107,15.538,99.336,2019-08-09T03:33:09.000+07:00,2025-09-20T06:31:26.000+07:00,
610705,61160,ตำบลน้ำรอบ,Tambon Nam Rop,6107,15.534,99.605,2019-08-09T03:33:09.000+07:00,2025-09-20T06:31:26.000+07:00,
610706,61160,ตำบลทุ่งนางาม,Tambon Thung Na Ngam,6107,15.385,99.61,2019-08-09T03:33:09.000+07:00,2025-09-20T06:31:26.000+07:00,
610801,61170,ตำบลสุขฤทัย,Tambon Suk Ruethai,6108,15.274,99.646,2019-08-09T03:33:09.000+07:00,2025-09-20T06:31:26.000+07:00,
610802,61170,ตำบลทองหลาง,Tambon Thonglang,6108,15.316,99.481,2019-08-09T03:33:09.000+07:00,2025-09-20T06:31:26.000+07:00,
610803,61170,ตำบลห้วยคต,Tambon Huai Khot,6108,15.272,99.568,2019-08-09T03:33:09.000+07:00,2025-09-20T06:31:26.000+07:00,
620101,62000,ตำบลในเมือง,Tambon Nai Mueang,6201,16.473,99.528,2019-08-09T03:33:09.000+07:00,2025-09-20T06:31:26.000+07:00,
620102,62160,ตำบลไตรตรึงษ์,Tambon Trai Trueng,6201,16.328,99.553,2019-08-09T03:33:09.000+07:00,2025-09-20T06:31:26.000+07:00,
620103,62000,ตำบลอ่างทอง,Tambon Ang Thong,6201,16.267,99.465,2019-08-09T03:33:09.000+07:00,2025-09-20T06:31:26.000+07:00,
620104,62000,ตำบลนาบ่อคำ,Tambon Na Bo Kham,6201,16.458,99.321,2019-08-09T03:33:09.000+07:00,2025-09-20T06:31:26.000+07:00,
620105,62000,ตำบลนครชุม,Tambon Nakhon Chum,6201,16.49,99.457,2019-08-09T03:33:09.000+07:00,2025-09-20T06:31:26.000+07:00,
620106,62000,ตำบลทรงธรรม,Tambon Song Tham,6201,16.53,99.454,2019-08-09T03:33:09.000+07:00,2025-09-20T06:31:26.000+07:00,
620107,62000,ตำบลลานดอกไม้,Tambon Lan Dokmai,6201,16.634,99.44,2019-08-09T03:33:09.000+07:00,2025-09-20T06:31:26.000+07:00,
620110,62000,ตำบลหนองปลิง,Tambon Nong Pling,6201,16.566,99.521,2019-08-09T03:33:09.000+07:00,2025-09-20T06:31:26.000+07:00,
620111,62000,ตำบลคณฑี,Tambon Khonthi,6201,16.367,99.695,2019-08-09T03:33:09.000+07:00,2025-09-20T06:31:26.000+07:00,
620112,62000,ตำบลนิคมทุ่งโพธิ์ทะเล,Tambon Nikhom Thung Pho Thale,6201,16.485,99.703,2019-08-09T03:33:09.000+07:00,2025-09-20T06:31:26.000+07:00,
620113,62000,ตำบลเทพนคร,Tambon Thep Nakhon,6201,16.427,99.611,2019-08-09T03:33:09.000+07:00,2025-09-20T06:31:26.000+07:00,
620114,62000,ตำบลวังทอง,Tambon Wang Thong,6201,16.27,99.376,2019-08-09T03:33:09.000+07:00,2025-09-20T06:31:26.000+07:00,
620115,62000,ตำบลท่าขุนราม,Tambon Tha Khun Ram,6201,16.451,99.452,2019-08-09T03:33:09.000+07:00,2025-09-20T06:31:26.000+07:00,
620117,62000,ตำบลคลองแม่ลาย,Tambon Khlong Mae Lai,6201,16.375,99.41,2019-08-09T03:33:09.000+07:00,2025-09-20T06:31:26.000+07:00,
620118,62160,ตำบลธำมรงค์,Tambon Thammarong,6201,16.33,99.628,2019-08-09T03:33:09.000+07:00,2025-09-20T06:31:26.000+07:00,
620119,62000,ตำบลสระแก้ว,Tambon Sa Kaeo,6201,16.521,99.59,2019-08-09T03:33:09.000+07:00,2025-09-20T06:31:26.000+07:00,
620201,62150,ตำบลไทรงาม,Tambon Sai Ngam,6202,16.487,99.897,2019-08-09T03:33:09.000+07:00,2025-09-20T06:31:26.000+07:00,
620202,62150,ตำบลหนองคล้า,Tambon Nong Khla,6202,16.452,99.827,2019-08-09T03:33:09.000+07:00,2025-09-20T06:31:26.000+07:00,
620203,62150,ตำบลหนองทอง,Tambon Nong Thong,6202,16.417,99.756,2019-08-09T03:33:09.000+07:00,2025-09-20T06:31:26.000+07:00,
620204,62150,ตำบลหนองไม้กอง,Tambon Nong Mai Kong,6202,16.464,99.973,2019-08-09T03:33:09.000+07:00,2025-09-20T06:31:26.000+07:00,
620205,62150,ตำบลมหาชัย,Tambon Maha Chai,6202,16.507,99.798,2019-08-09T03:33:09.000+07:00,2025-09-20T06:31:26.000+07:00,
620206,62150,ตำบลพานทอง,Tambon Phan Thong,6202,16.384,99.833,2019-08-09T03:33:09.000+07:00,2025-09-20T06:31:26.000+07:00,
620207,62150,ตำบลหนองแม่แตง,Tambon Nong Mae Taeng,6202,16.399,99.909,2019-08-09T03:33:09.000+07:00,2025-09-20T06:31:26.000+07:00,
620301,62180,ตำบลคลองน้ำไหล,Tambon Khlong Nam Lai,6203,16.157,99.144,2019-08-09T03:33:09.000+07:00,2025-09-20T06:31:26.000+07:00,
620302,62180,ตำบลโป่งน้ำร้อน,Tambon Pong Nam Ron,6203,16.389,99.258,2019-08-09T03:33:09.000+07:00,2025-09-20T06:31:26.000+07:00,
620303,62180,ตำบลคลองลานพัฒนา,Tambon Khlong Lan Phatthana,6203,16.096,99.252,2019-08-09T03:33:09.000+07:00,2025-09-20T06:31:26.000+07:00,
620304,62180,ตำบลสักงาม,Tambon Sak Ngam,6203,16.324,99.348,2019-08-09T03:33:09.000+07:00,2025-09-20T06:31:26.000+07:00,
620403,62130,ตำบลยางสูง,Tambon Yang Sung,6204,16.124,99.857,2019-08-09T03:33:09.000+07:00,2025-09-20T06:31:26.000+07:00,
620404,62130,ตำบลป่าพุทรา,Tambon Pa Phutsa,6204,16.094,99.918,2019-08-09T03:33:09.000+07:00,2025-09-20T06:31:26.000+07:00,
620405,62130,ตำบลแสนตอ,Tambon Saen To,6204,16.051,99.831,2019-08-09T03:33:09.000+07:00,2025-09-20T06:31:26.000+07:00,
620406,62140,ตำบลสลกบาตร,Tambon Salok Bat,6204,16.0,99.801,2019-08-09T03:33:09.000+07:00,2025-09-20T06:31:26.000+07:00,
620407,62140,ตำบลบ่อถ้ำ,Tambon Bo Tham,6204,15.912,99.738,2019-08-09T03:33:09.000+07:00,2025-09-20T06:31:26.000+07:00,
620408,62140,ตำบลดอนแตง,Tambon Don Taeng,6204,16.053,99.752,2019-08-09T03:33:09.000+07:00,2025-09-20T06:31:26.000+07:00,
620409,62140,ตำบลวังชะพลู,Tambon Wang Chaphlu,6204,16.011,99.639,2019-08-09T03:33:09.000+07:00,2025-09-20T06:31:26.000+07:00,
620410,62140,ตำบลโค้งไผ่,Tambon Khong Phai,6204,16.108,99.657,2019-08-09T03:33:09.000+07:00,2025-09-20T06:31:26.000+07:00,
620411,62140,ตำบลปางมะค่า,Tambon Pang Makha,6204,15.967,99.461,2019-08-09T03:33:09.000+07:00,2025-09-20T06:31:26.000+07:00,
620412,62140,ตำบลวังหามแห,Tambon Wang Ham Hae,6204,16.066,99.603,2019-08-09T03:33:09.000+07:00,2025-09-20T06:31:26.000+07:00,
620413,62130,ตำบลเกาะตาล,Tambon Ko Tan,6204,16.103,99.788,2019-08-09T03:33:09.000+07:00,2025-09-20T06:31:26.000+07:00,
620501,62120,ตำบลคลองขลุง,Tambon Khlong Khlung,6205,16.176,99.698,2019-08-09T03:33:09.000+07:00,2025-09-20T06:31:26.000+07:00,
620502,62120,ตำบลท่ามะเขือ,Tambon Tha Makhuea,6205,16.261,99.752,2019-08-09T03:33:09.000+07:00,2025-09-20T06:31:26.000+07:00,
620504,62120,ตำบลท่าพุทรา,Tambon Tha Phutsa,6205,16.269,99.679,2019-08-09T03:33:09.000+07:00,2025-09-20T06:31:26.000+07:00,
620505,62120,ตำบลแม่ลาด,Tambon Mae Lat,6205,16.153,99.785,2019-08-09T03:33:09.000+07:00,2025-09-20T06:31:26.000+07:00,
620506,62120,ตำบลวังยาง,Tambon Wang Yang,6205,16.204,99.774,2019-08-09T03:33:09.000+07:00,2025-09-20T06:31:26.000+07:00,
620507,62120,ตำบลวังแขม,Tambon Wang Khaem,6205,16.208,99.837,2019-08-09T03:33:09.000+07:00,2025-09-20T06:31:26.000+07:00,
620508,62120,ตำบลหัวถนน,Tambon Hua Thanon,6205,16.267,99.631,2019-08-09T03:33:09.000+07:00,2025-09-20T06:31:26.000+07:00,
620509,62120,ตำบลวังไทร,Tambon Wang Sai,6205,16.2,99.631,2019-08-09T03:33:09.000+07:00,2025-09-20T06:31:26.000+07:00,
620513,62120,ตำบลวังบัว,Tambon Wang Bua,6205,16.308,99.729,2019-08-09T03:33:09.000+07:00,2025-09-20T06:31:26.000+07:00,
620516,62120,ตำบลคลองสมบูรณ์,Tambon Khlong Sombun,6205,16.25,99.543,2019-08-09T03:33:09.000+07:00,2025-09-20T06:31:26.000+07:00,
620601,62110,ตำบลพรานกระต่าย,Tambon Phran Kratai,6206,16.657,99.538,2019-08-09T03:33:09.000+07:00,2025-09-20T06:31:26.000+07:00,
620602,62110,ตำบลหนองหัววัว,Tambon Nong Hua Wua,6206,16.748,99.579,2019-08-09T03:33:09.000+07:00,2025-09-20T06:31:26.000+07:00,
620603,62110,ตำบลท่าไม้,Tambon Tha Mai,6206,16.679,99.434,2019-08-09T03:33:09.000+07:00,2025-09-20T06:31:26.000+07:00,
620604,62110,ตำบลวังควง,Tambon Wang Khuang,6206,16.779,99.398,2019-08-09T03:33:09.000+07:00,2025-09-20T06:31:26.000+07:00,
620605,62110,ตำบลวังตะแบก,Tambon Wang Tabaek,6206,16.712,99.666,2019-08-09T03:33:09.000+07:00,2025-09-20T06:31:26.000+07:00,
620606,62110,ตำบลเขาคีริส,Tambon Khao Khirit,6206,16.588,99.683,2019-08-09T03:33:09.000+07:00,2025-09-20T06:31:26.000+07:00,
620607,62110,ตำบลคุยบ้านโอง,Tambon Khui Ban Ong,6206,16.659,99.667,2019-08-09T03:33:09.000+07:00,2025-09-20T06:31:26.000+07:00,
620608,62110,ตำบลคลองพิไกร,Tambon Khlong Phikrai,6206,16.666,99.742,2019-08-09T03:33:09.000+07:00,2025-09-20T06:31:26.000+07:00,
620609,62110,ตำบลถ้ำกระต่ายทอง,Tambon Tham Kratai Thong,6206,16.729,99.541,2019-08-09T03:33:09.000+07:00,2025-09-20T06:31:26.000+07:00,
620610,62110,ตำบลห้วยยั้ง,Tambon Huai Yang,6206,16.824,99.559,2019-08-09T03:33:09.000+07:00,2025-09-20T06:31:26.000+07:00,
620701,62170,ตำบลลานกระบือ,Tambon Lan Krabue,6207,16.625,99.861,2019-08-09T03:33:09.000+07:00,2025-09-20T06:31:26.000+07:00,
620702,62170,ตำบลช่องลม,Tambon Chong Lom,6207,16.568,99.913,2019-08-09T03:33:09.000+07:00,2025-09-20T06:31:26.000+07:00,
620703,62170,ตำบลหนองหลวง,Tambon Nong Luang,6207,16.64,99.78,2019-08-09T03:33:09.000+07:00,2025-09-20T06:31:26.000+07:00,
620704,62170,ตำบลโนนพลวง,Tambon Non Phluang,6207,16.56,99.857,2019-08-09T03:33:09.000+07:00,2025-09-20T06:31:26.000+07:00,
620705,62170,ตำบลประชาสุขสันต์,Tambon Pracha Suk San,6207,16.521,99.974,2019-08-09T03:33:09.000+07:00,2025-09-20T06:31:26.000+07:00,
620706,62170,ตำบลบึงทับแรต,Tambon Bueng Thap Raet,6207,16.689,99.855,2019-08-09T03:33:09.000+07:00,2025-09-20T06:31:26.000+07:00,
620707,62170,ตำบลจันทิมา,Tambon Chanthima,6207,16.57,99.791,2019-08-09T03:33:09.000+07:00,2025-09-20T06:31:26.000+07:00,
620801,62190,ตำบลทุ่งทราย,Tambon Thung Sai,6208,16.305,99.862,2019-08-09T03:33:09.000+07:00,2025-09-20T06:31:26.000+07:00,
620802,62190,ตำบลทุ่งทอง,Tambon Thung Thong,6208,16.341,99.899,2019-08-09T03:33:09.000+07:00,2025-09-20T06:31:26.000+07:00,
620803,62190,ตำบลถาวรวัฒนา,Tambon Thawon Watthana,6208,16.287,99.915,2019-08-09T03:33:09.000+07:00,2025-09-20T06:31:26.000+07:00,
620901,62120,ตำบลโพธิ์ทอง,Tambon Pho Thong,6209,16.11,99.527,2019-08-09T03:33:09.000+07:00,2025-09-20T06:31:26.000+07:00,
620902,62120,ตำบลหินดาต,Tambon Hin Dat,6209,16.052,99.426,2019-08-09T03:33:09.000+07:00,2025-09-20T06:31:26.000+07:00,
620903,62120,ตำบลปางตาไว,Tambon Pang Ta Wai,6209,16.017,99.164,2019-08-09T03:33:09.000+07:00,2025-09-20T06:31:26.000+07:00,
621001,62210,ตำบลบึงสามัคคี,Tambon Bueng Samakkhi,6210,16.285,99.985,2019-08-09T03:33:09.000+07:00,2025-09-20T06:31:26.000+07:00,
621002,62210,ตำบลวังชะโอน,Tambon Wang Cha-on,6210,16.233,99.926,2019-08-09T03:33:09.000+07:00,2025-09-20T06:31:26.000+07:00,
621003,62210,ตำบลระหาน,Tambon Rahan,6210,16.158,99.941,2019-08-09T03:33:09.000+07:00,2025-09-20T06:31:26.000+07:00,
621004,62210,ตำบลเทพนิมิต,Tambon Thep Nimit,6210,16.182,99.914,2019-08-09T03:33:09.000+07:00,2025-09-20T06:31:26.000+07:00,
621101,62000,ตำบลโกสัมพี,Tambon Kosamphi,6211,16.501,99.215,2019-08-09T03:33:09.000+07:00,2025-09-20T06:31:26.000+07:00,
621102,62000,ตำบลเพชรชมภู,Tambon Phet Chomphu,6211,16.58,99.361,2019-08-09T03:33:09.000+07:00,2025-09-20T06:31:26.000+07:00,
621103,62000,ตำบลลานดอกไม้ตก,Tambon Lan Dokmai Tok,6211,16.581,99.429,2019-08-09T03:33:09.000+07:00,2025-09-20T06:31:26.000+07:00,
630101,63000,ตำบลระแหง,Tambon Rahaeng,6301,16.862,99.129,2019-08-09T03:33:09.000+07:00,2025-09-20T06:31:26.000+07:00,
630102,63000,ตำบลหนองหลวง,Tambon Nong Luang,6301,,,2019-08-09T03:33:09.000+07:00,2025-09-20T06:31:26.000+07:00,
630103,63000,ตำบลเชียงเงิน,Tambon Chiang Ngoen,6301,,,2019-08-09T03:33:09.000+07:00,2025-09-20T06:31:26.000+07:00,
630104,63000,ตำบลหัวเดียด,Tambon Hua Diat,6301,,,2019-08-09T03:33:09.000+07:00,2025-09-20T06:31:26.000+07:00,
630105,63000,ตำบลหนองบัวเหนือ,Tambon Nong Bua Nuea,6301,16.923,99.049,2019-08-09T03:33:09.000+07:00,2025-09-20T06:31:26.000+07:00,
630106,63000,ตำบลไม้งาม,Tambon Mai Ngam,6301,16.972,99.186,2019-08-09T03:33:09.000+07:00,2025-09-20T06:31:26.000+07:00,
630107,63000,ตำบลโป่งแดง,Tambon Pong Daeng,6301,17.059,99.291,2019-08-09T03:33:09.000+07:00,2025-09-20T06:31:26.000+07:00,
630108,63000,ตำบลน้ำรึม,Tambon Nam Ruem,6301,16.897,99.168,2019-08-09T03:33:09.000+07:00,2025-09-20T06:31:26.000+07:00,
630109,63000,ตำบลวังหิน,Tambon Wang Hin,6301,16.786,99.231,2019-08-09T03:33:09.000+07:00,2025-09-20T06:31:26.000+07:00,
630111,63000,ตำบลแม่ท้อ,Tambon Mae Tho,6301,16.789,98.967,2019-08-09T03:33:09.000+07:00,2025-09-20T06:31:26.000+07:00,
630112,63000,ตำบลป่ามะม่วง,Tambon Pa Mamuang,6301,16.866,99.075,2019-08-09T03:33:09.000+07:00,2025-09-20T06:31:26.000+07:00,
630113,63000,ตำบลหนองบัวใต้,Tambon Nong Bua Tai,6301,16.795,99.103,2019-08-09T03:33:09.000+07:00,2025-09-20T06:31:26.000+07:00,
630114,63000,ตำบลวังประจบ,Tambon Wang Prachop,6301,16.888,99.373,2019-08-09T03:33:09.000+07:00,2025-09-20T06:31:26.000+07:00,
630115,63000,ตำบลตลุกกลางทุ่ง,Tambon Taluk Klang Thung,6301,16.861,99.249,2019-08-09T03:33:09.000+07:00,2025-09-20T06:31:26.000+07:00,
630201,63120,ตำบลตากออก,Tambon Tak Ok,6302,17.066,99.107,2019-08-09T03:33:09.000+07:00,2025-09-20T06:31:26.000+07:00,
630202,63120,ตำบลสมอโคน,Tambon Samo Khon,6302,17.046,99.183,2019-08-09T03:33:09.000+07:00,2025-09-20T06:31:26.000+07:00,
630203,63120,ตำบลแม่สลิด,Tambon Mae Salit,6302,17.295,99.255,2019-08-09T03:33:09.000+07:00,2025-09-20T06:31:26.000+07:00,
630204,63120,ตำบลตากตก,Tambon Tak Tok,6302,17.001,99.068,2019-08-09T03:33:09.000+07:00,2025-09-20T06:31:26.000+07:00,
630205,63120,ตำบลเกาะตะเภา,Tambon Ko Taphao,6302,17.11,99.011,2019-08-09T03:33:09.000+07:00,2025-09-20T06:31:26.000+07:00,
630206,63120,ตำบลทุ่งกระเชาะ,Tambon Thung Kracho,6302,,,2019-08-09T03:33:09.000+07:00,2025-09-20T06:31:26.000+07:00,
630207,63120,ตำบลท้องฟ้า,Tambon Thong Fa,6302,17.086,98.918,2019-08-09T03:33:09.000+07:00,2025-09-20T06:31:26.000+07:00,
630301,63130,ตำบลสามเงา,Tambon Sam Ngao,6303,17.25,99.034,2019-08-09T03:33:09.000+07:00,2025-09-20T06:31:26.000+07:00,
630302,63130,ตำบลวังหมัน,Tambon Wang Man,6303,17.201,99.117,2019-08-09T03:33:09.000+07:00,2025-09-20T06:31:26.000+07:00,
630303,63130,ตำบลยกกระบัตร,Tambon Yokkrabat,6303,17.335,99.034,2019-08-09T03:33:09.000+07:00,2025-09-20T06:31:26.000+07:00,
630304,63130,ตำบลย่านรี,Tambon Yan Ri,6303,17.188,99.022,2019-08-09T03:33:09.000+07:00,2025-09-20T06:31:26.000+07:00,
630305,63130,ตำบลบ้านนา,Tambon Ban Na,6303,17.333,98.864,2019-08-09T03:33:09.000+07:00,2025-09-20T06:31:26.000+07:00,
630306,63130,ตำบลวังจันทร์,Tambon Wang Chan,6303,17.275,99.147,2019-08-09T03:33:09.000+07:00,2025-09-20T06:31:26.000+07:00,
630401,63140,ตำบลแม่ระมาด,Tambon Mae Ramat,6304,16.971,98.525,2019-08-09T03:33:09.000+07:00,2025-09-20T06:31:26.000+07:00,
630402,63140,ตำบลแม่จะเรา,Tambon Mae Charao,6304,16.947,98.591,2019-08-09T03:33:09.000+07:00,2025-09-20T06:31:26.000+07:00,
630403,63140,ตำบลขะเนจื้อ,Tambon Khane Chue,6304,17.055,98.541,2019-08-09T03:33:09.000+07:00,2025-09-20T06:31:26.000+07:00,
630404,63140,ตำบลแม่ตื่น,Tambon Mae Tuen,6304,17.194,98.566,2019-08-09T03:33:09.000+07:00,2025-09-20T06:31:26.000+07:00,
630405,63140,ตำบลสามหมื่น,Tambon Sam Muen,6304,17.092,98.698,2019-08-09T03:33:09.000+07:00,2025-09-20T06:31:26.000+07:00,
630406,63140,ตำบลพระธาตุ,Tambon Phra That,6304,17.004,98.668,2019-08-09T03:33:09.000+07:00,2025-09-20T06:31:26.000+07:00,
630501,63150,ตำบลท่าสองยาง,Tambon Tha Song Yang,6305,17.724,97.817,2019-08-09T03:33:09.000+07:00,2025-09-20T06:31:26.000+07:00,
630502,63150,ตำบลแม่ต้าน,Tambon Mae Tan,6305,17.268,98.275,2019-08-09T03:33:09.000+07:00,2025-09-20T06:31:26.000+07:00,
630503,63150,ตำบลแม่สอง,Tambon Mae Song,6305,17.494,98.151,2019-08-09T03:33:09.000+07:00,2025-09-20T06:31:26.000+07:00,
630504,63150,ตำบลแม่หละ,Tambon Mae La,6305,17.17,98.359,2019-08-09T03:33:09.000+07:00,2025-09-20T06:31:26.000+07:00,
630505,63150,ตำบลแม่วะหลวง,Tambon Mae Wa Luang,6305,17.763,97.923,2019-08-09T03:33:09.000+07:00,2025-09-20T06:31:26.000+07:00,
630506,63150,ตำบลแม่อุสุ,Tambon Mae Usu,6305,17.361,98.214,2019-08-09T03:33:09.000+07:00,2025-09-20T06:31:26.000+07:00,
630601,63110,ตำบลแม่สอด,Tambon Mae Sot,6306,16.716,98.573,2019-08-09T03:33:09.000+07:00,2025-09-20T06:31:26.000+07:00,
630602,63110,ตำบลแม่กุ,Tambon Mae Ku,6306,16.62,98.651,2019-08-09T03:33:09.000+07:00,2025-09-20T06:31:26.000+07:00,
630603,63110,ตำบลพะวอ,Tambon Phawo,6306,16.671,98.784,2019-08-09T03:33:09.000+07:00,2025-09-20T06:31:26.000+07:00,
630604,63110,ตำบลแม่ตาว,Tambon Mae Tao,6306,16.681,98.577,2019-08-09T03:33:09.000+07:00,2025-09-20T06:31:26.000+07:00,
630605,63110,ตำบลแม่กาษา,Tambon Mae Kasa,6306,16.897,98.654,2019-08-09T03:33:09.000+07:00,2025-09-20T06:31:26.000+07:00,
630606,63110,ตำบลท่าสายลวด,Tambon Tha Sai Luat,6306,16.696,98.533,2019-08-09T03:33:09.000+07:00,2025-09-20T06:31:26.000+07:00,
630607,63110,ตำบลแม่ปะ,Tambon Mae Pa,6306,16.757,98.586,2019-08-09T03:33:09.000+07:00,2025-09-20T06:31:26.000+07:00,
630608,63110,ตำบลมหาวัน,Tambon Mahawan,6306,16.565,98.676,2019-08-09T03:33:09.000+07:00,2025-09-20T06:31:26.000+07:00,
630609,63110,ตำบลด่านแม่ละเมา,Tambon Dan Mae Lamao,6306,16.748,98.862,2019-08-09T03:33:09.000+07:00,2025-09-20T06:31:26.000+07:00,
630610,63110,ตำบลพระธาตุผาแดง,Tambon Phra That Pha Daeng,6306,16.692,98.639,2019-08-09T03:33:09.000+07:00,2025-09-20T06:31:26.000+07:00,
630701,63160,ตำบลพบพระ,Tambon Phop Phra,6307,16.402,98.697,2019-08-09T03:33:09.000+07:00,2025-09-20T06:31:26.000+07:00,
630702,63160,ตำบลช่องแคบ,Tambon Chong Khaep,6307,16.512,98.749,2019-08-09T03:33:09.000+07:00,2025-09-20T06:31:26.000+07:00,
630703,63160,ตำบลคีรีราษฎร์,Tambon Khiri Rat,6307,16.537,98.845,2019-08-09T03:33:09.000+07:00,2025-09-20T06:31:26.000+07:00,
630704,63160,ตำบลวาเล่ย์,Tambon Wale,6307,16.368,98.768,2019-08-09T03:33:09.000+07:00,2025-09-20T06:31:26.000+07:00,
630705,63160,ตำบลรวมไทยพัฒนา,Tambon Ruam Thai Phatthana,6307,16.44,98.786,2019-08-09T03:33:09.000+07:00,2025-09-20T06:31:26.000+07:00,
630801,63170,ตำบลอุ้มผาง,Tambon Umphang,6308,16.019,98.955,2019-08-09T03:33:09.000+07:00,2025-09-20T06:31:26.000+07:00,
630802,63170,ตำบลหนองหลวง,Tambon Nong Luang,6308,16.033,98.739,2019-08-09T03:33:09.000+07:00,2025-09-20T06:31:26.000+07:00,
630803,63170,ตำบลโมโกร,Tambon Mokro,6308,16.22,98.964,2019-08-09T03:33:09.000+07:00,2025-09-20T06:31:26.000+07:00,
630804,63170,ตำบลแม่จัน,Tambon Mae Chan,6308,15.727,98.716,2019-08-09T03:33:09.000+07:00,2025-09-20T06:31:26.000+07:00,
630805,63170,ตำบลแม่ละมุ้ง,Tambon Mae Lamung,6308,15.641,98.966,2019-08-09T03:33:09.000+07:00,2025-09-20T06:31:26.000+07:00,
630806,63170,ตำบลแม่กลอง,Tambon Mae Klong,6308,16.066,98.834,2019-08-09T03:33:09.000+07:00,2025-09-20T06:31:26.000+07:00,
630901,63000,ตำบลเชียงทอง,Tambon Chiang Thong,6309,16.571,99.122,2019-08-09T03:33:09.000+07:00,2025-09-20T06:31:26.000+07:00,
630902,63000,ตำบลนาโบสถ์,Tambon Na Bot,6309,16.705,99.156,2019-08-09T03:33:09.000+07:00,2025-09-20T06:31:26.000+07:00,
630903,63000,ตำบลประดาง,Tambon Pradang,6309,16.748,99.184,2019-08-09T03:33:09.000+07:00,2025-09-20T06:31:26.000+07:00,
640101,64000,ตำบลธานี,Tambon Thani,6401,17.012,99.822,2019-08-09T03:33:09.000+07:00,2025-09-20T06:31:26.000+07:00,
640102,64220,ตำบลบ้านสวน,Tambon Ban Suan,6401,17.045,99.903,2019-08-09T03:33:09.000+07:00,2025-09-20T06:31:26.000+07:00,
640103,64210,ตำบลเมืองเก่า,Tambon Mueang Kao,6401,17.021,99.682,2019-08-09T03:33:09.000+07:00,2025-09-20T06:31:26.000+07:00,
640104,64000,ตำบลปากแคว,Tambon Pak Khwae,6401,17.043,99.824,2019-08-09T03:33:09.000+07:00,2025-09-20T06:31:26.000+07:00,
640105,64000,ตำบลยางซ้าย,Tambon Yang Sai,6401,16.974,99.821,2019-08-09T03:33:09.000+07:00,2025-09-20T06:31:26.000+07:00,
640106,64000,ตำบลบ้านกล้วย,Tambon Ban Kluai,6401,17.029,99.776,2019-08-09T03:33:09.000+07:00,2025-09-20T06:31:26.000+07:00,
640107,64000,ตำบลบ้านหลุม,Tambon Ban Lum,6401,16.983,99.87,2019-08-09T03:33:09.000+07:00,2025-09-20T06:31:26.000+07:00,
640108,64220,ตำบลตาลเตี้ย,Tambon Tan Tia,6401,17.063,99.87,2019-08-09T03:33:09.000+07:00,2025-09-20T06:31:26.000+07:00,
640109,64000,ตำบลปากพระ,Tambon Pak Phra,6401,16.915,99.836,2019-08-09T03:33:09.000+07:00,2025-09-20T06:31:26.000+07:00,
640110,64210,ตำบลวังทองแดง,Tambon Wang Thongdaeng,6401,17.107,99.687,2019-08-09T03:33:09.000+07:00,2025-09-20T06:31:26.000+07:00,
640201,64140,ตำบลลานหอย,Tambon Lan Hoi,6402,16.887,99.609,2019-08-09T03:33:09.000+07:00,2025-09-20T06:31:26.000+07:00,
640202,64140,ตำบลบ้านด่าน,Tambon Ban Dan,6402,17.048,99.549,2019-08-09T03:33:09.000+07:00,2025-09-20T06:31:26.000+07:00,
640203,64140,ตำบลวังตะคร้อ,Tambon Wang Takhro,6402,16.948,99.5,2019-08-09T03:33:09.000+07:00,2025-09-20T06:31:26.000+07:00,
640204,64140,ตำบลวังน้ำขาว,Tambon Wang Nam Khao,6402,17.096,99.608,2019-08-09T03:33:09.000+07:00,2025-09-20T06:31:26.000+07:00,
640205,64140,ตำบลตลิ่งชัน,Tambon Taling Chan,6402,17.156,99.414,2019-08-09T03:33:09.000+07:00,2025-09-20T06:31:26.000+07:00,
640206,64140,ตำบลหนองหญ้าปล้อง,Tambon Nong Ya Plong,6402,16.995,99.481,2019-08-09T03:33:09.000+07:00,2025-09-20T06:31:26.000+07:00,
640207,64140,ตำบลวังลึก,Tambon Wang Luek,6402,17.04,99.461,2019-08-09T03:33:09.000+07:00,2025-09-20T06:31:26.000+07:00,
640301,64160,ตำบลโตนด,Tambon Tanot,6403,16.839,99.824,2019-08-09T03:33:09.000+07:00,2025-09-20T06:31:26.000+07:00,
640302,64160,ตำบลทุ่งหลวง,Tambon Thung Luang,6403,16.877,99.774,2019-08-09T03:33:09.000+07:00,2025-09-20T06:31:26.000+07:00,
640303,64160,ตำบลบ้านป้อม,Tambon Ban Pom,6403,16.931,99.776,2019-08-09T03:33:09.000+07:00,2025-09-20T06:31:26.000+07:00,
640304,64160,ตำบลสามพวง,Tambon Sam Phuang,6403,16.79,99.785,2019-08-09T03:33:09.000+07:00,2025-09-20T06:31:26.000+07:00,
640305,64160,ตำบลศรีคีรีมาศ,Tambon Si Khiri Mat,6403,16.827,99.706,2019-08-09T03:33:09.000+07:00,2025-09-20T06:31:26.000+07:00,
640306,64160,ตำบลหนองจิก,Tambon Nong Chik,6403,16.764,99.749,2019-08-09T03:33:09.000+07:00,2025-09-20T06:31:26.000+07:00,
640307,64160,ตำบลนาเชิงคีรี,Tambon Na Choeng Khiri,6403,16.929,99.688,2019-08-09T03:33:09.000+07:00,2025-09-20T06:31:26.000+07:00,
640308,64160,ตำบลหนองกระดิ่ง,Tambon Nong Krading,6403,16.798,99.851,2019-08-09T03:33:09.000+07:00,2025-09-20T06:31:26.000+07:00,
640309,64160,ตำบลบ้านน้ำพุ,Tambon Ban Nam Phu,6403,16.815,99.632,2019-08-09T03:33:09.000+07:00,2025-09-20T06:31:26.000+07:00,
640310,64160,ตำบลทุ่งยางเมือง,Tambon Thung Yang Mueang,6403,16.748,99.834,2019-08-09T03:33:09.000+07:00,2025-09-20T06:31:26.000+07:00,
640401,64170,ตำบลกง,Tambon Kong,6404,16.893,99.984,2019-08-09T03:33:09.000+07:00,2025-09-20T06:31:26.000+07:00,
640402,64170,ตำบลบ้านกร่าง,Tambon Ban Krang,6404,16.947,99.939,2019-08-09T03:33:09.000+07:00,2025-09-20T06:31:26.000+07:00,
640403,64170,ตำบลไกรนอก,Tambon Krai Nok,6404,16.907,100.083,2019-08-09T03:33:09.000+07:00,2025-09-20T06:31:26.000+07:00,
640404,64170,ตำบลไกรกลาง,Tambon Krai Klang,6404,16.996,99.997,2019-08-09T03:33:09.000+07:00,2025-09-20T06:31:26.000+07:00,
640405,64170,ตำบลไกรใน,Tambon Krai Nai,6404,17.022,99.947,2019-08-09T03:33:09.000+07:00,2025-09-20T06:31:26.000+07:00,
640406,64170,ตำบลดงเดือย,Tambon Dong Dueai,6404,16.92,100.011,2019-08-09T03:33:09.000+07:00,2025-09-20T06:31:26.000+07:00,
640407,64170,ตำบลป่าแฝก,Tambon Pa Faek,6404,16.969,99.927,2019-08-09T03:33:09.000+07:00,2025-09-20T06:31:26.000+07:00,
640408,64170,ตำบลกกแรต,Tambon Kok Raet,6404,17.005,100.027,2019-08-09T03:33:09.000+07:00,2025-09-20T06:31:26.000+07:00,
640409,64170,ตำบลท่าฉนวน,Tambon Tha Chanuan,6404,16.891,99.878,2019-08-09T03:33:09.000+07:00,2025-09-20T06:31:26.000+07:00,
640410,64170,ตำบลหนองตูม,Tambon Nong Tum,6404,16.88,99.949,2019-08-09T03:33:09.000+07:00,2025-09-20T06:31:26.000+07:00,
640411,64170,ตำบลบ้านใหม่สุขเกษม,Tambon Ban Mai Suk Kasem,6404,16.954,100.078,2019-08-09T03:33:09.000+07:00,2025-09-20T06:31:26.000+07:00,
640501,64130,ตำบลหาดเสี้ยว,Tambon Hat Siao,6405,17.52,99.784,2019-08-09T03:33:09.000+07:00,2025-09-20T06:31:26.000+07:00,
640502,64130,ตำบลป่างิ้ว,Tambon Pa Ngio,6405,17.55,99.825,2019-08-09T03:33:09.000+07:00,2025-09-20T06:31:26.000+07:00,
640503,64130,ตำบลแม่สำ,Tambon Mae Sam,6405,17.608,99.713,2019-08-09T03:33:09.000+07:00,2025-09-20T06:31:26.000+07:00,
640504,64130,ตำบลแม่สิน,Tambon Mae Sin,6405,17.736,99.585,2019-08-09T03:33:09.000+07:00,2025-09-20T06:31:26.000+07:00,
640505,64130,ตำบลบ้านตึก,Tambon Ban Tuek,6405,17.649,99.881,2019-08-09T03:33:09.000+07:00,2025-09-20T06:31:26.000+07:00,
640506,64130,ตำบลหนองอ้อ,Tambon Nong O,6405,17.484,99.751,2019-08-09T03:33:09.000+07:00,2025-09-20T06:31:26.000+07:00,
640507,64190,ตำบลท่าชัย,Tambon Tha Chai,6405,17.444,99.846,2019-08-09T03:33:09.000+07:00,2025-09-20T06:31:26.000+07:00,
640508,64190,ตำบลศรีสัชนาลัย,Tambon Si Satchanalai,6405,17.409,99.778,2019-08-09T03:33:09.000+07:00,2025-09-20T06:31:26.000+07:00,
640509,64130,ตำบลดงคู่,Tambon Dong Khu,6405,17.547,99.899,2019-08-09T03:33:09.000+07:00,2025-09-20T06:31:26.000+07:00,
640510,64130,ตำบลบ้านแก่ง,Tambon Ban Kaeng,6405,17.449,99.643,2019-08-09T03:33:09.000+07:00,2025-09-20T06:31:26.000+07:00,
640511,64130,ตำบลสารจิตร,Tambon San Chit,6405,17.42,99.728,2019-08-09T03:33:09.000+07:00,2025-09-20T06:31:26.000+07:00,
640601,64120,ตำบลคลองตาล,Tambon Khlong Tan,6406,17.158,99.858,2019-08-09T03:33:09.000+07:00,2025-09-20T06:31:26.000+07:00,
640602,64120,ตำบลวังลึก,Tambon Wang Luek,6406,17.147,99.883,2019-08-09T03:33:09.000+07:00,2025-09-20T06:31:26.000+07:00,
640603,64120,ตำบลสามเรือน,Tambon Sam Ruean,6406,17.183,99.872,2019-08-09T03:33:09.000+07:00,2025-09-20T06:31:26.000+07:00,
640604,64120,ตำบลบ้านนา,Tambon Ban Na,6406,17.171,99.835,2019-08-09T03:33:09.000+07:00,2025-09-20T06:31:26.000+07:00,
640605,64120,ตำบลวังทอง,Tambon Wang Thong,6406,17.139,99.811,2019-08-09T03:33:09.000+07:00,2025-09-20T06:31:26.000+07:00,
640606,64120,ตำบลนาขุนไกร,Tambon Na Khun Krai,6406,17.196,99.582,2019-08-09T03:33:09.000+07:00,2025-09-20T06:31:26.000+07:00,
640607,64120,ตำบลเกาะตาเลี้ยง,Tambon Ko Ta Liang,6406,17.111,99.908,2019-08-09T03:33:09.000+07:00,2025-09-20T06:31:26.000+07:00,
640608,64120,ตำบลวัดเกาะ,Tambon Wat Ko,6406,17.188,99.827,2019-08-09T03:33:09.000+07:00,2025-09-20T06:31:26.000+07:00,
640609,64120,ตำบลบ้านไร่,Tambon Ban Rai,6406,17.164,99.764,2019-08-09T03:33:09.000+07:00,2025-09-20T06:31:26.000+07:00,
640610,64120,ตำบลทับผึ้ง,Tambon Thap Phueng,6406,17.084,99.83,2019-08-09T03:33:09.000+07:00,2025-09-20T06:31:26.000+07:00,
640611,64120,ตำบลบ้านซ่าน,Tambon Ban San,6406,17.203,99.77,2019-08-09T03:33:09.000+07:00,2025-09-20T06:31:26.000+07:00,
640612,64120,ตำบลวังใหญ่,Tambon Wang Yai,6406,17.118,99.765,2019-08-09T03:33:09.000+07:00,2025-09-20T06:31:26.000+07:00,
640613,64120,ตำบลราวต้นจันทร์,Tambon Rao Ton Chan,6406,17.174,99.723,2019-08-09T03:33:09.000+07:00,2025-09-20T06:31:26.000+07:00,
640701,64110,ตำบลเมืองสวรรคโลก,Tambon Mueang Sawankhalok,6407,17.315,99.834,2019-08-09T03:33:09.000+07:00,2025-09-20T06:31:26.000+07:00,
640702,64110,ตำบลในเมือง,Tambon Nai Mueang,6407,17.326,99.878,2019-08-09T03:33:09.000+07:00,2025-09-20T06:31:26.000+07:00,
640703,64110,ตำบลคลองกระจง,Tambon Khlong Krachong,6407,17.239,99.828,2019-08-09T03:33:09.000+07:00,2025-09-20T06:31:26.000+07:00,
640704,64110,ตำบลวังพิณพาทย์,Tambon Wang Phinphat,6407,17.335,99.815,2019-08-09T03:33:09.000+07:00,2025-09-20T06:31:26.000+07:00,
640705,64110,ตำบลวังไม้ขอน,Tambon Wang Mai Khon,6407,17.31,99.807,2019-08-09T03:33:09.000+07:00,2025-09-20T06:31:26.000+07:00,
640706,64110,ตำบลย่านยาว,Tambon Yan Yao,6407,17.273,99.816,2019-08-09T03:33:09.000+07:00,2025-09-20T06:31:26.000+07:00,
640707,64110,ตำบลนาทุ่ง,Tambon Na Thung,6407,17.311,99.74,2019-08-09T03:33:09.000+07:00,2025-09-20T06:31:26.000+07:00,
640708,64110,ตำบลคลองยาง,Tambon Khlong Yao,6407,17.414,99.915,2019-08-09T03:33:09.000+07:00,2025-09-20T06:31:26.000+07:00,
640709,64110,ตำบลเมืองบางยม,Tambon Mueang Bang Yom,6407,17.214,99.876,2019-08-09T03:33:09.000+07:00,2025-09-20T06:31:26.000+07:00,
640710,64110,ตำบลท่าทอง,Tambon Tha Thong,6407,17.212,99.85,2019-08-09T03:33:09.000+07:00,2025-09-20T06:31:26.000+07:00,
640711,64110,ตำบลปากน้ำ,Tambon Pak Nam,6407,17.233,99.925,2019-08-09T03:33:09.000+07:00,2025-09-20T06:31:26.000+07:00,
640712,64110,ตำบลป่ากุมเกาะ,Tambon Pa Kum Ko,6407,17.365,99.794,2019-08-09T03:33:09.000+07:00,2025-09-20T06:31:26.000+07:00,
640713,64110,ตำบลเมืองบางขลัง,Tambon Mueang Bang Khlang,6407,17.242,99.71,2019-08-09T03:33:09.000+07:00,2025-09-20T06:31:26.000+07:00,
640714,64110,ตำบลหนองกลับ,Tambon Nong Klap,6407,17.245,99.782,2019-08-09T03:33:09.000+07:00,2025-09-20T06:31:26.000+07:00,
640801,64180,ตำบลศรีนคร,Tambon Si Nakhon,6408,17.373,99.98,2019-08-09T03:33:09.000+07:00,2025-09-20T06:31:26.000+07:00,
640802,64180,ตำบลนครเดิฐ,Tambon Nakhon Doet,6408,17.471,99.955,2019-08-09T03:33:09.000+07:00,2025-09-20T06:31:26.000+07:00,
640803,64180,ตำบลน้ำขุม,Tambon Nam Khum,6408,17.412,99.982,2019-08-09T03:33:09.000+07:00,2025-09-20T06:31:26.000+07:00,
640804,64180,ตำบลคลองมะพลับ,Tambon Khlong Maphlap,6408,17.319,99.962,2019-08-09T03:33:09.000+07:00,2025-09-20T06:31:26.000+07:00,
640805,64180,ตำบลหนองบัว,Tambon Nong Bua,6408,17.285,99.958,2019-08-09T03:33:09.000+07:00,2025-09-20T06:31:26.000+07:00,
640901,64230,ตำบลบ้านใหม่ไชยมงคล,Tambon Ban Mai Chai Mongkhon,6409,17.251,99.652,2019-08-09T03:33:09.000+07:00,2025-09-20T06:31:26.000+07:00,
640902,64150,ตำบลไทยชนะศึก,Tambon Thai Chana Suek,6409,17.376,99.589,2019-08-09T03:33:09.000+07:00,2025-09-20T06:31:26.000+07:00,
640903,64150,ตำบลทุ่งเสลี่ยม,Tambon Thung Saliam,6409,17.301,99.548,2019-08-09T03:33:09.000+07:00,2025-09-20T06:31:26.000+07:00,
640904,64150,ตำบลกลางดง,Tambon Klang Dong,6409,17.394,99.491,2019-08-09T03:33:09.000+07:00,2025-09-20T06:31:26.000+07:00,
640905,64230,ตำบลเขาแก้วศรีสมบูรณ์,Tambon Khaokaw Si Somboon,6409,17.32,99.643,2019-08-09T03:33:09.000+07:00,2025-09-20T06:31:26.000+07:00,
650101,65000,ตำบลในเมือง,Tambon Nai Mueang,6501,16.815,100.26,2019-08-09T03:33:09.000+07:00,2025-09-20T06:31:26.000+07:00,
650102,65230,ตำบลวังน้ำคู้,Tambon Wang Nam Khu,6501,16.652,100.269,2019-08-09T03:33:09.000+07:00,2025-09-20T06:31:26.000+07:00,
650103,65000,ตำบลวัดจันทร์,Tambon Wat Chan,6501,16.789,100.25,2019-08-09T03:33:09.000+07:00,2025-09-20T06:31:26.000+07:00,
650104,65230,ตำบลวัดพริก,Tambon Wat Phrik,6501,16.715,100.243,2019-08-09T03:33:09.000+07:00,2025-09-20T06:31:26.000+07:00,
650105,65000,ตำบลท่าทอง,Tambon Tha Thong,6501,16.798,100.197,2019-08-09T03:33:09.000+07:00,2025-09-20T06:31:26.000+07:00,
650106,65000,ตำบลท่าโพธิ์,Tambon Tha Pho,6501,16.758,100.195,2019-08-09T03:33:09.000+07:00,2025-09-20T06:31:26.000+07:00,
650107,65000,ตำบลสมอแข,Tambon Samo Khae,6501,16.823,100.325,2019-08-09T03:33:09.000+07:00,2025-09-20T06:31:26.000+07:00,
650108,65000,ตำบลดอนทอง,Tambon Don Thong,6501,16.884,100.392,2019-08-09T03:33:09.000+07:00,2025-09-20T06:31:26.000+07:00,
650109,65000,ตำบลบ้านป่า,Tambon Ban Pa,6501,16.926,100.368,2019-08-09T03:33:09.000+07:00,2025-09-20T06:31:26.000+07:00,
650110,65000,ตำบลปากโทก,Tambon Pak Thok,6501,16.905,100.259,2019-08-09T03:33:09.000+07:00,2025-09-20T06:31:26.000+07:00,
650111,65000,ตำบลหัวรอ,Tambon Hua Ro,6501,16.875,100.274,2019-08-09T03:33:09.000+07:00,2025-09-20T06:31:26.000+07:00,
650112,65000,ตำบลจอมทอง,Tambon Chom Thong,6501,16.902,100.215,2019-08-09T03:33:09.000+07:00,2025-09-20T06:31:26.000+07:00,
650113,65000,ตำบลบ้านกร่าง,Tambon Ban Krang,6501,16.855,100.184,2019-08-09T03:33:09.000+07:00,2025-09-20T06:31:26.000+07:00,
650114,65000,ตำบลบ้านคลอง,Tambon Ban Khlong,6501,16.83,100.239,2019-08-09T03:33:09.000+07:00,2025-09-20T06:31:26.000+07:00,
650115,65000,ตำบลพลายชุมพล,Tambon Phlai Chumphon,6501,16.854,100.226,2019-08-09T03:33:09.000+07:00,2025-09-20T06:31:26.000+07:00,
650116,65000,ตำบลมะขามสูง,Tambon Makham Sung,6501,16.929,100.256,2019-08-09T03:33:09.000+07:00,2025-09-20T06:31:26.000+07:00,
650117,65000,ตำบลอรัญญิก,Tambon Aranyik,6501,16.8,100.288,2019-08-09T03:33:09.000+07:00,2025-09-20T06:31:26.000+07:00,
650118,65000,ตำบลบึงพระ,Tambon Bueng Phra,6501,16.749,100.273,2019-08-09T03:33:09.000+07:00,2025-09-20T06:31:26.000+07:00,
650119,65000,ตำบลไผ่ขอดอน,Tambon Phai Kho Don,6501,16.911,100.158,2019-08-09T03:33:09.000+07:00,2025-09-20T06:31:26.000+07:00,
650120,65230,ตำบลงิ้วงาม,Tambon Ngio Ngam,6501,16.671,100.237,2019-08-09T03:33:09.000+07:00,2025-09-20T06:31:26.000+07:00,
650201,65120,ตำบลนครไทย,Tambon Nakhon Thai,6502,17.126,100.839,2019-08-09T03:33:09.000+07:00,2025-09-20T06:31:26.000+07:00,
650202,65120,ตำบลหนองกะท้าว,Tambon Nong Kathao,6502,17.096,100.674,2019-08-09T03:33:09.000+07:00,2025-09-20T06:31:26.000+07:00,
650203,65120,ตำบลบ้านแยง,Tambon Ban Yaeng,6502,16.942,100.71,2019-08-09T03:33:09.000+07:00,2025-09-20T06:31:26.000+07:00,
650204,65120,ตำบลเนินเพิ่ม,Tambon Noen Phoem,6502,17.033,100.946,2019-08-09T03:33:09.000+07:00,2025-09-20T06:31:26.000+07:00,
650205,65120,ตำบลนาบัว,Tambon Na Bua,6502,17.203,100.851,2019-08-09T03:33:09.000+07:00,2025-09-20T06:31:26.000+07:00,
650206,65120,ตำบลนครชุม,Tambon Nakhon Chum,6502,17.26,100.806,2019-08-09T03:33:09.000+07:00,2025-09-20T06:31:26.000+07:00,
650207,65120,ตำบลน้ำกุ่ม,Tambon Nam Kum,6502,17.398,100.866,2019-08-09T03:33:09.000+07:00,2025-09-20T06:31:26.000+07:00,
650208,65120,ตำบลยางโกลน,Tambon Yang Klon,6502,17.207,100.95,2019-08-09T03:33:09.000+07:00,2025-09-20T06:31:26.000+07:00,
650209,65120,ตำบลบ่อโพธิ์,Tambon Bo Pho,6502,17.161,101.017,2019-08-09T03:33:09.000+07:00,2025-09-20T06:31:26.000+07:00,
650210,65120,ตำบลบ้านพร้าว,Tambon Ban Phrao,6502,17.146,100.76,2019-08-09T03:33:09.000+07:00,2025-09-20T06:31:26.000+07:00,
650211,65120,ตำบลห้วยเฮี้ย,Tambon Huai Hia,6502,16.899,100.923,2019-08-09T03:33:09.000+07:00,2025-09-20T06:31:26.000+07:00,
650301,65170,ตำบลป่าแดง,Tambon Pa Daeng,6503,17.285,100.561,2019-08-09T03:33:09.000+07:00,2025-09-20T06:31:26.000+07:00,
650302,65170,ตำบลชาติตระการ,Tambon Chat Trakan,6503,17.32,100.704,2019-08-09T03:33:09.000+07:00,2025-09-20T06:31:26.000+07:00,
650303,65170,ตำบลสวนเมี่ยง,Tambon Suan Miang,6503,17.194,100.529,2019-08-09T03:33:09.000+07:00,2025-09-20T06:31:26.000+07:00,
650304,65170,ตำบลบ้านดง,Tambon Ban Dong,6503,17.361,100.505,2019-08-09T03:33:09.000+07:00,2025-09-20T06:31:26.000+07:00,
650305,65170,ตำบลบ่อภาค,Tambon Bo Phak,6503,17.54,100.817,2019-08-09T03:33:09.000+07:00,2025-09-20T06:31:26.000+07:00,
650306,65170,ตำบลท่าสะแก,Tambon Tha Sakae,6503,17.241,100.711,2019-08-09T03:33:09.000+07:00,2025-09-20T06:31:26.000+07:00,
650401,65140,ตำบลบางระกำ,Tambon Bang Rakam,6504,16.738,100.145,2019-08-09T03:33:09.000+07:00,2025-09-20T06:31:26.000+07:00,
650402,65140,ตำบลปลักแรด,Tambon Plak Raet,6504,16.693,100.094,2019-08-09T03:33:09.000+07:00,2025-09-20T06:31:26.000+07:00,
650403,65140,ตำบลพันเสา,Tambon Phan Sao,6504,16.622,100.064,2019-08-09T03:33:09.000+07:00,2025-09-20T06:31:26.000+07:00,
650404,65140,ตำบลวังอิทก,Tambon Wang Ithok,6504,16.665,100.164,2019-08-09T03:33:09.000+07:00,2025-09-20T06:31:26.000+07:00,
650405,65140,ตำบลบึงกอก,Tambon Bueng Kok,6504,16.7,100.011,2019-08-09T03:33:09.000+07:00,2025-09-20T06:31:26.000+07:00,
650406,65140,ตำบลหนองกุลา,Tambon Nong Kula,6504,16.636,99.96,2019-08-09T03:33:09.000+07:00,2025-09-20T06:31:26.000+07:00,
650407,65240,ตำบลชุมแสงสงคราม,Tambon Chum Saeng Songkhram,6504,16.76,99.977,2019-08-09T03:33:09.000+07:00,2025-09-20T06:31:26.000+07:00,
650408,65140,ตำบลนิคมพัฒนา,Tambon Nikhom Phatthana,6504,16.741,99.885,2019-08-09T03:33:09.000+07:00,2025-09-20T06:31:26.000+07:00,
650409,65140,ตำบลบ่อทอง,Tambon Bo Thong,6504,16.631,100.134,2019-08-09T03:33:09.000+07:00,2025-09-20T06:31:26.000+07:00,
650410,65140,ตำบลท่านางงาม,Tambon Tha Nang Ngam,6504,16.81,100.114,2019-08-09T03:33:09.000+07:00,2025-09-20T06:31:26.000+07:00,
650411,65240,ตำบลคุยม่วง,Tambon Khui Muang,6504,16.82,99.962,2019-08-09T03:33:09.000+07:00,2025-09-20T06:31:26.000+07:00,
650501,65110,ตำบลบางกระทุ่ม,Tambon Bang Krathum,6505,16.591,100.297,2019-08-09T03:33:09.000+07:00,2025-09-20T06:31:26.000+07:00,
650502,65110,ตำบลบ้านไร่,Tambon Ban Rai,6505,16.62,100.253,2019-08-09T03:33:09.000+07:00,2025-09-20T06:31:26.000+07:00,
650503,65110,ตำบลโคกสลุด,Tambon Khok Salut,6505,16.577,100.245,2019-08-09T03:33:09.000+07:00,2025-09-20T06:31:26.000+07:00,
650504,65110,ตำบลสนามคลี,Tambon Sanam Khli,6505,16.547,100.256,2019-08-09T03:33:09.000+07:00,2025-09-20T06:31:26.000+07:00,
650505,65110,ตำบลท่าตาล,Tambon Tha Tan,6505,16.658,100.331,2019-08-09T03:33:09.000+07:00,2025-09-20T06:31:26.000+07:00,
650506,65110,ตำบลไผ่ล้อม,Tambon Phai Lom,6505,16.56,100.347,2019-08-09T03:33:09.000+07:00,2025-09-20T06:31:26.000+07:00,
650507,65110,ตำบลนครป่าหมาก,Tambon Nakhon Pa Mak,6505,16.609,100.351,2019-08-09T03:33:09.000+07:00,2025-09-20T06:31:26.000+07:00,
650508,65210,ตำบลเนินกุ่ม,Tambon Noen Kum,6505,16.541,100.458,2019-08-09T03:33:09.000+07:00,2025-09-20T06:31:26.000+07:00,
650509,65210,ตำบลวัดตายม,Tambon Wat Ta Yom,6505,16.595,100.444,2019-08-09T03:33:09.000+07:00,2025-09-20T06:31:26.000+07:00,
650601,65150,ตำบลพรหมพิราม,Tambon Phrom Phiram,6506,17.004,100.135,2019-08-09T03:33:09.000+07:00,2025-09-20T06:31:26.000+07:00,
650602,65150,ตำบลท่าช้าง,Tambon Tha Chang,6506,16.976,100.168,2019-08-09T03:33:09.000+07:00,2025-09-20T06:31:26.000+07:00,
650603,65180,ตำบลวงฆ้อง,Tambon Wong Khong,6506,17.113,100.107,2019-08-09T03:33:09.000+07:00,2025-09-20T06:31:26.000+07:00,
650604,65150,ตำบลมะตูม,Tambon Matum,6506,16.936,100.205,2019-08-09T03:33:09.000+07:00,2025-09-20T06:31:26.000+07:00,
650605,65150,ตำบลหอกลอง,Tambon Ho Klong,6506,16.985,100.251,2019-08-09T03:33:09.000+07:00,2025-09-20T06:31:26.000+07:00,
650606,65180,ตำบลศรีภิรมย์,Tambon Si Phirom,6506,17.094,100.029,2019-08-09T03:33:09.000+07:00,2025-09-20T06:31:26.000+07:00,
650607,65180,ตำบลตลุกเทียม,Tambon Taluk Thiam,6506,17.149,100.039,2019-08-09T03:33:09.000+07:00,2025-09-20T06:31:26.000+07:00,
650608,65150,ตำบลวังวน,Tambon Wang Won,6506,17.05,100.029,2019-08-09T03:33:09.000+07:00,2025-09-20T06:31:26.000+07:00,
650609,65150,ตำบลหนองแขม,Tambon Nong Khaem,6506,17.046,100.131,2019-08-09T03:33:09.000+07:00,2025-09-20T06:31:26.000+07:00,
650610,65180,ตำบลมะต้อง,Tambon Matong,6506,17.086,100.166,2019-08-09T03:33:09.000+07:00,2025-09-20T06:31:26.000+07:00,
650611,65150,ตำบลทับยายเชียง,Tambon Thap Yai Chiang,6506,17.095,100.294,2019-08-09T03:33:09.000+07:00,2025-09-20T06:31:26.000+07:00,
650612,65180,ตำบลดงประคำ,Tambon Dong Prakham,6506,17.189,100.26,2019-08-09T03:33:09.000+07:00,2025-09-20T06:31:26.000+07:00,
650701,65160,ตำบลวัดโบสถ์,Tambon Wat Bot,6507,17.021,100.306,2019-08-09T03:33:09.000+07:00,2025-09-20T06:31:26.000+07:00,
650702,65160,ตำบลท่างาม,Tambon Tha Ngam,6507,16.97,100.377,2019-08-09T03:33:09.000+07:00,2025-09-20T06:31:26.000+07:00,
650703,65160,ตำบลท้อแท้,Tambon Thothae,6507,16.968,100.296,2019-08-09T03:33:09.000+07:00,2025-09-20T06:31:26.000+07:00,
650704,65160,ตำบลบ้านยาง,Tambon Ban Yang,6507,17.089,100.413,2019-08-09T03:33:09.000+07:00,2025-09-20T06:31:26.000+07:00,
650705,65160,ตำบลหินลาด,Tambon Hin Lat,6507,17.168,100.333,2019-08-09T03:33:09.000+07:00,2025-09-20T06:31:26.000+07:00,
650706,65160,ตำบลคันโช้ง,Tambon Khan Chong,6507,17.307,100.298,2019-08-09T03:33:09.000+07:00,2025-09-20T06:31:26.000+07:00,
650801,65130,ตำบลวังทอง,Tambon Wang Thong,6508,16.822,100.403,2019-08-09T03:33:09.000+07:00,2025-09-20T06:31:26.000+07:00,
650802,65130,ตำบลพันชาลี,Tambon Phan Chali,6508,16.608,100.523,2019-08-09T03:33:09.000+07:00,2025-09-20T06:31:26.000+07:00,
650803,65130,ตำบลแม่ระกา,Tambon Mae Raka,6508,16.707,100.362,2019-08-09T03:33:09.000+07:00,2025-09-20T06:31:26.000+07:00,
650804,65220,ตำบลบ้านกลาง,Tambon Ban Klang,6508,17.017,100.549,2019-08-09T03:33:09.000+07:00,2025-09-20T06:31:26.000+07:00,
650805,65130,ตำบลวังพิกุล,Tambon Wang Phikun,6508,16.775,100.358,2019-08-09T03:33:09.000+07:00,2025-09-20T06:31:26.000+07:00,
650806,65220,ตำบลแก่งโสภา,Tambon Kaeng Sopha,6508,16.907,100.625,2019-08-09T03:33:09.000+07:00,2025-09-20T06:31:26.000+07:00,
650807,65130,ตำบลท่าหมื่นราม,Tambon Tha Muen Ram,6508,16.691,100.514,2019-08-09T03:33:09.000+07:00,2025-09-20T06:31:26.000+07:00,
650808,65130,ตำบลวังนกแอ่น,Tambon Wang Nok Aen,6508,16.819,100.582,2019-08-09T03:33:09.000+07:00,2025-09-20T06:31:26.000+07:00,
650809,65130,ตำบลหนองพระ,Tambon Nong Phra,6508,16.681,100.441,2019-08-09T03:33:09.000+07:00,2025-09-20T06:31:26.000+07:00,
650810,65130,ตำบลชัยนาม,Tambon Chaiyanam,6508,16.839,100.467,2019-08-09T03:33:09.000+07:00,2025-09-20T06:31:26.000+07:00,
650811,65130,ตำบลดินทอง,Tambon Din Thong,6508,16.767,100.445,2019-08-09T03:33:09.000+07:00,2025-09-20T06:31:26.000+07:00,
650901,65190,ตำบลชมพู,Tambon Chomphu,6509,16.717,100.641,2019-08-09T03:33:09.000+07:00,2025-09-20T06:31:26.000+07:00,
650902,65190,ตำบลบ้านมุง,Tambon Ban Mung,6509,16.543,100.752,2019-08-09T03:33:09.000+07:00,2025-09-20T06:31:26.000+07:00,
650903,65190,ตำบลไทรย้อย,Tambon Sai Yoi,6509,16.452,100.634,2019-08-09T03:33:09.000+07:00,2025-09-20T06:31:26.000+07:00,
650904,65190,ตำบลวังโพรง,Tambon Wang Phrong,6509,16.383,100.664,2019-08-09T03:33:09.000+07:00,2025-09-20T06:31:26.000+07:00,
650905,65190,ตำบลบ้านน้อยซุ้มขี้เหล็ก,Tambon Ban Noi Sum Khilek,6509,16.542,100.596,2019-08-09T03:33:09.000+07:00,2025-09-20T06:31:26.000+07:00,
650906,65190,ตำบลเนินมะปราง,Tambon Noen Maprang,6509,16.595,100.626,2019-08-09T03:33:09.000+07:00,2025-09-20T06:31:26.000+07:00,
650907,65190,ตำบลวังยาง,Tambon Wang Yang,6509,16.457,100.741,2019-08-09T03:33:09.000+07:00,2025-09-20T06:31:26.000+07:00,
650908,65190,ตำบลโคกแหลม,Tambon Khok Laem,6509,,,2019-08-09T03:33:09.000+07:00,2025-09-20T06:31:26.000+07:00,
660101,66000,ตำบลในเมือง,Tambon Nai Mueang,6601,16.443,100.343,2019-08-09T03:33:09.000+07:00,2025-09-20T06:31:26.000+07:00,
660102,66000,ตำบลไผ่ขวาง,Tambon Phai Khwang,6601,16.504,100.303,2019-08-09T03:33:09.000+07:00,2025-09-20T06:31:26.000+07:00,
660103,66000,ตำบลย่านยาว,Tambon Yan Yao,6601,16.507,100.268,2019-08-09T03:33:09.000+07:00,2025-09-20T06:31:26.000+07:00,
660104,66000,ตำบลท่าฬ่อ,Tambon Tha Lo,6601,16.51,100.352,2019-08-09T03:33:09.000+07:00,2025-09-20T06:31:26.000+07:00,
660105,66000,ตำบลปากทาง,Tambon Pak Thang,6601,16.453,100.366,2019-08-09T03:33:09.000+07:00,2025-09-20T06:31:26.000+07:00,
660106,66000,ตำบลคลองคะเชนทร์,Tambon Khlong Khachen,6601,16.458,100.293,2019-08-09T03:33:09.000+07:00,2025-09-20T06:31:26.000+07:00,
660107,66000,ตำบลโรงช้าง,Tambon Rong Chang,6601,16.422,100.259,2019-08-09T03:33:09.000+07:00,2025-09-20T06:31:26.000+07:00,
660108,66000,ตำบลเมืองเก่า,Tambon Mueang Kao,6601,16.393,100.303,2019-08-09T03:33:09.000+07:00,2025-09-20T06:31:26.000+07:00,
660109,66000,ตำบลท่าหลวง,Tambon Tha Luang,6601,16.419,100.363,2019-08-09T03:33:09.000+07:00,2025-09-20T06:31:26.000+07:00,
660110,66000,ตำบลบ้านบุ่ง,Tambon Ban Bung,6601,16.394,100.427,2019-08-09T03:33:09.000+07:00,2025-09-20T06:31:26.000+07:00,
660111,66000,ตำบลฆะมัง,Tambon Khamang,6601,16.369,100.373,2019-08-09T03:33:09.000+07:00,2025-09-20T06:31:26.000+07:00,
660112,66170,ตำบลดงป่าคำ,Tambon Dong Pa Kham,6601,16.295,100.367,2019-08-09T03:33:09.000+07:00,2025-09-20T06:31:26.000+07:00,
660113,66170,ตำบลหัวดง,Tambon Hua Dong,6601,16.332,100.441,2019-08-09T03:33:09.000+07:00,2025-09-20T06:31:26.000+07:00,
660115,66000,ตำบลป่ามะคาบ,Tambon Pa Makhap,6601,16.501,100.392,2019-08-09T03:33:09.000+07:00,2025-09-20T06:31:26.000+07:00,
660119,66000,ตำบลสายคำโห้,Tambon Sai Kham Ho,6601,16.407,100.486,2019-08-09T03:33:09.000+07:00,2025-09-20T06:31:26.000+07:00,
660120,66170,ตำบลดงกลาง,Tambon Dong Klang,6601,16.335,100.363,2019-08-09T03:33:09.000+07:00,2025-09-20T06:31:26.000+07:00,
660201,66180,ตำบลวังทรายพูน,Tambon Wang Sai Phun,6602,16.383,100.605,2019-08-09T03:33:09.000+07:00,2025-09-20T06:31:26.000+07:00,
660202,66180,ตำบลหนองปลาไหล,Tambon Nong Pla Lai,6602,16.443,100.535,2019-08-09T03:33:09.000+07:00,2025-09-20T06:31:26.000+07:00,
660203,66180,ตำบลหนองพระ,Tambon Nong Phra,6602,16.342,100.566,2019-08-09T03:33:09.000+07:00,2025-09-20T06:31:26.000+07:00,
660204,66180,ตำบลหนองปล้อง,Tambon Nong Plong,6602,16.339,100.504,2019-08-09T03:33:09.000+07:00,2025-09-20T06:31:26.000+07:00,
660301,66190,ตำบลโพธิ์ประทับช้าง,Tambon Pho Prathap Chang,6603,16.323,100.3,2019-08-09T03:33:09.000+07:00,2025-09-20T06:31:26.000+07:00,
660302,66190,ตำบลไผ่ท่าโพ,Tambon Phai Tha Pho,6603,16.278,100.235,2019-08-09T03:33:09.000+07:00,2025-09-20T06:31:26.000+07:00,
660303,66190,ตำบลวังจิก,Tambon Wang Chik,6603,16.351,100.264,2019-08-09T03:33:09.000+07:00,2025-09-20T06:31:26.000+07:00,
660304,66190,ตำบลไผ่รอบ,Tambon Phai Rop,6603,16.354,100.152,2019-08-09T03:33:09.000+07:00,2025-09-20T06:31:26.000+07:00,
660305,66190,ตำบลดงเสือเหลือง,Tambon Dong Suea Lueang,6603,16.27,100.182,2019-08-09T03:33:09.000+07:00,2025-09-20T06:31:26.000+07:00,
660306,66190,ตำบลเนินสว่าง,Tambon Noen Sawang,6603,16.318,100.138,2019-08-09T03:33:09.000+07:00,2025-09-20T06:31:26.000+07:00,
660307,66190,ตำบลทุ่งใหญ่,Tambon Thung Yai,6603,16.292,100.071,2019-08-09T03:33:09.000+07:00,2025-09-20T06:31:26.000+07:00,
660401,66110,ตำบลตะพานหิน,Tambon Taphan Hin,6604,16.222,100.427,2019-08-09T03:33:09.000+07:00,2025-09-20T06:31:26.000+07:00,
660402,66110,ตำบลงิ้วราย,Tambon Ngio Rai,6604,16.267,100.427,2019-08-09T03:33:09.000+07:00,2025-09-20T06:31:26.000+07:00,
660403,66110,ตำบลห้วยเกตุ,Tambon Huai Ket,6604,16.238,100.399,2019-08-09T03:33:09.000+07:00,2025-09-20T06:31:26.000+07:00,
660404,66110,ตำบลไทรโรงโขน,Tambon Sai Rong Khon,6604,16.168,100.421,2019-08-09T03:33:09.000+07:00,2025-09-20T06:31:26.000+07:00,
660405,66110,ตำบลหนองพยอม,Tambon Nong Phayom,6604,16.235,100.46,2019-08-09T03:33:09.000+07:00,2025-09-20T06:31:26.000+07:00,
660406,66150,ตำบลทุ่งโพธิ์,Tambon Tung Pho,6604,16.129,100.501,2019-08-09T03:33:09.000+07:00,2025-09-20T06:31:26.000+07:00,
660407,66110,ตำบลดงตะขบ,Tambon Dong Takhop,6604,16.144,100.467,2019-08-09T03:33:09.000+07:00,2025-09-20T06:31:26.000+07:00,
660408,66110,ตำบลคลองคูณ,Tambon Khlong Khun,6604,16.176,100.395,2019-08-09T03:33:09.000+07:00,2025-09-20T06:31:26.000+07:00,
660409,66110,ตำบลวังสำโรง,Tambon Wang Samrong,6604,16.252,100.308,2019-08-09T03:33:09.000+07:00,2025-09-20T06:31:26.000+07:00,
660410,66110,ตำบลวังหว้า,Tambon Wang Wa,6604,16.207,100.354,2019-08-09T03:33:09.000+07:00,2025-09-20T06:31:26.000+07:00,
660411,66150,ตำบลวังหลุม,Tambon Wang Lum,6604,16.19,100.484,2019-08-09T03:33:09.000+07:00,2025-09-20T06:31:26.000+07:00,
660412,66110,ตำบลทับหมัน,Tambon Thap Man,6604,16.207,100.277,2019-08-09T03:33:09.000+07:00,2025-09-20T06:31:26.000+07:00,
660413,66110,ตำบลไผ่หลวง,Tambon Phai Luang,6604,16.193,100.428,2019-08-09T03:33:09.000+07:00,2025-09-20T06:31:26.000+07:00,
660501,66120,ตำบลบางมูลนาก,Tambon Bang Mun Nak,6605,,,2019-08-09T03:33:09.000+07:00,2025-09-20T06:31:26.000+07:00,
660502,66120,ตำบลบางไผ่,Tambon Bang Phai,6605,16.123,100.403,2019-08-09T03:33:09.000+07:00,2025-09-20T06:31:26.000+07:00,
660503,66120,ตำบลหอไกร,Tambon Ho Krai,6605,16.068,100.381,2019-08-09T03:33:09.000+07:00,2025-09-20T06:31:26.000+07:00,
660504,66120,ตำบลเนินมะกอก,Tambon Noen Makok,6605,15.991,100.362,2019-08-09T03:33:09.000+07:00,2025-09-20T06:31:26.000+07:00,
660505,66120,ตำบลวังสำโรง,Tambon Wang Samrong,6605,15.968,100.433,2019-08-09T03:33:09.000+07:00,2025-09-20T06:31:26.000+07:00,
660506,66120,ตำบลภูมิ,Tambon Phum,6605,16.037,100.445,2019-08-09T03:33:09.000+07:00,2025-09-20T06:31:26.000+07:00,
660507,66120,ตำบลวังกรด,Tambon Wang Krot,6605,15.997,100.465,2019-08-09T03:33:09.000+07:00,2025-09-20T06:31:26.000+07:00,
660508,66120,ตำบลห้วยเขน,Tambon Huai Khen,6605,16.033,100.479,2019-08-09T03:33:09.000+07:00,2025-09-20T06:31:26.000+07:00,
660509,66210,ตำบลวังตะกู,Tambon Wang Taku,6605,16.049,100.514,2019-08-09T03:33:09.000+07:00,2025-09-20T06:31:26.000+07:00,
660514,66120,ตำบลลำประดา,Tambon Lam Prad,6605,16.082,100.464,2019-08-09T03:33:09.000+07:00,2025-09-20T06:31:26.000+07:00,
660601,66130,ตำบลโพทะเล,Tambon Pho Thale,6606,16.103,100.236,2019-08-09T03:33:09.000+07:00,2025-09-20T06:31:26.000+07:00,
660602,66130,ตำบลท้ายน้ำ,Tambon Thai Nam,6606,16.147,100.207,2019-08-09T03:33:09.000+07:00,2025-09-20T06:31:26.000+07:00,
660603,66130,ตำบลทะนง,Tambon Thanong,6606,16.078,100.18,2019-08-09T03:33:09.000+07:00,2025-09-20T06:31:26.000+07:00,
660604,66130,ตำบลท่าบัว,Tambon Tha Bua,6606,16.059,100.326,2019-08-09T03:33:09.000+07:00,2025-09-20T06:31:26.000+07:00,
660605,66130,ตำบลทุ่งน้อย,Tambon Thung Noi,6606,16.117,100.315,2019-08-09T03:33:09.000+07:00,2025-09-20T06:31:26.000+07:00,
660606,66130,ตำบลท่าขมิ้น,Tambon Tha Khamin,6606,16.025,100.2,2019-08-09T03:33:09.000+07:00,2025-09-20T06:31:26.000+07:00,
660607,66130,ตำบลท่าเสา,Tambon Tha Sao,6606,15.966,100.212,2019-08-09T03:33:09.000+07:00,2025-09-20T06:31:26.000+07:00,
660608,66130,ตำบลบางคลาน,Tambon Bang Khlan,6606,16.001,100.286,2019-08-09T03:33:09.000+07:00,2025-09-20T06:31:26.000+07:00,
660611,66130,ตำบลท่านั่ง,Tambon Tha Nang,6606,15.963,100.276,2019-08-09T03:33:09.000+07:00,2025-09-20T06:31:26.000+07:00,
660612,66130,ตำบลบ้านน้อย,Tambon Ban Noi,6606,16.043,100.288,2019-08-09T03:33:09.000+07:00,2025-09-20T06:31:26.000+07:00,
660613,66130,ตำบลวัดขวาง,Tambon Wat Khwang,6606,16.16,100.298,2019-08-09T03:33:09.000+07:00,2025-09-20T06:31:26.000+07:00,
660701,66140,ตำบลสามง่าม,Tambon Sam Ngam,6607,16.498,100.213,2019-08-09T03:33:09.000+07:00,2025-09-20T06:31:26.000+07:00,
660702,66140,ตำบลกำแพงดิน,Tambon Kamphaeng Din,6607,16.585,100.219,2019-08-09T03:33:09.000+07:00,2025-09-20T06:31:26.000+07:00,
660703,66140,ตำบลรังนก,Tambon Rang Nok,6607,16.432,100.212,2019-08-09T03:33:09.000+07:00,2025-09-20T06:31:26.000+07:00,
660706,66140,ตำบลเนินปอ,Tambon Noen Po,6607,16.408,100.136,2019-08-09T03:33:09.000+07:00,2025-09-20T06:31:26.000+07:00,
660707,66140,ตำบลหนองโสน,Tambon Nong Sano,6607,16.389,100.044,2019-08-09T03:33:09.000+07:00,2025-09-20T06:31:26.000+07:00,
660801,66150,ตำบลทับคล้อ,Tambon Thap Khlo,6608,16.189,100.568,2019-08-09T03:33:09.000+07:00,2025-09-20T06:31:26.000+07:00,
660802,66230,ตำบลเขาทราย,Tambon Khao Sai,6608,16.193,100.637,2019-08-09T03:33:09.000+07:00,2025-09-20T06:31:26.000+07:00,
660803,66230,ตำบลเขาเจ็ดลูก,Tambon Khao Chet Luk,6608,16.274,100.569,2019-08-09T03:33:09.000+07:00,2025-09-20T06:31:26.000+07:00,
660804,66150,ตำบลท้ายทุ่ง,Tambon Tai Toong,6608,16.086,100.618,2019-08-09T03:33:09.000+07:00,2025-09-20T06:31:26.000+07:00,
660901,66160,ตำบลสากเหล็ก,Tambon Sak Lek,6609,16.486,100.461,2019-08-09T03:33:09.000+07:00,2025-09-20T06:31:26.000+07:00,
660902,66160,ตำบลท่าเยี่ยม,Tambon Tha Yiam,6609,16.522,100.556,2019-08-09T03:33:09.000+07:00,2025-09-20T06:31:26.000+07:00,
660903,66160,ตำบลคลองทราย,Tambon Khlong Sai,6609,16.552,100.559,2019-08-09T03:33:09.000+07:00,2025-09-20T06:31:26.000+07:00,
660904,66160,ตำบลหนองหญ้าไทร,Tambon Nong Ya Sai,6609,16.544,100.527,2019-08-09T03:33:09.000+07:00,2025-09-20T06:31:26.000+07:00,
660905,66160,ตำบลวังทับไทร,Tambon Wang Thap Sai,6609,16.489,100.555,2019-08-09T03:33:09.000+07:00,2025-09-20T06:31:26.000+07:00,
661001,66130,ตำบลห้วยแก้ว,Tambon Huai Kaeo,6610,16.162,100.111,2019-08-09T03:33:09.000+07:00,2025-09-20T06:31:26.000+07:00,
661002,66130,ตำบลโพธิ์ไทรงาม,Tambon Pho Sai Ngam,6610,16.121,100.147,2019-08-09T03:33:09.000+07:00,2025-09-20T06:31:26.000+07:00,
661003,66130,ตำบลแหลมรัง,Tambon Laem Rang,6610,16.225,100.073,2019-08-09T03:33:09.000+07:00,2025-09-20T06:31:26.000+07:00,
661004,66130,ตำบลบางลาย,Tambon Bang Lai,6610,16.208,100.231,2019-08-09T03:33:09.000+07:00,2025-09-20T06:31:26.000+07:00,
661005,66130,ตำบลบึงนาราง,Tambon Bueng Na Rang,6610,16.205,100.163,2019-08-09T03:33:09.000+07:00,2025-09-20T06:31:26.000+07:00,
661101,66210,ตำบลวังงิ้วใต้,Tambon Wang Ngio Tai,6611,16.028,100.648,2019-08-09T03:33:09.000+07:00,2025-09-20T06:31:26.000+07:00,
661102,66210,ตำบลวังงิ้ว,Tambon Wang Ngio,6611,16.0,100.741,2019-08-09T03:33:09.000+07:00,2025-09-20T06:31:26.000+07:00,
661103,66210,ตำบลห้วยร่วม,Tambon Huai Ruam,6611,15.972,100.536,2019-08-09T03:33:09.000+07:00,2025-09-20T06:31:26.000+07:00,
661104,66210,ตำบลห้วยพุก,Tambon Huai Phuk,6611,16.004,100.609,2019-08-09T03:33:09.000+07:00,2025-09-20T06:31:26.000+07:00,
661105,66210,ตำบลสำนักขุนเณร,Tambon Samnak Khun Nen,6611,16.042,100.568,2019-08-09T03:33:09.000+07:00,2025-09-20T06:31:26.000+07:00,
661201,66140,ตำบลบ้านนา,Tambon Ban Na,6612,16.495,100.128,2019-08-09T03:33:09.000+07:00,2025-09-20T06:31:26.000+07:00,
661202,66140,ตำบลบึงบัว,Tambon Bueng Bua,6612,16.484,100.053,2019-08-09T03:33:09.000+07:00,2025-09-20T06:31:26.000+07:00,
661203,66140,ตำบลวังโมกข์,Tambon Wang Mok,6612,16.563,100.091,2019-08-09T03:33:09.000+07:00,2025-09-20T06:31:26.000+07:00,
661204,66220,ตำบลหนองหลุม,Tambon Nong Lum,6612,16.597,100.114,2019-08-09T03:33:09.000+07:00,2025-09-20T06:31:26.000+07:00,
670101,67000,ตำบลในเมือง,Tambon Nai Mueang,6701,16.42,101.156,2019-08-09T03:33:09.000+07:00,2025-09-20T06:31:26.000+07:00,
670102,67000,ตำบลตะเบาะ,Tambon Tabo,6701,16.322,101.299,2019-08-09T03:33:09.000+07:00,2025-09-20T06:31:26.000+07:00,
670103,67000,ตำบลบ้านโตก,Tambon Ban Tok,6701,16.347,101.056,2019-08-09T03:33:09.000+07:00,2025-09-20T06:31:26.000+07:00,
670104,67000,ตำบลสะเดียง,Tambon Sadiang,6701,16.396,101.164,2019-08-09T03:33:09.000+07:00,2025-09-20T06:31:26.000+07:00,
670105,67000,ตำบลป่าเลา,Tambon Pa Lao,6701,16.449,100.972,2019-08-09T03:33:09.000+07:00,2025-09-20T06:31:26.000+07:00,
670106,67000,ตำบลนางั่ว,Tambon Na Ngua,6701,16.507,101.146,2019-08-09T03:33:09.000+07:00,2025-09-20T06:31:26.000+07:00,
670107,67250,ตำบลท่าพล,Tambon Tha Phon,6701,16.59,101.134,2019-08-09T03:33:09.000+07:00,2025-09-20T06:31:26.000+07:00,
670108,67000,ตำบลดงมูลเหล็ก,Tambon Dong Mun Lek,6701,16.478,101.203,2019-08-09T03:33:09.000+07:00,2025-09-20T06:31:26.000+07:00,
670109,67000,ตำบลบ้านโคก,Tambon Ban Khok,6701,16.471,101.25,2019-08-09T03:33:09.000+07:00,2025-09-20T06:31:26.000+07:00,
670110,67000,ตำบลชอนไพร,Tambon Chon Phrai,6701,16.341,101.153,2019-08-09T03:33:09.000+07:00,2025-09-20T06:31:26.000+07:00,
670111,67000,ตำบลนาป่า,Tambon Na Pa,6701,16.39,101.218,2019-08-09T03:33:09.000+07:00,2025-09-20T06:31:26.000+07:00,
670112,67210,ตำบลนายม,Tambon Na Yom,6701,16.229,101.23,2019-08-09T03:33:09.000+07:00,2025-09-20T06:31:26.000+07:00,
670113,67210,ตำบลวังชมภู,Tambon Wang Chomphu,6701,16.266,101.027,2019-08-09T03:33:09.000+07:00,2025-09-20T06:31:26.000+07:00,
670114,67000,ตำบลน้ำร้อน,Tambon Nam Ron,6701,16.322,101.187,2019-08-09T03:33:09.000+07:00,2025-09-20T06:31:26.000+07:00,
670115,67210,ตำบลห้วยสะแก,Tambon Huai Sakae,6701,16.191,101.067,2019-08-09T03:33:09.000+07:00,2025-09-20T06:31:26.000+07:00,
670116,67000,ตำบลห้วยใหญ่,Tambon Huai Yai,6701,16.505,101.383,2019-08-09T03:33:09.000+07:00,2025-09-20T06:31:26.000+07:00,
670117,67210,ตำบลระวิง,Tambon Rawing,6701,16.146,101.138,2019-08-09T03:33:09.000+07:00,2025-09-20T06:31:26.000+07:00,
670201,67150,ตำบลชนแดน,Tambon Chon Daen,6702,16.158,100.895,2019-08-09T03:33:09.000+07:00,2025-09-20T06:31:26.000+07:00,
670202,67190,ตำบลดงขุย,Tambon Dong Khui,6702,16.131,100.677,2019-08-09T03:33:09.000+07:00,2025-09-20T06:31:26.000+07:00,
670203,67150,ตำบลท่าข้าม,Tambon Tha Kham,6702,16.204,100.792,2019-08-09T03:33:09.000+07:00,2025-09-20T06:31:26.000+07:00,
670204,67150,ตำบลพุทธบาท,Tambon Phutthabat,6702,16.271,100.892,2019-08-09T03:33:09.000+07:00,2025-09-20T06:31:26.000+07:00,
670205,67150,ตำบลลาดแค,Tambon Lat Khae,6702,15.983,100.839,2019-08-09T03:33:09.000+07:00,2025-09-20T06:31:26.000+07:00,
670206,67190,ตำบลบ้านกล้วย,Tambon Ban Kluai,6702,16.05,100.744,2019-08-09T03:33:09.000+07:00,2025-09-20T06:31:26.000+07:00,
670208,67150,ตำบลซับพุทรา,Tambon Sap Phutsa,6702,16.035,100.928,2019-08-09T03:33:09.000+07:00,2025-09-20T06:31:26.000+07:00,
670209,67190,ตำบลตะกุดไร,Tambon Takut Rai,6702,16.18,100.726,2019-08-09T03:33:09.000+07:00,2025-09-20T06:31:26.000+07:00,
670210,67150,ตำบลศาลาลาย,Tambon Sala Lai,6702,16.092,100.832,2019-08-09T03:33:09.000+07:00,2025-09-20T06:31:26.000+07:00,
670301,67110,ตำบลหล่มสัก,Tambon Lom Sak,6703,,,2019-08-09T03:33:09.000+07:00,2025-09-20T06:31:26.000+07:00,
670302,67110,ตำบลวัดป่า,Tambon Wat Pa,6703,16.795,101.234,2019-08-09T03:33:09.000+07:00,2025-09-20T06:31:26.000+07:00,
670303,67110,ตำบลตาลเดี่ยว,Tambon Tan Diao,6703,16.785,101.248,2019-08-09T03:33:09.000+07:00,2025-09-20T06:31:26.000+07:00,
670304,67110,ตำบลฝายนาแซง,Tambon Fai Na Saeng,6703,16.811,101.206,2019-08-09T03:33:09.000+07:00,2025-09-20T06:31:26.000+07:00,
670305,67110,ตำบลหนองสว่าง,Tambon Nong Sawang,6703,16.839,101.239,2019-08-09T03:33:09.000+07:00,2025-09-20T06:31:26.000+07:00,
670306,67110,ตำบลน้ำเฮี้ย,Tambon Nam Hia,6703,16.83,101.206,2019-08-09T03:33:09.000+07:00,2025-09-20T06:31:26.000+07:00,
670307,67110,ตำบลสักหลง,Tambon Sak Long,6703,16.844,101.275,2019-08-09T03:33:09.000+07:00,2025-09-20T06:31:26.000+07:00,
670308,67110,ตำบลท่าอิบุญ,Tambon Tha Ibun,6703,16.889,101.346,2019-08-09T03:33:09.000+07:00,2025-09-20T06:31:26.000+07:00,
670309,67110,ตำบลบ้านโสก,Tambon Ban Sok,6703,16.803,101.284,2019-08-09T03:33:09.000+07:00,2025-09-20T06:31:26.000+07:00,
670310,67110,ตำบลบ้านติ้ว,Tambon Ban Tio,6703,16.782,101.357,2019-08-09T03:33:09.000+07:00,2025-09-20T06:31:26.000+07:00,
670311,67110,ตำบลห้วยไร่,Tambon Huai Rai,6703,16.825,101.319,2019-08-09T03:33:09.000+07:00,2025-09-20T06:31:26.000+07:00,
670312,67110,ตำบลน้ำก้อ,Tambon Nam Ko,6703,16.794,101.158,2019-08-09T03:33:09.000+07:00,2025-09-20T06:31:26.000+07:00,
670313,67110,ตำบลปากช่อง,Tambon Pak Chong,6703,16.708,101.304,2019-08-09T03:33:09.000+07:00,2025-09-20T06:31:26.000+07:00,
670314,67110,ตำบลน้ำชุน,Tambon Nam Chun,6703,16.739,101.143,2019-08-09T03:33:09.000+07:00,2025-09-20T06:31:26.000+07:00,
670315,67110,ตำบลหนองไขว่,Tambon Nong Khwai,6703,16.757,101.22,2019-08-09T03:33:09.000+07:00,2025-09-20T06:31:26.000+07:00,
670316,67110,ตำบลลานบ่า,Tambon Lan Ba,6703,16.68,101.208,2019-08-09T03:33:09.000+07:00,2025-09-20T06:31:26.000+07:00,
670317,67110,ตำบลบุ่งคล้า,Tambon Bung Khla,6703,16.629,101.178,2019-08-09T03:33:09.000+07:00,2025-09-20T06:31:26.000+07:00,
670318,67110,ตำบลบุ่งน้ำเต้า,Tambon Bung Namtao,6703,16.677,101.146,2019-08-09T03:33:09.000+07:00,2025-09-20T06:31:26.000+07:00,
670319,67110,ตำบลบ้านกลาง,Tambon Ban Klang,6703,16.642,101.298,2019-08-09T03:33:09.000+07:00,2025-09-20T06:31:26.000+07:00,
670320,67110,ตำบลช้างตะลูด,Tambon Chang Talut,6703,16.581,101.324,2019-08-09T03:33:09.000+07:00,2025-09-20T06:31:26.000+07:00,
670321,67110,ตำบลบ้านไร่,Tambon Ban Rai,6703,16.608,101.212,2019-08-09T03:33:09.000+07:00,2025-09-20T06:31:26.000+07:00,
670322,67110,ตำบลปากดุก,Tambon Pak Duk,6703,16.72,101.249,2019-08-09T03:33:09.000+07:00,2025-09-20T06:31:26.000+07:00,
670323,67110,ตำบลบ้านหวาย,Tambon Ban Wai,6703,16.759,101.293,2019-08-09T03:33:09.000+07:00,2025-09-20T06:31:26.000+07:00,
670401,67120,ตำบลหล่มเก่า,Tambon Lom Kao,6704,16.893,101.242,2019-08-09T03:33:09.000+07:00,2025-09-20T06:31:26.000+07:00,
670402,67120,ตำบลนาซำ,Tambon Na Sam,6704,17.026,101.217,2019-08-09T03:33:09.000+07:00,2025-09-20T06:31:26.000+07:00,
670403,67120,ตำบลหินฮาว,Tambon Hin Hao,6704,16.951,101.215,2019-08-09T03:33:09.000+07:00,2025-09-20T06:31:26.000+07:00,
670404,67120,ตำบลบ้านเนิน,Tambon Ban Noen,6704,16.857,101.095,2019-08-09T03:33:09.000+07:00,2025-09-20T06:31:26.000+07:00,
670405,67120,ตำบลศิลา,Tambon Sila,6704,17.108,101.407,2019-08-09T03:33:09.000+07:00,2025-09-20T06:31:26.000+07:00,
670406,67120,ตำบลนาแซง,Tambon Na Saeng,6704,16.857,101.229,2019-08-09T03:33:09.000+07:00,2025-09-20T06:31:26.000+07:00,
670407,67120,ตำบลวังบาล,Tambon Wang Ban,6704,16.929,101.156,2019-08-09T03:33:09.000+07:00,2025-09-20T06:31:26.000+07:00,
670408,67120,ตำบลนาเกาะ,Tambon Na Ko,6704,16.832,101.176,2019-08-09T03:33:09.000+07:00,2025-09-20T06:31:26.000+07:00,
670409,67120,ตำบลตาดกลอย,Tambon Tat Kloi,6704,16.998,101.402,2019-08-09T03:33:09.000+07:00,2025-09-20T06:31:26.000+07:00,
670501,67130,ตำบลท่าโรง,Tambon Tha Rong,6705,15.66,101.141,2019-08-09T03:33:09.000+07:00,2025-09-20T06:31:26.000+07:00,
670502,67130,ตำบลสระประดู่,Tambon Sa Pradu,6705,15.628,101.061,2019-08-09T03:33:09.000+07:00,2025-09-20T06:31:26.000+07:00,
670503,67130,ตำบลสามแยก,Tambon Sam Yaek,6705,15.709,101.029,2019-08-09T03:33:09.000+07:00,2025-09-20T06:31:26.000+07:00,
670504,67130,ตำบลโคกปรง,Tambon Khok Prong,6705,15.814,101.227,2019-08-09T03:33:09.000+07:00,2025-09-20T06:31:26.000+07:00,
670505,67130,ตำบลน้ำร้อน,Tambon Nam Ron,6705,15.687,101.306,2019-08-09T03:33:09.000+07:00,2025-09-20T06:31:26.000+07:00,
670506,67130,ตำบลบ่อรัง,Tambon Bo Rang,6705,15.608,101.217,2019-08-09T03:33:09.000+07:00,2025-09-20T06:31:26.000+07:00,
670507,67180,ตำบลพุเตย,Tambon Phu Toei,6705,15.586,101.018,2019-08-09T03:33:09.000+07:00,2025-09-20T06:31:26.000+07:00,
670508,67180,ตำบลพุขาม,Tambon Phu Kham,6705,15.529,101.044,2019-08-09T03:33:09.000+07:00,2025-09-20T06:31:26.000+07:00,
670509,67180,ตำบลภูน้ำหยด,Tambon Phu Nam Yot,6705,15.53,100.92,2019-08-09T03:33:09.000+07:00,2025-09-20T06:31:26.000+07:00,
670510,67180,ตำบลซับสมบูรณ์,Tambon Sap Sombun,6705,15.669,100.983,2019-08-09T03:33:09.000+07:00,2025-09-20T06:31:26.000+07:00,
670511,67130,ตำบลบึงกระจับ,Tambon Bueng Krachap,6705,15.744,101.095,2019-08-09T03:33:09.000+07:00,2025-09-20T06:31:26.000+07:00,
670512,67180,ตำบลวังใหญ่,Tambon Wang Yai,6705,15.607,100.949,2019-08-09T03:33:09.000+07:00,2025-09-20T06:31:26.000+07:00,
670513,67130,ตำบลยางสาว,Tambon Yang Sao,6705,15.755,101.216,2019-08-09T03:33:09.000+07:00,2025-09-20T06:31:26.000+07:00,
670514,67180,ตำบลซับน้อย,Tambon Sap Noi,6705,15.657,100.858,2019-08-09T03:33:09.000+07:00,2025-09-20T06:31:26.000+07:00,
670601,67170,ตำบลศรีเทพ,Tambon Si Thep,6706,15.439,101.14,2019-08-09T03:33:09.000+07:00,2025-09-20T06:31:26.000+07:00,
670602,67170,ตำบลสระกรวด,Tambon Sa Kruat,6706,15.42,101.07,2019-08-09T03:33:09.000+07:00,2025-09-20T06:31:26.000+07:00,
670603,67170,ตำบลคลองกระจัง,Tambon Khlong Krachang,6706,15.37,101.164,2019-08-09T03:33:09.000+07:00,2025-09-20T06:31:26.000+07:00,
670604,67170,ตำบลนาสนุ่น,Tambon Na Sanun,6706,15.527,101.136,2019-08-09T03:33:09.000+07:00,2025-09-20T06:31:26.000+07:00,
670605,67170,ตำบลโคกสะอาด,Tambon Khok Sa-at,6706,15.477,100.971,2019-08-09T03:33:09.000+07:00,2025-09-20T06:31:26.000+07:00,
670606,67170,ตำบลหนองย่างทอย,Tambon Nong Yang Thoi,6706,15.402,101.252,2019-08-09T03:33:09.000+07:00,2025-09-20T06:31:26.000+07:00,
670607,67170,ตำบลประดู่งาม,Tambon Pradu Ngam,6706,15.436,100.971,2019-08-09T03:33:09.000+07:00,2025-09-20T06:31:26.000+07:00,
670701,67140,ตำบลกองทูล,Tambon Kong Thun,6707,15.956,101.103,2019-08-09T03:33:09.000+07:00,2025-09-20T06:31:26.000+07:00,
670702,67220,ตำบลนาเฉลียง,Tambon Na Chaliang,6707,16.075,101.084,2019-08-09T03:33:09.000+07:00,2025-09-20T06:31:26.000+07:00,
670703,67140,ตำบลบ้านโภชน์,Tambon Ban Phot,6707,15.933,100.928,2019-08-09T03:33:09.000+07:00,2025-09-20T06:31:26.000+07:00,
670704,67140,ตำบลท่าแดง,Tambon Tha Daeng,6707,15.957,101.183,2019-08-09T03:33:09.000+07:00,2025-09-20T06:31:26.000+07:00,
670705,67140,ตำบลเพชรละคร,Tambon Phet Lakhon,6707,15.897,101.154,2019-08-09T03:33:09.000+07:00,2025-09-20T06:31:26.000+07:00,
670706,67140,ตำบลบ่อไทย,Tambon Bo Thai,6707,16.129,101.276,2019-08-09T03:33:09.000+07:00,2025-09-20T06:31:26.000+07:00,
670707,67220,ตำบลห้วยโป่ง,Tambon Huai Pong,6707,16.141,101.034,2019-08-09T03:33:09.000+07:00,2025-09-20T06:31:26.000+07:00,
670708,67140,ตำบลวังท่าดี,Tambon Wang Tha Di,6707,15.995,101.223,2019-08-09T03:33:09.000+07:00,2025-09-20T06:31:26.000+07:00,
670709,67140,ตำบลบัววัฒนา,Tambon Bua Watthana,6707,15.953,101.034,2019-08-09T03:33:09.000+07:00,2025-09-20T06:31:26.000+07:00,
670710,67140,ตำบลหนองไผ่,Tambon Nong Phai,6707,16.004,101.037,2019-08-09T03:33:09.000+07:00,2025-09-20T06:31:26.000+07:00,
670711,67140,ตำบลวังโบสถ์,Tambon Wang Bot,6707,16.057,101.147,2019-08-09T03:33:09.000+07:00,2025-09-20T06:31:26.000+07:00,
670712,67220,ตำบลยางงาม,Tambon Yang Ngam,6707,16.101,100.951,2019-08-09T03:33:09.000+07:00,2025-09-20T06:31:26.000+07:00,
670713,67140,ตำบลท่าด้วง,Tambon Tha Duang,6707,16.001,101.301,2019-08-09T03:33:09.000+07:00,2025-09-20T06:31:26.000+07:00,
670801,67160,ตำบลซับสมอทอด,Tambon Sap Samo Thot,6708,15.846,100.939,2019-08-09T03:33:09.000+07:00,2025-09-20T06:31:26.000+07:00,
670802,67160,ตำบลซับไม้แดง,Tambon Sap Mai Daeng,6708,15.788,100.922,2019-08-09T03:33:09.000+07:00,2025-09-20T06:31:26.000+07:00,
670803,67160,ตำบลหนองแจง,Tambon Nong Chaeng,6708,15.877,100.985,2019-08-09T03:33:09.000+07:00,2025-09-20T06:31:26.000+07:00,
670804,67160,ตำบลกันจุ,Tambon Kan Chu,6708,15.817,101.075,2019-08-09T03:33:09.000+07:00,2025-09-20T06:31:26.000+07:00,
670805,67230,ตำบลวังพิกุล,Tambon Wang Phikun,6708,15.747,100.861,2019-08-09T03:33:09.000+07:00,2025-09-20T06:31:26.000+07:00,
670806,67160,ตำบลพญาวัง,Tambon Phaya Wang,6708,15.88,100.847,2019-08-09T03:33:09.000+07:00,2025-09-20T06:31:26.000+07:00,
670807,67160,ตำบลศรีมงคล,Tambon Si Mongkhon,6708,15.82,100.835,2019-08-09T03:33:09.000+07:00,2025-09-20T06:31:26.000+07:00,
670808,67160,ตำบลสระแก้ว,Tambon Sa Kaeo,6708,15.894,101.324,2019-08-09T03:33:09.000+07:00,2025-09-20T06:31:26.000+07:00,
670809,67160,ตำบลบึงสามพัน,Tambon Bueng Sam Phan,6708,15.791,101.022,2019-08-09T03:33:09.000+07:00,2025-09-20T06:31:26.000+07:00,
670901,67260,ตำบลน้ำหนาว,Tambon Nam Nao,6709,16.764,101.681,2019-08-09T03:33:09.000+07:00,2025-09-20T06:31:26.000+07:00,
670902,67260,ตำบลหลักด่าน,Tambon Lak Dan,6709,16.937,101.477,2019-08-09T03:33:09.000+07:00,2025-09-20T06:31:26.000+07:00,
670903,67260,ตำบลวังกวาง,Tambon Wang Kwang,6709,16.936,101.595,2019-08-09T03:33:09.000+07:00,2025-09-20T06:31:26.000+07:00,
670904,67260,ตำบลโคกมน,Tambon Khok Mon,6709,16.709,101.71,2019-08-09T03:33:09.000+07:00,2025-09-20T06:31:26.000+07:00,
671001,67240,ตำบลวังโป่ง,Tambon Wang Pong,6710,16.347,100.809,2019-08-09T03:33:09.000+07:00,2025-09-20T06:31:26.000+07:00,
671002,67240,ตำบลท้ายดง,Tambon Thai Dong,6710,16.297,100.678,2019-08-09T03:33:09.000+07:00,2025-09-20T06:31:26.000+07:00,
671003,67240,ตำบลซับเปิบ,Tambon Sap Poep,6710,16.362,100.918,2019-08-09T03:33:09.000+07:00,2025-09-20T06:31:26.000+07:00,
671004,67240,ตำบลวังหิน,Tambon Wang Hin,6710,16.387,100.754,2019-08-09T03:33:09.000+07:00,2025-09-20T06:31:26.000+07:00,
671005,67240,ตำบลวังศาล,Tambon Wang San,6710,16.283,100.758,2019-08-09T03:33:09.000+07:00,2025-09-20T06:31:26.000+07:00,
671101,67270,ตำบลทุ่งสมอ,Tambon Khao Kho,6711,16.717,100.962,2019-08-09T03:33:09.000+07:00,2025-09-20T06:31:26.000+07:00,
671102,67280,ตำบลแคมป์สน,Tambon Khaem Son,6711,16.78,101.055,2019-08-09T03:33:09.000+07:00,2025-09-20T06:31:26.000+07:00,
671103,67270,ตำบลเขาค้อ,Tambon Thung Samo,6711,16.631,100.999,2019-08-09T03:33:09.000+07:00,2025-09-20T06:31:26.000+07:00,
671104,67270,ตำบลริมสีม่วง,Tambon Rim Si Muang,6711,16.52,101.042,2019-08-09T03:33:09.000+07:00,2025-09-20T06:31:26.000+07:00,
671105,67270,ตำบลสะเดาะพง,Tambon Sado Phong,6711,16.545,100.968,2019-08-09T03:33:09.000+07:00,2025-09-20T06:31:26.000+07:00,
671106,67270,ตำบลหนองแม่นา,Tambon Nong Mae Na,6711,16.578,100.898,2019-08-09T03:33:09.000+07:00,2025-09-20T06:31:26.000+07:00,
671107,67280,ตำบลเข็กน้อย,Tambon Khek Noi,6711,16.832,101.015,2019-08-09T03:33:09.000+07:00,2025-09-20T06:31:26.000+07:00,
700101,70000,ตำบลหน้าเมือง,Tambon Na Mueang,7001,13.535,99.82,2019-08-09T03:33:09.000+07:00,2025-09-20T06:31:26.000+07:00,
700102,70000,ตำบลเจดีย์หัก,Tambon Chedi Hak,7001,13.539,99.781,2019-08-09T03:33:09.000+07:00,2025-09-20T06:31:26.000+07:00,
700103,70000,ตำบลดอนตะโก,Tambon Don Tako,7001,13.509,99.792,2019-08-09T03:33:09.000+07:00,2025-09-20T06:31:26.000+07:00,
700104,70000,ตำบลหนองกลางนา,Tambon Nong Klang Na,7001,13.593,99.796,2019-08-09T03:33:09.000+07:00,2025-09-20T06:31:26.000+07:00,
700105,70000,ตำบลห้วยไผ่,Tambon Huai Phai,7001,13.51,99.745,2019-08-09T03:33:09.000+07:00,2025-09-20T06:31:26.000+07:00,
700106,70000,ตำบลคุ้งน้ำวน,Tambon Khung Nam Won,7001,13.508,99.898,2019-08-09T03:33:09.000+07:00,2025-09-20T06:31:26.000+07:00,
700107,70000,ตำบลคุ้งกระถิน,Tambon Khung Krathin,7001,13.504,99.876,2019-08-09T03:33:09.000+07:00,2025-09-20T06:31:26.000+07:00,
700108,70000,ตำบลอ่างทอง,Tambon Ang Thong,7001,13.465,99.787,2019-08-09T03:33:09.000+07:00,2025-09-20T06:31:26.000+07:00,
700109,70000,ตำบลโคกหม้อ,Tambon Khok Mo,7001,13.571,99.834,2019-08-09T03:33:09.000+07:00,2025-09-20T06:31:26.000+07:00,
700110,70000,ตำบลสามเรือน,Tambon Sam Ruean,7001,13.603,99.86,2019-08-09T03:33:09.000+07:00,2025-09-20T06:31:26.000+07:00,
700111,70000,ตำบลพิกุลทอง,Tambon Phikun Thong,7001,13.575,99.866,2019-08-09T03:33:09.000+07:00,2025-09-20T06:31:26.000+07:00,
700112,70000,ตำบลน้ำพุ,Tambon Nam Phu,7001,13.547,99.631,2019-08-09T03:33:09.000+07:00,2025-09-20T06:31:26.000+07:00,
700113,70000,ตำบลดอนแร่,Tambon Don Rae,7001,13.471,99.758,2019-08-09T03:33:09.000+07:00,2025-09-20T06:31:26.000+07:00,
700114,70000,ตำบลหินกอง,Tambon Hin Kong,7001,13.565,99.705,2019-08-09T03:33:09.000+07:00,2025-09-20T06:31:26.000+07:00,
700115,70000,ตำบลเขาแร้ง,Tambon Khao Raeng,7001,13.622,99.773,2019-08-09T03:33:09.000+07:00,2025-09-20T06:31:26.000+07:00,
700116,70000,ตำบลเกาะพลับพลา,Tambon Ko Phlapphla,7001,13.585,99.75,2019-08-09T03:33:09.000+07:00,2025-09-20T06:31:26.000+07:00,
700117,70000,ตำบลหลุมดิน,Tambon Lum Din,7001,13.571,99.808,2019-08-09T03:33:09.000+07:00,2025-09-20T06:31:26.000+07:00,
700118,70000,ตำบลบางป่า,Tambon Bang Pa,7001,13.553,99.886,2019-08-09T03:33:09.000+07:00,2025-09-20T06:31:26.000+07:00,
700119,70000,ตำบลพงสวาย,Tambon Phong Sawai,7001,13.545,99.848,2019-08-09T03:33:09.000+07:00,2025-09-20T06:31:26.000+07:00,
700120,70000,ตำบลคูบัว,Tambon Khu Bua,7001,13.48,99.822,2019-08-09T03:33:09.000+07:00,2025-09-20T06:31:26.000+07:00,
700121,70000,ตำบลท่าราบ,Tambon Tha Rap,7001,13.602,99.819,2019-08-09T03:33:09.000+07:00,2025-09-20T06:31:26.000+07:00,
700122,70000,ตำบลบ้านไร่,Tambon Ban Rai,7001,13.511,99.845,2019-08-09T03:33:09.000+07:00,2025-09-20T06:31:26.000+07:00,
700201,70150,ตำบลจอมบึง,Tambon Chom Bueng,7002,13.622,99.606,2019-08-09T03:33:09.000+07:00,2025-09-20T06:31:26.000+07:00,
700202,70150,ตำบลปากช่อง,Tambon Pak Chong,7002,13.667,99.649,2019-08-09T03:33:09.000+07:00,2025-09-20T06:31:26.000+07:00,
700203,70150,ตำบลเบิกไพร,Tambon Boek Phrai,7002,13.685,99.521,2019-08-09T03:33:09.000+07:00,2025-09-20T06:31:26.000+07:00,
700204,70150,ตำบลด่านทับตะโก,Tambon Dan Thap Tako,7002,13.663,99.426,2019-08-09T03:33:09.000+07:00,2025-09-20T06:31:26.000+07:00,
700205,70150,ตำบลแก้มอ้น,Tambon Kaem On,7002,13.74,99.428,2019-08-09T03:33:09.000+07:00,2025-09-20T06:31:26.000+07:00,
700206,70150,ตำบลรางบัว,Tambon Rang Bua,7002,13.533,99.533,2019-08-09T03:33:09.000+07:00,2025-09-20T06:31:26.000+07:00,
700301,70180,ตำบลสวนผึ้ง,Tambon Suan Phueng,7003,13.612,99.249,2019-08-09T03:33:09.000+07:00,2025-09-20T06:31:26.000+07:00,
700302,70180,ตำบลป่าหวาย,Tambon Pa Wai,7003,13.578,99.423,2019-08-09T03:33:09.000+07:00,2025-09-20T06:31:26.000+07:00,
700304,70180,ตำบลท่าเคย,Tambon Tha Khoei,7003,13.522,99.42,2019-08-09T03:33:09.000+07:00,2025-09-20T06:31:26.000+07:00,
700307,70180,ตำบลตะนาวศรี,Tambon Tanao Si,7003,13.418,99.273,2019-08-09T03:33:09.000+07:00,2025-09-20T06:31:26.000+07:00,
700401,70130,ตำบลดำเนินสะดวก,Tambon Damnoen Saduak,7004,13.517,99.949,2019-08-09T03:33:09.000+07:00,2025-09-20T06:31:26.000+07:00,
700402,70210,ตำบลประสาทสิทธิ์,Tambon Prasat Sit,7004,13.555,100.036,2019-08-09T03:33:09.000+07:00,2025-09-20T06:31:26.000+07:00,
700403,70130,ตำบลศรีสุราษฎร์,Tambon Si Surat,7004,13.533,99.984,2019-08-09T03:33:09.000+07:00,2025-09-20T06:31:26.000+07:00,
700404,70130,ตำบลตาหลวง,Tambon Ta Luang,7004,13.504,99.953,2019-08-09T03:33:09.000+07:00,2025-09-20T06:31:26.000+07:00,
700405,70130,ตำบลดอนกรวย,Tambon Don Kruai,7004,13.58,99.971,2019-08-09T03:33:09.000+07:00,2025-09-20T06:31:26.000+07:00,
700406,70130,ตำบลดอนคลัง,Tambon Don Khlang,7004,13.619,99.974,2019-08-09T03:33:09.000+07:00,2025-09-20T06:31:26.000+07:00,
700407,70210,ตำบลบัวงาม,Tambon Bua Ngam,7004,13.608,100.016,2019-08-09T03:33:09.000+07:00,2025-09-20T06:31:26.000+07:00,
700408,70130,ตำบลบ้านไร่,Tambon Ban Rai,7004,13.606,99.909,2019-08-09T03:33:09.000+07:00,2025-09-20T06:31:26.000+07:00,
700409,70130,ตำบลแพงพวย,Tambon Phaengphuai,7004,13.571,99.925,2019-08-09T03:33:09.000+07:00,2025-09-20T06:31:26.000+07:00,
700410,70130,ตำบลสี่หมื่น,Tambon Si Muen,7004,13.522,99.929,2019-08-09T03:33:09.000+07:00,2025-09-20T06:31:26.000+07:00,
700411,70130,ตำบลท่านัด,Tambon Tha Nat,7004,13.544,99.96,2019-08-09T03:33:09.000+07:00,2025-09-20T06:31:26.000+07:00,
700412,70130,ตำบลขุนพิทักษ์,Tambon Khun Phithak,7004,13.509,99.982,2019-08-09T03:33:09.000+07:00,2025-09-20T06:31:26.000+07:00,
700413,70130,ตำบลดอนไผ่,Tambon Don Phai,7004,13.551,100.009,2019-08-09T03:33:09.000+07:00,2025-09-20T06:31:26.000+07:00,
700501,70110,ตำบลบ้านโป่ง,Tambon Ban Pong,7005,13.816,99.873,2019-08-09T03:33:09.000+07:00,2025-09-20T06:31:26.000+07:00,
700502,70110,ตำบลท่าผา,Tambon Tha Pha,7005,13.865,99.865,2019-08-09T03:33:09.000+07:00,2025-09-20T06:31:26.000+07:00,
700503,70190,ตำบลกรับใหญ่,Tambon Krap Yai,7005,13.908,99.868,2019-08-09T03:33:09.000+07:00,2025-09-20T06:31:26.000+07:00,
700504,70110,ตำบลปากแรต,Tambon Pak Raet,7005,13.833,99.89,2019-08-09T03:33:09.000+07:00,2025-09-20T06:31:26.000+07:00,
700505,70110,ตำบลหนองกบ,Tambon Nong Kop,7005,13.821,99.934,2019-08-09T03:33:09.000+07:00,2025-09-20T06:31:26.000+07:00,
700506,70110,ตำบลหนองอ้อ,Tambon Nong O,7005,13.793,99.906,2019-08-09T03:33:09.000+07:00,2025-09-20T06:31:26.000+07:00,
700507,70110,ตำบลดอนกระเบื้อง,Tambon Don Krabueang,7005,13.769,99.891,2019-08-09T03:33:09.000+07:00,2025-09-20T06:31:26.000+07:00,
700508,70110,ตำบลสวนกล้วย,Tambon Suan Kluai,7005,13.798,99.882,2019-08-09T03:33:09.000+07:00,2025-09-20T06:31:26.000+07:00,
700509,70110,ตำบลนครชุมน์,Tambon Nakhon Chum,7005,13.773,99.863,2019-08-09T03:33:09.000+07:00,2025-09-20T06:31:26.000+07:00,
700510,70110,ตำบลบ้านม่วง,Tambon Ban Muang,7005,13.771,99.815,2019-08-09T03:33:09.000+07:00,2025-09-20T06:31:26.000+07:00,
700511,70110,ตำบลคุ้งพยอม,Tambon Khung Phayom,7005,13.797,99.83,2019-08-09T03:33:09.000+07:00,2025-09-20T06:31:26.000+07:00,
700512,70110,ตำบลหนองปลาหมอ,Tambon Nong Pla Mo,7005,13.794,99.776,2019-08-09T03:33:09.000+07:00,2025-09-20T06:31:26.000+07:00,
700513,70110,ตำบลเขาขลุง,Tambon Khao Khlung,7005,13.798,99.728,2019-08-09T03:33:09.000+07:00,2025-09-20T06:31:26.000+07:00,
700514,70110,ตำบลเบิกไพร,Tambon Boek Phrai,7005,13.819,99.851,2019-08-09T03:33:09.000+07:00,2025-09-20T06:31:26.000+07:00,
700515,70110,ตำบลลาดบัวขาว,Tambon Lat Bua Khao,7005,13.841,99.831,2019-08-09T03:33:09.000+07:00,2025-09-20T06:31:26.000+07:00,
700601,70160,ตำบลบางแพ,Tambon Bang Phae,7006,13.691,99.951,2019-08-09T03:33:09.000+07:00,2025-09-20T06:31:26.000+07:00,
700602,70160,ตำบลวังเย็น,Tambon Wang Yen,7006,13.705,99.909,2019-08-09T03:33:09.000+07:00,2025-09-20T06:31:26.000+07:00,
700603,70160,ตำบลหัวโพ,Tambon Hua Pho,7006,13.654,99.978,2019-08-09T03:33:09.000+07:00,2025-09-20T06:31:26.000+07:00,
700604,70160,ตำบลวัดแก้ว,Tambon Wat Kaeo,7006,13.657,99.918,2019-08-09T03:33:09.000+07:00,2025-09-20T06:31:26.000+07:00,
700605,70160,ตำบลดอนใหญ่,Tambon Don Yai,7006,13.709,100.002,2019-08-09T03:33:09.000+07:00,2025-09-20T06:31:26.000+07:00,
700606,70160,ตำบลดอนคา,Tambon Don Kha,7006,13.668,100.006,2019-08-09T03:33:09.000+07:00,2025-09-20T06:31:26.000+07:00,
700607,70160,ตำบลโพหัก,Tambon Pho Hak,7006,13.64,100.043,2019-08-09T03:33:09.000+07:00,2025-09-20T06:31:26.000+07:00,
700701,70120,ตำบลโพธาราม,Tambon Photharam,7007,13.695,99.853,2019-08-09T03:33:09.000+07:00,2025-09-20T06:31:26.000+07:00,
700702,70120,ตำบลดอนกระเบื้อง,Tambon Don Krabueang,7007,13.752,99.899,2019-08-09T03:33:09.000+07:00,2025-09-20T06:31:26.000+07:00,
700703,70120,ตำบลหนองโพ,Tambon Nong Pho,7007,13.741,99.924,2019-08-09T03:33:09.000+07:00,2025-09-20T06:31:26.000+07:00,
700704,70120,ตำบลบ้านเลือก,Tambon Ban Lueak,7007,13.725,99.886,2019-08-09T03:33:09.000+07:00,2025-09-20T06:31:26.000+07:00,
700705,70120,ตำบลคลองตาคต,Tambon Khlong Ta Khot,7007,13.672,99.854,2019-08-09T03:33:09.000+07:00,2025-09-20T06:31:26.000+07:00,
700706,70120,ตำบลบ้านฆ้อง,Tambon Ban Khong,7007,13.681,99.888,2019-08-09T03:33:09.000+07:00,2025-09-20T06:31:26.000+07:00,
700707,70120,ตำบลบ้านสิงห์,Tambon Ban Sing,7007,13.636,99.895,2019-08-09T03:33:09.000+07:00,2025-09-20T06:31:26.000+07:00,
700708,70120,ตำบลดอนทราย,Tambon Don Sai,7007,13.632,99.858,2019-08-09T03:33:09.000+07:00,2025-09-20T06:31:26.000+07:00,
700709,70120,ตำบลเจ็ดเสมียน,Tambon Chet Samian,7007,13.638,99.828,2019-08-09T03:33:09.000+07:00,2025-09-20T06:31:26.000+07:00,
700710,70120,ตำบลคลองข่อย,Tambon Khlong Khoi,7007,13.675,99.827,2019-08-09T03:33:09.000+07:00,2025-09-20T06:31:26.000+07:00,
700711,70120,ตำบลชำแระ,Tambon Chamrae,7007,13.738,99.809,2019-08-09T03:33:09.000+07:00,2025-09-20T06:31:26.000+07:00,
700712,70120,ตำบลสร้อยฟ้า,Tambon Soi Fa,7007,13.721,99.835,2019-08-09T03:33:09.000+07:00,2025-09-20T06:31:26.000+07:00,
700713,70120,ตำบลท่าชุมพล,Tambon Tha Chumphon,7007,13.691,99.802,2019-08-09T03:33:09.000+07:00,2025-09-20T06:31:26.000+07:00,
700714,70120,ตำบลบางโตนด,Tambon Bang Tanot,7007,13.653,99.796,2019-08-09T03:33:09.000+07:00,2025-09-20T06:31:26.000+07:00,
700715,70120,ตำบลเตาปูน,Tambon Tao Pun,7007,13.749,99.742,2019-08-09T03:33:09.000+07:00,2025-09-20T06:31:26.000+07:00,
700716,70120,ตำบลนางแก้ว,Tambon Nang Kaeo,7007,13.697,99.768,2019-08-09T03:33:09.000+07:00,2025-09-20T06:31:26.000+07:00,
700717,70120,ตำบลธรรมเสน,Tambon Thammasen,7007,13.669,99.726,2019-08-09T03:33:09.000+07:00,2025-09-20T06:31:26.000+07:00,
700718,70120,ตำบลเขาชะงุ้ม,Tambon Khao Cha-ngum,7007,13.726,99.7,2019-08-09T03:33:09.000+07:00,2025-09-20T06:31:26.000+07:00,
700719,70120,ตำบลหนองกวาง,Tambon Nong Kwang,7007,13.747,99.597,2019-08-09T03:33:09.000+07:00,2025-09-20T06:31:26.000+07:00,
700801,70140,ตำบลทุ่งหลวง,Tambon Thung Luang,7008,13.411,99.683,2019-08-09T03:33:09.000+07:00,2025-09-20T06:31:26.000+07:00,
700802,70140,ตำบลวังมะนาว,Tambon Wang Manao,7008,13.341,99.802,2019-08-09T03:33:09.000+07:00,2025-09-20T06:31:26.000+07:00,
700803,70140,ตำบลดอนทราย,Tambon Don Sai,7008,13.368,99.776,2019-08-09T03:33:09.000+07:00,2025-09-20T06:31:26.000+07:00,
700804,70140,ตำบลหนองกระทุ่ม,Tambon Nong Krathum,7008,13.404,99.779,2019-08-09T03:33:09.000+07:00,2025-09-20T06:31:26.000+07:00,
700805,70140,ตำบลปากท่อ,Tambon Pak Tho,7008,13.382,99.841,2019-08-09T03:33:09.000+07:00,2025-09-20T06:31:26.000+07:00,
700806,70140,ตำบลป่าไก่,Tambon Pa Kai,7008,13.412,99.827,2019-08-09T03:33:09.000+07:00,2025-09-20T06:31:26.000+07:00,
700807,70140,ตำบลวัดยางงาม,Tambon Wat Yang Ngam,7008,13.399,99.864,2019-08-09T03:33:09.000+07:00,2025-09-20T06:31:26.000+07:00,
700808,70140,ตำบลอ่างหิน,Tambon Ang Hin,7008,13.46,99.626,2019-08-09T03:33:09.000+07:00,2025-09-20T06:31:26.000+07:00,
700809,70140,ตำบลบ่อกระดาน,Tambon Bo Kradan,7008,13.438,99.801,2019-08-09T03:33:09.000+07:00,2025-09-20T06:31:26.000+07:00,
700810,70140,ตำบลยางหัก,Tambon Yang Hak,7008,13.283,99.596,2019-08-09T03:33:09.000+07:00,2025-09-20T06:31:26.000+07:00,
700811,70140,ตำบลวันดาว,Tambon Wan Dao,7008,13.354,99.856,2019-08-09T03:33:09.000+07:00,2025-09-20T06:31:26.000+07:00,
700812,70140,ตำบลห้วยยางโทน,Tambon Huai Yang Thon,7008,13.345,99.693,2019-08-09T03:33:09.000+07:00,2025-09-20T06:31:26.000+07:00,
700901,70170,ตำบลเกาะศาลพระ,Tambon Ko San Phra,7009,13.473,99.86,2019-08-09T03:33:09.000+07:00,2025-09-20T06:31:26.000+07:00,
700902,70170,ตำบลจอมประทัด,Tambon Chom Prathat,7009,13.424,99.863,2019-08-09T03:33:09.000+07:00,2025-09-20T06:31:26.000+07:00,
700903,70170,ตำบลวัดเพลง,Tambon Wat Pleng,7009,13.449,99.872,2019-08-09T03:33:09.000+07:00,2025-09-20T06:31:26.000+07:00,
701001,70180,ตำบลบ้านคา,Tambon Ban Kha,7010,13.418,99.386,2019-08-09T03:33:09.000+07:00,2025-09-20T06:31:26.000+07:00,
701002,70180,ตำบลบ้านบึง,Tambon Ban Bueng,7010,13.283,99.444,2019-08-09T03:33:09.000+07:00,2025-09-20T06:31:26.000+07:00,
701003,70180,ตำบลหนองพันจันทร์,Tambon Nong Phan Chan,7010,13.448,99.462,2019-08-09T03:33:09.000+07:00,2025-09-20T06:31:26.000+07:00,
710101,71000,ตำบลบ้านเหนือ,Tambon Ban Nuea,7101,,,2019-08-09T03:33:09.000+07:00,2025-09-20T06:31:26.000+07:00,
710102,71000,ตำบลบ้านใต้,Tambon Ban Tai,7101,,,2019-08-09T03:33:09.000+07:00,2025-09-20T06:31:26.000+07:00,
710103,71000,ตำบลปากแพรก,Tambon Pak Phraek,7101,14.039,99.551,2019-08-09T03:33:09.000+07:00,2025-09-20T06:31:26.000+07:00,
710104,71000,ตำบลท่ามะขาม,Tambon Tha Makham,7101,14.035,99.503,2019-08-09T03:33:09.000+07:00,2025-09-20T06:31:26.000+07:00,
710105,71000,ตำบลแก่งเสี้ยน,Tambon Kaeng Sian,7101,14.103,99.501,2019-08-09T03:33:09.000+07:00,2025-09-20T06:31:26.000+07:00,
710106,71190,ตำบลหนองบัว,Tambon Nong Bua,7101,14.05,99.417,2019-08-09T03:33:09.000+07:00,2025-09-20T06:31:26.000+07:00,
710107,71190,ตำบลลาดหญ้า,Tambon Lat Ya,7101,14.138,99.419,2019-08-09T03:33:09.000+07:00,2025-09-20T06:31:26.000+07:00,
710108,71190,ตำบลวังด้ง,Tambon Wang Dong,7101,14.151,99.306,2019-08-09T03:33:09.000+07:00,2025-09-20T06:31:26.000+07:00,
710109,71190,ตำบลช่องสะเดา,Tambon Chong Sadao,7101,14.228,99.187,2019-08-09T03:33:09.000+07:00,2025-09-20T06:31:26.000+07:00,
710110,71000,ตำบลหนองหญ้า,Tambon Nong Ya,7101,13.981,99.451,2019-08-09T03:33:09.000+07:00,2025-09-20T06:31:26.000+07:00,
710111,71000,ตำบลเกาะสำโรง,Tambon Ko Samrong,7101,13.951,99.52,2019-08-09T03:33:09.000+07:00,2025-09-20T06:31:26.000+07:00,
710113,71000,ตำบลบ้านเก่า,Tambon Ban Kao,7101,13.981,99.305,2019-08-09T03:33:09.000+07:00,2025-09-20T06:31:26.000+07:00,
710116,71000,ตำบลวังเย็น,Tambon Wang Yen,7101,13.954,99.4,2019-08-09T03:33:09.000+07:00,2025-09-20T06:31:26.000+07:00,
710201,71150,ตำบลลุ่มสุ่ม,Tambon Lum Sum,7102,14.104,99.133,2019-08-09T03:33:09.000+07:00,2025-09-20T06:31:26.000+07:00,
710202,71150,ตำบลท่าเสา,Tambon Tha Sao,7102,14.303,99.037,2019-08-09T03:33:09.000+07:00,2025-09-20T06:31:26.000+07:00,
710203,71150,ตำบลสิงห์,Tambon Sing,7102,14.035,99.287,2019-08-09T03:33:09.000+07:00,2025-09-20T06:31:26.000+07:00,
710204,71150,ตำบลไทรโยค,Tambon Sai Yok,7102,14.421,98.741,2019-08-09T03:33:09.000+07:00,2025-09-20T06:31:26.000+07:00,
710205,71150,ตำบลวังกระแจะ,Tambon Wang Krachae,7102,14.26,98.911,2019-08-09T03:33:09.000+07:00,2025-09-20T06:31:26.000+07:00,
710206,71150,ตำบลศรีมงคล,Tambon Si Mongkhon,7102,13.992,99.139,2019-08-09T03:33:09.000+07:00,2025-09-20T06:31:26.000+07:00,
710207,71150,ตำบลบ้องตี้,Tambon Bongti,7102,14.134,98.916,2019-08-09T03:33:09.000+07:00,2025-09-20T06:31:26.000+07:00,
710301,71160,ตำบลบ่อพลอย,Tambon Bo Phloi,7103,14.305,99.466,2019-08-09T03:33:09.000+07:00,2025-09-20T06:31:26.000+07:00,
710302,71160,ตำบลหนองกุ่ม,Tambon Nong Kum,7103,14.205,99.462,2019-08-09T03:33:09.000+07:00,2025-09-20T06:31:26.000+07:00,
710303,71220,ตำบลหนองรี,Tambon Nong Ri,7103,14.54,99.356,2019-08-09T03:33:09.000+07:00,2025-09-20T06:31:26.000+07:00,
710305,71160,ตำบลหลุมรัง,Tambon Lum Rang,7103,14.485,99.481,2019-08-09T03:33:09.000+07:00,2025-09-20T06:31:26.000+07:00,
710308,71160,ตำบลช่องด่าน,Tambon Chong Dan,7103,14.412,99.437,2019-08-09T03:33:09.000+07:00,2025-09-20T06:31:26.000+07:00,
710309,71220,ตำบลหนองกร่าง,Tambon Nong Krang,7103,,,2019-08-09T03:33:09.000+07:00,2025-09-20T06:31:26.000+07:00,
710401,71250,ตำบลนาสวน,Tambon Na Suan,7104,14.895,99.029,2019-08-09T03:33:09.000+07:00,2025-09-20T06:31:26.000+07:00,
710402,71250,ตำบลด่านแม่แฉลบ,Tambon Dan Mae Chalaep,7104,14.691,98.98,2019-08-09T03:33:09.000+07:00,2025-09-20T06:31:26.000+07:00,
710403,71250,ตำบลหนองเป็ด,Tambon Nong Pet,7104,14.464,99.232,2019-08-09T03:33:09.000+07:00,2025-09-20T06:31:26.000+07:00,
710404,71250,ตำบลท่ากระดาน,Tambon Tha Kradan,7104,14.366,99.174,2019-08-09T03:33:09.000+07:00,2025-09-20T06:31:26.000+07:00,
710405,71220,ตำบลเขาโจด,Tambon Khao Chot,7104,14.885,99.183,2019-08-09T03:33:09.000+07:00,2025-09-20T06:31:26.000+07:00,
710406,71250,ตำบลแม่กระบุง,Tambon Mae Krabung,7104,14.527,98.996,2019-08-09T03:33:09.000+07:00,2025-09-20T06:31:26.000+07:00,
710501,71120,ตำบลพงตึก,Tambon Phong Tuek,7105,13.869,99.776,2019-08-09T03:33:09.000+07:00,2025-09-20T06:31:26.000+07:00,
710502,71120,ตำบลยางม่วง,Tambon Yang Muang,7105,13.921,99.834,2019-08-09T03:33:09.000+07:00,2025-09-20T06:31:26.000+07:00,
710503,71130,ตำบลดอนชะเอม,Tambon Don Cha-em,7105,13.971,99.807,2019-08-09T03:33:09.000+07:00,2025-09-20T06:31:26.000+07:00,
710504,71120,ตำบลท่าไม้,Tambon Tha Mai,7105,13.906,99.801,2019-08-09T03:33:09.000+07:00,2025-09-20T06:31:26.000+07:00,
710505,71130,ตำบลตะคร้ำเอน,Tambon Takhram En,7105,13.992,99.744,2019-08-09T03:33:09.000+07:00,2025-09-20T06:31:26.000+07:00,
710506,71120,ตำบลท่ามะกา,Tambon Tha Maka,7105,13.93,99.779,2019-08-09T03:33:09.000+07:00,2025-09-20T06:31:26.000+07:00,
710507,71130,ตำบลท่าเรือ,Tambon Tha Ruea,7105,,,2019-08-09T03:33:09.000+07:00,2025-09-20T06:31:26.000+07:00,
710508,71120,ตำบลโคกตะบอง,Tambon Khok Tabong,7105,13.839,99.746,2019-08-09T03:33:09.000+07:00,2025-09-20T06:31:26.000+07:00,
710509,71120,ตำบลดอนขมิ้น,Tambon Don Khamin,7105,13.884,99.826,2019-08-09T03:33:09.000+07:00,2025-09-20T06:31:26.000+07:00,
710510,71130,ตำบลอุโลกสี่หมื่น,Tambon Ulok Si Muen,7105,14.06,99.773,2019-08-09T03:33:09.000+07:00,2025-09-20T06:31:26.000+07:00,
710511,71120,ตำบลเขาสามสิบหาบ,Tambon Khao Samsip Hap,7105,13.865,99.719,2019-08-09T03:33:09.000+07:00,2025-09-20T06:31:26.000+07:00,
710512,71130,ตำบลพระแท่น,Tambon Phra Thaen,7105,14.018,99.792,2019-08-09T03:33:09.000+07:00,2025-09-20T06:31:26.000+07:00,
710513,71120,ตำบลหวายเหนียว,Tambon Wai Niao,7105,13.902,99.759,2019-08-09T03:33:09.000+07:00,2025-09-20T06:31:26.000+07:00,
710514,71130,ตำบลแสนตอ,Tambon Saen To,7105,13.922,99.732,2019-08-09T03:33:09.000+07:00,2025-09-20T06:31:26.000+07:00,
710515,70190,ตำบลสนามแย้,Tambon Sanam Yae,7105,13.954,99.851,2019-08-09T03:33:09.000+07:00,2025-09-20T06:31:26.000+07:00,
710516,71120,ตำบลท่าเสา,Tambon Tha Sao,7105,13.843,99.805,2019-08-09T03:33:09.000+07:00,2025-09-20T06:31:26.000+07:00,
710517,71130,ตำบลหนองลาน,Tambon Nong Lan,7105,14.037,99.827,2019-08-09T03:33:09.000+07:00,2025-09-20T06:31:26.000+07:00,
710601,71110,ตำบลท่าม่วง,Tambon Tha Muang,7106,13.974,99.625,2019-08-09T03:33:09.000+07:00,2025-09-20T06:31:26.000+07:00,
710602,71110,ตำบลวังขนาย,Tambon Wang Khanai,7106,13.96,99.663,2019-08-09T03:33:09.000+07:00,2025-09-20T06:31:26.000+07:00,
710603,71110,ตำบลวังศาลา,Tambon Wang Sala,7106,13.971,99.697,2019-08-09T03:33:09.000+07:00,2025-09-20T06:31:26.000+07:00,
710604,71110,ตำบลท่าล้อ,Tambon Tha Lo,7106,13.987,99.589,2019-08-09T03:33:09.000+07:00,2025-09-20T06:31:26.000+07:00,
710605,71110,ตำบลหนองขาว,Tambon Nong Khao,7106,14.055,99.613,2019-08-09T03:33:09.000+07:00,2025-09-20T06:31:26.000+07:00,
710606,71110,ตำบลทุ่งทอง,Tambon Thung Thong,7106,14.008,99.666,2019-08-09T03:33:09.000+07:00,2025-09-20T06:31:26.000+07:00,
710607,71110,ตำบลเขาน้อย,Tambon Khao Noi,7106,13.919,99.588,2019-08-09T03:33:09.000+07:00,2025-09-20T06:31:26.000+07:00,
710608,71110,ตำบลม่วงชุม,Tambon Muang Chum,7106,13.937,99.617,2019-08-09T03:33:09.000+07:00,2025-09-20T06:31:26.000+07:00,
710609,71110,ตำบลบ้านใหม่,Tambon Ban Mai,7106,13.868,99.604,2019-08-09T03:33:09.000+07:00,2025-09-20T06:31:26.000+07:00,
710610,71110,ตำบลพังตรุ,Tambon Phang Tru,7106,13.863,99.645,2019-08-09T03:33:09.000+07:00,2025-09-20T06:31:26.000+07:00,
710611,71130,ตำบลท่าตะคร้อ,Tambon Tha Takhro,7106,13.917,99.699,2019-08-09T03:33:09.000+07:00,2025-09-20T06:31:26.000+07:00,
710612,71110,ตำบลรางสาลี่,Tambon Rang Sali,7106,13.866,99.543,2019-08-09T03:33:09.000+07:00,2025-09-20T06:31:26.000+07:00,
710613,71110,ตำบลหนองตากยา,Tambon Nong Tak Ya,7106,13.795,99.546,2019-08-09T03:33:09.000+07:00,2025-09-20T06:31:26.000+07:00,
710701,71180,ตำบลท่าขนุน,Tambon Tha Khanun,7107,14.762,98.641,2019-08-09T03:33:09.000+07:00,2025-09-20T06:31:26.000+07:00,
710702,71180,ตำบลปิล๊อก,Tambon Pilok,7107,14.779,98.403,2019-08-09T03:33:09.000+07:00,2025-09-20T06:31:26.000+07:00,
710703,71180,ตำบลหินดาด,Tambon Hin Dat,7107,14.608,98.723,2019-08-09T03:33:09.000+07:00,2025-09-20T06:31:26.000+07:00,
710704,71180,ตำบลลิ่นถิ่น,Tambon Linthin,7107,14.584,98.833,2019-08-09T03:33:09.000+07:00,2025-09-20T06:31:26.000+07:00,
710705,71180,ตำบลชะแล,Tambon Chalae,7107,14.996,98.833,2019-08-09T03:33:09.000+07:00,2025-09-20T06:31:26.000+07:00,
710706,71180,ตำบลห้วยเขย่ง,Tambon Huai Khayeng,7107,14.635,98.583,2019-08-09T03:33:09.000+07:00,2025-09-20T06:31:26.000+07:00,
710707,71180,ตำบลสหกรณ์นิคม,Tambon Sahakon Nikhom,7107,14.735,98.763,2019-08-09T03:33:09.000+07:00,2025-09-20T06:31:26.000+07:00,
710801,71240,ตำบลหนองลู,Tambon Nong Lu,7108,15.112,98.341,2019-08-09T03:33:09.000+07:00,2025-09-20T06:31:26.000+07:00,
710802,71240,ตำบลปรังเผล,Tambon Prangphle,7108,14.999,98.545,2019-08-09T03:33:09.000+07:00,2025-09-20T06:31:26.000+07:00,
710803,71240,ตำบลไล่โว่,Tambon Lai Wo,7108,15.345,98.664,2019-08-09T03:33:09.000+07:00,2025-09-20T06:31:26.000+07:00,
710901,71140,ตำบลพนมทวน,Tambon Phanom Thuan,7109,14.129,99.705,2019-08-09T03:33:09.000+07:00,2025-09-20T06:31:26.000+07:00,
710902,71140,ตำบลหนองโรง,Tambon Nong Rong,7109,14.162,99.622,2019-08-09T03:33:09.000+07:00,2025-09-20T06:31:26.000+07:00,
710903,71140,ตำบลทุ่งสมอ,Tambon Thung Samo,7109,14.076,99.667,2019-08-09T03:33:09.000+07:00,2025-09-20T06:31:26.000+07:00,
710904,71140,ตำบลดอนเจดีย์,Tambon Don Chedi,7109,14.036,99.674,2019-08-09T03:33:09.000+07:00,2025-09-20T06:31:26.000+07:00,
710905,71140,ตำบลพังตรุ,Tambon Phang Tru,7109,14.134,99.746,2019-08-09T03:33:09.000+07:00,2025-09-20T06:31:26.000+07:00,
710906,71170,ตำบลรางหวาย,Tambon Rang Wai,7109,14.232,99.767,2019-08-09T03:33:09.000+07:00,2025-09-20T06:31:26.000+07:00,
710911,71140,ตำบลหนองสาหร่าย,Tambon Nong Sarai,7109,14.067,99.728,2019-08-09T03:33:09.000+07:00,2025-09-20T06:31:26.000+07:00,
710912,71140,ตำบลดอนตาเพชร,Tambon Don Ta Phet,7109,14.192,99.678,2019-08-09T03:33:09.000+07:00,2025-09-20T06:31:26.000+07:00,
711001,71210,ตำบลเลาขวัญ,Tambon Lao Khwan,7110,14.58,99.753,2019-08-09T03:33:09.000+07:00,2025-09-20T06:31:26.000+07:00,
711002,71210,ตำบลหนองโสน,Tambon Nong Sano,7110,14.648,99.758,2019-08-09T03:33:09.000+07:00,2025-09-20T06:31:26.000+07:00,
711003,71210,ตำบลหนองประดู่,Tambon Nong Pradu,7110,14.456,99.738,2019-08-09T03:33:09.000+07:00,2025-09-20T06:31:26.000+07:00,
711004,71210,ตำบลหนองปลิง,Tambon Nong Pling,7110,14.715,99.743,2019-08-09T03:33:09.000+07:00,2025-09-20T06:31:26.000+07:00,
711005,71210,ตำบลหนองนกแก้ว,Tambon Nong Nok Kaeo,7110,14.516,99.655,2019-08-09T03:33:09.000+07:00,2025-09-20T06:31:26.000+07:00,
711006,71210,ตำบลทุ่งกระบ่ำ,Tambon Thung Krabam,7110,14.616,99.586,2019-08-09T03:33:09.000+07:00,2025-09-20T06:31:26.000+07:00,
711007,71210,ตำบลหนองฝ้าย,Tambon Nong Fai,7110,14.682,99.642,2019-08-09T03:33:09.000+07:00,2025-09-20T06:31:26.000+07:00,
711101,71260,ตำบลด่านมะขามเตี้ย,Tambon Dan Makham Tia,7111,13.836,99.388,2019-08-09T03:33:09.000+07:00,2025-09-20T06:31:26.000+07:00,
711102,71260,ตำบลกลอนโด,Tambon Klondo,7111,13.88,99.44,2019-08-09T03:33:09.000+07:00,2025-09-20T06:31:26.000+07:00,
711103,71260,ตำบลจรเข้เผือก,Tambon Chorakhe Phueak,7111,13.811,99.21,2019-08-09T03:33:09.000+07:00,2025-09-20T06:31:26.000+07:00,
711104,71260,ตำบลหนองไผ่,Tambon Nong Phai,7111,13.808,99.44,2019-08-09T03:33:09.000+07:00,2025-09-20T06:31:26.000+07:00,
711201,71220,ตำบลหนองปรือ,Tambon Nong Prue,7112,14.63,99.454,2019-08-09T03:33:09.000+07:00,2025-09-20T06:31:26.000+07:00,
711202,71220,ตำบลหนองปลาไหล,Tambon Nong Pla Lai,7112,14.626,99.527,2019-08-09T03:33:09.000+07:00,2025-09-20T06:31:26.000+07:00,
711203,71220,ตำบลสมเด็จเจริญ,Tambon Somdet Charoen,7112,14.746,99.338,2019-08-09T03:33:09.000+07:00,2025-09-20T06:31:26.000+07:00,
711301,71170,ตำบลห้วยกระเจา,Tambon Huai Krachao,7113,14.312,99.618,2019-08-09T03:33:09.000+07:00,2025-09-20T06:31:26.000+07:00,
711302,71170,ตำบลวังไผ่,Tambon Wang Phai,7113,14.434,99.597,2019-08-09T03:33:09.000+07:00,2025-09-20T06:31:26.000+07:00,
711303,71170,ตำบลดอนแสลบ,Tambon Don Salaep,7113,14.292,99.701,2019-08-09T03:33:09.000+07:00,2025-09-20T06:31:26.000+07:00,
711304,71170,ตำบลสระลงเรือ,Tambon Sa Long Ruea,7113,14.357,99.764,2019-08-09T03:33:09.000+07:00,2025-09-20T06:31:26.000+07:00,
720101,72000,ตำบลท่าพี่เลี้ยง,Tambon Tha Phi Liang,7201,14.471,100.116,2019-08-09T03:33:09.000+07:00,2025-09-20T06:31:26.000+07:00,
720102,72000,ตำบลรั้วใหญ่,Tambon Rua Yai,7201,14.451,100.113,2019-08-09T03:33:09.000+07:00,2025-09-20T06:31:26.000+07:00,
720103,72000,ตำบลทับตีเหล็ก,Tambon Thap Ti Lek,7201,14.434,100.108,2019-08-09T03:33:09.000+07:00,2025-09-20T06:31:26.000+07:00,
720104,72000,ตำบลท่าระหัด,Tambon Tha Rahat,7201,14.445,100.164,2019-08-09T03:33:09.000+07:00,2025-09-20T06:31:26.000+07:00,
720105,72000,ตำบลไผ่ขวาง,Tambon Phai Kwang,7201,14.47,100.165,2019-08-09T03:33:09.000+07:00,2025-09-20T06:31:26.000+07:00,
720106,72000,ตำบลโคกโคเฒ่า,Tambon Khok Kho Thao,7201,14.464,100.233,2019-08-09T03:33:09.000+07:00,2025-09-20T06:31:26.000+07:00,
720107,72000,ตำบลดอนตาล,Tambon Don Tan,7201,14.49,100.208,2019-08-09T03:33:09.000+07:00,2025-09-20T06:31:26.000+07:00,
720108,72000,ตำบลดอนมะสังข์,Tambon Don Masang,7201,14.524,100.181,2019-08-09T03:33:09.000+07:00,2025-09-20T06:31:26.000+07:00,
720109,72000,ตำบลพิหารแดง,Tambon Phihan Daeng,7201,14.506,100.107,2019-08-09T03:33:09.000+07:00,2025-09-20T06:31:26.000+07:00,
720110,72000,ตำบลดอนกำยาน,Tambon Don Kamyan,7201,14.454,100.064,2019-08-09T03:33:09.000+07:00,2025-09-20T06:31:26.000+07:00,
720111,72000,ตำบลดอนโพธิ์ทอง,Tambon Don Pho Thong,7201,14.426,100.032,2019-08-09T03:33:09.000+07:00,2025-09-20T06:31:26.000+07:00,
720112,72000,ตำบลบ้านโพธิ์,Tambon Ban Pho,7201,14.524,100.071,2019-08-09T03:33:09.000+07:00,2025-09-20T06:31:26.000+07:00,
720113,72230,ตำบลสระแก้ว,Tambon Sa Kaeo,7201,14.502,100.014,2019-08-09T03:33:09.000+07:00,2025-09-20T06:31:26.000+07:00,
720114,72230,ตำบลตลิ่งชัน,Tambon Taling Chan,7201,14.559,100.029,2019-08-09T03:33:09.000+07:00,2025-09-20T06:31:26.000+07:00,
720115,72210,ตำบลบางกุ้ง,Tambon Bang Kung,7201,14.457,100.003,2019-08-09T03:33:09.000+07:00,2025-09-20T06:31:26.000+07:00,
720116,72210,ตำบลศาลาขาว,Tambon Sala Khao,7201,14.433,99.973,2019-08-09T03:33:09.000+07:00,2025-09-20T06:31:26.000+07:00,
720117,72210,ตำบลสวนแตง,Tambon Suan Taeng,7201,14.436,100.018,2019-08-09T03:33:09.000+07:00,2025-09-20T06:31:26.000+07:00,
720118,72000,ตำบลสนามชัย,Tambon Sanam Chai,7201,14.492,100.169,2019-08-09T03:33:09.000+07:00,2025-09-20T06:31:26.000+07:00,
720119,72000,ตำบลโพธิ์พระยา,Tambon Pho Phraya,7201,14.531,100.116,2019-08-09T03:33:09.000+07:00,2025-09-20T06:31:26.000+07:00,
720120,72230,ตำบลสนามคลี,Tambon Sanam Klee,7201,14.539,99.982,2019-08-09T03:33:09.000+07:00,2025-09-20T06:31:26.000+07:00,
720201,72120,ตำบลเขาพระ,Tambon Khao Phra,7202,14.853,100.095,2019-08-09T03:33:09.000+07:00,2025-09-20T06:31:26.000+07:00,
720202,72120,ตำบลเดิมบาง,Tambon Doem Bang,7202,14.893,100.109,2019-08-09T03:33:09.000+07:00,2025-09-20T06:31:26.000+07:00,
720203,72120,ตำบลนางบวช,Tambon Nang Buat,7202,14.811,100.12,2019-08-09T03:33:09.000+07:00,2025-09-20T06:31:26.000+07:00,
720204,72120,ตำบลเขาดิน,Tambon Khao Din,7202,14.803,100.189,2019-08-09T03:33:09.000+07:00,2025-09-20T06:31:26.000+07:00,
720205,72120,ตำบลปากน้ำ,Tambon Pak Nam,7202,14.931,100.087,2019-08-09T03:33:09.000+07:00,2025-09-20T06:31:26.000+07:00,
720206,72120,ตำบลทุ่งคลี,Tambon Thung Khli,7202,14.863,100.189,2019-08-09T03:33:09.000+07:00,2025-09-20T06:31:26.000+07:00,
720207,72120,ตำบลโคกช้าง,Tambon Khok Chang,7202,14.91,100.169,2019-08-09T03:33:09.000+07:00,2025-09-20T06:31:26.000+07:00,
720208,72120,ตำบลหัวเขา,Tambon Hua Khao,7202,14.869,100.038,2019-08-09T03:33:09.000+07:00,2025-09-20T06:31:26.000+07:00,
720209,72120,ตำบลหัวนา,Tambon Hua Na,7202,14.883,99.97,2019-08-09T03:33:09.000+07:00,2025-09-20T06:31:26.000+07:00,
720210,72120,ตำบลบ่อกรุ,Tambon Bo Kru,7202,14.893,99.905,2019-08-09T03:33:09.000+07:00,2025-09-20T06:31:26.000+07:00,
720211,72120,ตำบลวังศรีราช,Tambon Wang Si Rat,7202,14.85,99.988,2019-08-09T03:33:09.000+07:00,2025-09-20T06:31:26.000+07:00,
720212,72120,ตำบลป่าสะแก,Tambon Pa Sakae,7202,,,2019-08-09T03:33:09.000+07:00,2025-09-20T06:31:26.000+07:00,
720213,72120,ตำบลยางนอน,Tambon Yang Non,7202,14.857,100.132,2019-08-09T03:33:09.000+07:00,2025-09-20T06:31:26.000+07:00,
720214,72120,ตำบลหนองกระทุ่ม,Tambon Nong Krathum,7202,14.907,99.804,2019-08-09T03:33:09.000+07:00,2025-09-20T06:31:26.000+07:00,
720301,72180,ตำบลหนองมะค่าโมง,Tambon Nong Makha Mong,7203,14.882,99.737,2019-08-09T03:33:09.000+07:00,2025-09-20T06:31:26.000+07:00,
720302,72180,ตำบลด่านช้าง,Tambon Dan Chang,7203,14.744,99.527,2019-08-09T03:33:09.000+07:00,2025-09-20T06:31:26.000+07:00,
720303,72180,ตำบลห้วยขมิ้น,Tambon Huai Khamin,7203,14.922,99.534,2019-08-09T03:33:09.000+07:00,2025-09-20T06:31:26.000+07:00,
720304,72180,ตำบลองค์พระ,Tambon Ong Phra,7203,14.8,99.386,2019-08-09T03:33:09.000+07:00,2025-09-20T06:31:26.000+07:00,
720305,72180,ตำบลวังคัน,Tambon Wang Khan,7203,14.937,99.666,2019-08-09T03:33:09.000+07:00,2025-09-20T06:31:26.000+07:00,
720306,72180,ตำบลนิคมกระเสียว,Tambon Nikhom Krasiao,7203,14.844,99.548,2019-08-09T03:33:09.000+07:00,2025-09-20T06:31:26.000+07:00,
720307,72180,ตำบลวังยาว,Tambon Wang Yao,7203,14.954,99.381,2019-08-09T03:33:09.000+07:00,2025-09-20T06:31:26.000+07:00,
720401,72150,ตำบลโคกคราม,Tambon Khok Khram,7204,14.414,100.151,2019-08-09T03:33:09.000+07:00,2025-09-20T06:31:26.000+07:00,
720402,72150,ตำบลบางปลาม้า,Tambon Bang Pla Ma,7204,14.402,100.102,2019-08-09T03:33:09.000+07:00,2025-09-20T06:31:26.000+07:00,
720403,72150,ตำบลตะค่า,Tambon Takha,7204,14.348,100.171,2019-08-09T03:33:09.000+07:00,2025-09-20T06:31:26.000+07:00,
720404,72150,ตำบลบางใหญ่,Tambon Bang Yai,7204,14.3,100.102,2019-08-09T03:33:09.000+07:00,2025-09-20T06:31:26.000+07:00,
720405,72150,ตำบลกฤษณา,Tambon Kritsana,7204,14.29,100.178,2019-08-09T03:33:09.000+07:00,2025-09-20T06:31:26.000+07:00,
720406,72150,ตำบลสาลี,Tambon Sali,7204,14.286,100.221,2019-08-09T03:33:09.000+07:00,2025-09-20T06:31:26.000+07:00,
720407,72150,ตำบลไผ่กองดิน,Tambon Phai Kong Din,7204,14.34,100.264,2019-08-09T03:33:09.000+07:00,2025-09-20T06:31:26.000+07:00,
720408,72150,ตำบลองครักษ์,Tambon Ongkharak,7204,14.374,100.236,2019-08-09T03:33:09.000+07:00,2025-09-20T06:31:26.000+07:00,
720409,72150,ตำบลจรเข้ใหญ่,Tambon Chorakhe Yai,7204,14.421,100.236,2019-08-09T03:33:09.000+07:00,2025-09-20T06:31:26.000+07:00,
720410,72150,ตำบลบ้านแหลม,Tambon Ban Laem,7204,14.346,100.14,2019-08-09T03:33:09.000+07:00,2025-09-20T06:31:26.000+07:00,
720411,72150,ตำบลมะขามล้ม,Tambon Makham Lom,7204,14.37,100.043,2019-08-09T03:33:09.000+07:00,2025-09-20T06:31:26.000+07:00,
720412,72150,ตำบลวังน้ำเย็น,Tambon Wang Nam Yen,7204,14.377,100.015,2019-08-09T03:33:09.000+07:00,2025-09-20T06:31:26.000+07:00,
720413,72150,ตำบลวัดโบสถ์,Tambon Wat Bot,7204,14.33,100.037,2019-08-09T03:33:09.000+07:00,2025-09-20T06:31:26.000+07:00,
720414,72150,ตำบลวัดดาว,Tambon Wad Daw,7204,14.35,100.106,2019-08-09T03:33:09.000+07:00,2025-09-20T06:31:26.000+07:00,
720501,72140,ตำบลศรีประจันต์,Tambon Si Prachan,7205,14.609,100.179,2019-08-09T03:33:09.000+07:00,2025-09-20T06:31:26.000+07:00,
720502,72140,ตำบลบ้านกร่าง,Tambon Ban Krang,7205,14.638,100.104,2019-08-09T03:33:09.000+07:00,2025-09-20T06:31:26.000+07:00,
720503,72140,ตำบลมดแดง,Tambon Mot Daeng,7205,14.57,100.119,2019-08-09T03:33:09.000+07:00,2025-09-20T06:31:26.000+07:00,
720504,72140,ตำบลบางงาม,Tambon Bang Ngam,7205,14.601,100.097,2019-08-09T03:33:09.000+07:00,2025-09-20T06:31:26.000+07:00,
720505,72140,ตำบลดอนปรู,Tambon Don Pru,7205,14.722,100.19,2019-08-09T03:33:09.000+07:00,2025-09-20T06:31:26.000+07:00,
720506,72140,ตำบลปลายนา,Tambon Plai Na,7205,14.66,100.2,2019-08-09T03:33:09.000+07:00,2025-09-20T06:31:26.000+07:00,
720507,72140,ตำบลวังหว้า,Tambon Wang Wa,7205,14.661,100.095,2019-08-09T03:33:09.000+07:00,2025-09-20T06:31:26.000+07:00,
720508,72140,ตำบลวังน้ำซับ,Tambon Wang Nam Sap,7205,14.65,100.154,2019-08-09T03:33:09.000+07:00,2025-09-20T06:31:26.000+07:00,
720509,72140,ตำบลวังยาง,Tambon Wang Yang,7205,14.559,100.167,2019-08-09T03:33:09.000+07:00,2025-09-20T06:31:26.000+07:00,
720601,72170,ตำบลดอนเจดีย์,Tambon Don Chedi,7206,14.633,99.959,2019-08-09T03:33:09.000+07:00,2025-09-20T06:31:26.000+07:00,
720602,72170,ตำบลหนองสาหร่าย,Tambon Nong Sarai,7206,14.671,100.011,2019-08-09T03:33:09.000+07:00,2025-09-20T06:31:26.000+07:00,
720603,72170,ตำบลไร่รถ,Tambon Rai Rot,7206,14.603,99.955,2019-08-09T03:33:09.000+07:00,2025-09-20T06:31:26.000+07:00,
720604,72250,ตำบลสระกระโจม,Tambon Sa Krachom,7206,14.643,99.865,2019-08-09T03:33:09.000+07:00,2025-09-20T06:31:26.000+07:00,
720605,72250,ตำบลทะเลบก,Tambon Talae Bok,7206,14.708,99.838,2019-08-09T03:33:09.000+07:00,2025-09-20T06:31:26.000+07:00,
720701,72110,ตำบลสองพี่น้อง,Tambon Song Phi Nong,7207,14.225,100.023,2019-08-09T03:33:09.000+07:00,2025-09-20T06:31:26.000+07:00,
720702,72110,ตำบลบางเลน,Tambon Bang Len,7207,14.169,100.085,2019-08-09T03:33:09.000+07:00,2025-09-20T06:31:26.000+07:00,
720703,72110,ตำบลบางตาเถร,Tambon Bang Ta Then,7207,14.199,100.174,2019-08-09T03:33:09.000+07:00,2025-09-20T06:31:26.000+07:00,
720704,72110,ตำบลบางตะเคียน,Tambon Bang Takhian,7207,14.213,100.103,2019-08-09T03:33:09.000+07:00,2025-09-20T06:31:26.000+07:00,
720705,72110,ตำบลบ้านกุ่ม,Tambon Ban Kum,7207,14.26,100.114,2019-08-09T03:33:09.000+07:00,2025-09-20T06:31:26.000+07:00,
720706,72110,ตำบลหัวโพธิ์,Tambon Hua Pho,7207,14.302,99.981,2019-08-09T03:33:09.000+07:00,2025-09-20T06:31:26.000+07:00,
720707,72110,ตำบลบางพลับ,Tambon Bang Phlap,7207,14.252,100.046,2019-08-09T03:33:09.000+07:00,2025-09-20T06:31:26.000+07:00,
720708,72110,ตำบลเนินพระปรางค์,Tambon Noen Phra Prang,7207,14.194,100.048,2019-08-09T03:33:09.000+07:00,2025-09-20T06:31:26.000+07:00,
720709,72110,ตำบลบ้านช้าง,Tambon Ban Chang,7207,14.234,100.206,2019-08-09T03:33:09.000+07:00,2025-09-20T06:31:26.000+07:00,
720710,72110,ตำบลต้นตาล,Tambon Ton Tan,7207,14.22,100.061,2019-08-09T03:33:09.000+07:00,2025-09-20T06:31:26.000+07:00,
720711,72110,ตำบลศรีสำราญ,Tambon Si Samran,7207,14.217,99.948,2019-08-09T03:33:09.000+07:00,2025-09-20T06:31:26.000+07:00,
720712,72190,ตำบลทุ่งคอก,Tambon Thung Khok,7207,14.166,99.959,2019-08-09T03:33:09.000+07:00,2025-09-20T06:31:26.000+07:00,
720713,72110,ตำบลหนองบ่อ,Tambon Nong Bo,7207,14.204,99.86,2019-08-09T03:33:09.000+07:00,2025-09-20T06:31:26.000+07:00,
720714,72190,ตำบลบ่อสุพรรณ,Tambon Bo Suphan,7207,14.13,99.849,2019-08-09T03:33:09.000+07:00,2025-09-20T06:31:26.000+07:00,
720715,72110,ตำบลดอนมะนาว,Tambon Don Manao,7207,14.166,100.011,2019-08-09T03:33:09.000+07:00,2025-09-20T06:31:26.000+07:00,
720801,72130,ตำบลย่านยาว,Tambon Yan Yao,7208,14.71,100.112,2019-08-09T03:33:09.000+07:00,2025-09-20T06:31:26.000+07:00,
720802,72130,ตำบลวังลึก,Tambon Wang Luek,7208,14.758,100.158,2019-08-09T03:33:09.000+07:00,2025-09-20T06:31:26.000+07:00,
720803,72130,ตำบลสามชุก,Tambon Sam Chuk,7208,14.763,100.095,2019-08-09T03:33:09.000+07:00,2025-09-20T06:31:26.000+07:00,
720804,72130,ตำบลหนองผักนาก,Tambon Nong Phak Nak,7208,14.757,100.032,2019-08-09T03:33:09.000+07:00,2025-09-20T06:31:26.000+07:00,
720805,72130,ตำบลบ้านสระ,Tambon Ban Sa,7208,14.708,100.041,2019-08-09T03:33:09.000+07:00,2025-09-20T06:31:26.000+07:00,
720806,72130,ตำบลหนองสะเดา,Tambon Nong Sadao,7208,14.803,99.991,2019-08-09T03:33:09.000+07:00,2025-09-20T06:31:26.000+07:00,
720807,72130,ตำบลกระเสียว,Tambon Krasiao,7208,14.801,100.056,2019-08-09T03:33:09.000+07:00,2025-09-20T06:31:26.000+07:00,
720901,72160,ตำบลอู่ทอง,Tambon U Thong,7209,14.377,99.88,2019-08-09T03:33:09.000+07:00,2025-09-20T06:31:26.000+07:00,
720902,72220,ตำบลสระยายโสม,Tambon Sa Yai Som,7209,14.273,99.874,2019-08-09T03:33:09.000+07:00,2025-09-20T06:31:26.000+07:00,
720903,72160,ตำบลจรเข้สามพัน,Tambon Chorakhe Sam Phan,7209,14.317,99.85,2019-08-09T03:33:09.000+07:00,2025-09-20T06:31:26.000+07:00,
720904,72160,ตำบลบ้านดอน,Tambon Ban Don,7209,14.303,99.923,2019-08-09T03:33:09.000+07:00,2025-09-20T06:31:26.000+07:00,
720905,72160,ตำบลยุ้งทะลาย,Tambon Yung Thalai,7209,14.322,99.898,2019-08-09T03:33:09.000+07:00,2025-09-20T06:31:26.000+07:00,
720906,72220,ตำบลดอนมะเกลือ,Tambon Don Makluea,7209,14.263,99.95,2019-08-09T03:33:09.000+07:00,2025-09-20T06:31:26.000+07:00,
720907,72160,ตำบลหนองโอ่ง,Tambon Nong Ong,7209,14.418,99.886,2019-08-09T03:33:09.000+07:00,2025-09-20T06:31:26.000+07:00,
720908,72160,ตำบลดอนคา,Tambon Don Kha,7209,14.452,99.854,2019-08-09T03:33:09.000+07:00,2025-09-20T06:31:26.000+07:00,
720909,72160,ตำบลพลับพลาไชย,Tambon Phlapphla Chai,7209,14.517,99.887,2019-08-09T03:33:09.000+07:00,2025-09-20T06:31:26.000+07:00,
720910,72160,ตำบลบ้านโข้ง,Tambon Ban Khong,7209,14.578,99.864,2019-08-09T03:33:09.000+07:00,2025-09-20T06:31:26.000+07:00,
720911,72160,ตำบลเจดีย์,Tambon Chedi,7209,14.353,99.966,2019-08-09T03:33:09.000+07:00,2025-09-20T06:31:26.000+07:00,
720912,72220,ตำบลสระพังลาน,Tambon Sa Phang Lan,7209,14.253,99.906,2019-08-09T03:33:09.000+07:00,2025-09-20T06:31:26.000+07:00,
720913,72160,ตำบลกระจัน,Tambon Krachan,7209,14.367,99.928,2019-08-09T03:33:09.000+07:00,2025-09-20T06:31:26.000+07:00,
721001,72240,ตำบลหนองหญ้าไซ,Tambon Nong Ya Sai,7210,14.776,99.885,2019-08-09T03:33:09.000+07:00,2025-09-20T06:31:26.000+07:00,
721002,72240,ตำบลหนองราชวัตร,Tambon Nong Ratchawat,7210,14.72,99.931,2019-08-09T03:33:09.000+07:00,2025-09-20T06:31:26.000+07:00,
721003,72240,ตำบลหนองโพธิ์,Tambon Nong Pho,7210,14.831,99.919,2019-08-09T03:33:09.000+07:00,2025-09-20T06:31:26.000+07:00,
721004,72240,ตำบลแจงงาม,Tambon Chaeng Ngam,7210,14.82,99.804,2019-08-09T03:33:09.000+07:00,2025-09-20T06:31:26.000+07:00,
721005,72240,ตำบลหนองขาม,Tambon Nong Kham,7210,14.796,99.693,2019-08-09T03:33:09.000+07:00,2025-09-20T06:31:26.000+07:00,
721006,72240,ตำบลทัพหลวง,Tambon Thap Luang,7210,14.749,99.806,2019-08-09T03:33:09.000+07:00,2025-09-20T06:31:26.000+07:00,
730101,73000,ตำบลพระปฐมเจดีย์,Tambon Phra Pathom Chedi,7301,13.819,100.05,2019-08-09T03:33:09.000+07:00,2025-09-20T06:31:26.000+07:00,
730102,73000,ตำบลบางแขม,Tambon Bang Khaem,7301,13.754,100.034,2019-08-09T03:33:09.000+07:00,2025-09-20T06:31:26.000+07:00,
730103,73000,ตำบลพระประโทน,Tambon Phra Prathon,7301,13.811,100.088,2019-08-09T03:33:09.000+07:00,2025-09-20T06:31:26.000+07:00,
730104,73000,ตำบลธรรมศาลา,Tambon Thammasala,7301,13.807,100.105,2019-08-09T03:33:09.000+07:00,2025-09-20T06:31:26.000+07:00,
730105,73000,ตำบลตาก้อง,Tambon Ta Kong,7301,13.892,100.054,2019-08-09T03:33:09.000+07:00,2025-09-20T06:31:26.000+07:00,
730106,73000,ตำบลมาบแค,Tambon Map Khae,7301,13.864,100.073,2019-08-09T03:33:09.000+07:00,2025-09-20T06:31:26.000+07:00,
730107,73000,ตำบลสนามจันทร์,Tambon Sanam Chan,7301,13.804,100.041,2019-08-09T03:33:09.000+07:00,2025-09-20T06:31:26.000+07:00,
730108,73000,ตำบลดอนยายหอม,Tambon Don Yai Hom,7301,13.725,100.07,2019-08-09T03:33:09.000+07:00,2025-09-20T06:31:26.000+07:00,
730109,73000,ตำบลถนนขาด,Tambon Thanon Khat,7301,13.782,100.077,2019-08-09T03:33:09.000+07:00,2025-09-20T06:31:26.000+07:00,
730110,73000,ตำบลบ่อพลับ,Tambon Bo Phlap,7301,13.837,100.065,2019-08-09T03:33:09.000+07:00,2025-09-20T06:31:26.000+07:00,
730111,73000,ตำบลนครปฐม,Tambon Nakhon Pathom,7301,13.848,100.044,2019-08-09T03:33:09.000+07:00,2025-09-20T06:31:26.000+07:00,
730112,73000,ตำบลวังตะกู,Tambon Wang Taku,7301,13.857,100.014,2019-08-09T03:33:09.000+07:00,2025-09-20T06:31:26.000+07:00,
730113,73000,ตำบลหนองปากโลง,Tambon Nong Pak Long,7301,13.866,99.989,2019-08-09T03:33:09.000+07:00,2025-09-20T06:31:26.000+07:00,
730114,73000,ตำบลสามควายเผือก,Tambon Sam Khwai Phueak,7301,13.841,100.113,2019-08-09T03:33:09.000+07:00,2025-09-20T06:31:26.000+07:00,
730115,73000,ตำบลทุ่งน้อย,Tambon Thung Noi,7301,13.867,100.108,2019-08-09T03:33:09.000+07:00,2025-09-20T06:31:26.000+07:00,
730116,73000,ตำบลหนองดินแดง,Tambon Nong Din Daeng,7301,13.786,99.991,2019-08-09T03:33:09.000+07:00,2025-09-20T06:31:26.000+07:00,
730117,73000,ตำบลวังเย็น,Tambon Wang Yen,7301,13.766,100.008,2019-08-09T03:33:09.000+07:00,2025-09-20T06:31:26.000+07:00,
730118,73000,ตำบลโพรงมะเดื่อ,Tambon Phrong Maduea,7301,13.84,99.978,2019-08-09T03:33:09.000+07:00,2025-09-20T06:31:26.000+07:00,
730119,73000,ตำบลลำพยา,Tambon Lam Phaya,7301,13.811,100.019,2019-08-09T03:33:09.000+07:00,2025-09-20T06:31:26.000+07:00,
730120,73000,ตำบลสระกะเทียม,Tambon Sa Kathiam,7301,,,2019-08-09T03:33:09.000+07:00,2025-09-20T06:31:26.000+07:00,
730121,73000,ตำบลสวนป่าน,Tambon Suan Pan,7301,13.757,99.947,2019-08-09T03:33:09.000+07:00,2025-09-20T06:31:26.000+07:00,
730122,73000,ตำบลห้วยจรเข้,Tambon Huai Chorakhe,7301,13.804,100.067,2019-08-09T03:33:09.000+07:00,2025-09-20T06:31:26.000+07:00,
730123,73000,ตำบลทัพหลวง,Tambon Thap Luang,7301,13.878,100.021,2019-08-09T03:33:09.000+07:00,2025-09-20T06:31:26.000+07:00,
730124,73000,ตำบลหนองงูเหลือม,Tambon Nong Ngulueam,7301,13.914,99.952,2019-08-09T03:33:09.000+07:00,2025-09-20T06:31:26.000+07:00,
730125,73000,ตำบลบ้านยาง,Tambon Ban Yang,7301,13.868,99.929,2019-08-09T03:33:09.000+07:00,2025-09-20T06:31:26.000+07:00,
730201,73140,ตำบลทุ่งกระพังโหม,Tambon Thung Kraphanghom,7302,13.991,99.983,2019-08-09T03:33:09.000+07:00,2025-09-20T06:31:26.000+07:00,
730202,73180,ตำบลกระตีบ,Tambon Kratip,7302,14.111,99.964,2019-08-09T03:33:09.000+07:00,2025-09-20T06:31:26.000+07:00,
730203,73140,ตำบลทุ่งลูกนก,Tambon Thung Luk Nok,7302,14.055,99.905,2019-08-09T03:33:09.000+07:00,2025-09-20T06:31:26.000+07:00,
730204,73140,ตำบลห้วยขวาง,Tambon Huai Khwang,7302,13.923,100.015,2019-08-09T03:33:09.000+07:00,2025-09-20T06:31:26.000+07:00,
730205,73140,ตำบลทุ่งขวาง,Tambon Thung Khwang,7302,13.965,99.963,2019-08-09T03:33:09.000+07:00,2025-09-20T06:31:26.000+07:00,
730206,73140,ตำบลสระสี่มุม,Tambon Sa Si Mum,7302,14.065,100.003,2019-08-09T03:33:09.000+07:00,2025-09-20T06:31:26.000+07:00,
730207,73140,ตำบลทุ่งบัว,Tambon Thung Bua,7302,14.041,99.935,2019-08-09T03:33:09.000+07:00,2025-09-20T06:31:26.000+07:00,
730208,73140,ตำบลดอนข่อย,Tambon Don Khoi,7302,14.022,100.035,2019-08-09T03:33:09.000+07:00,2025-09-20T06:31:26.000+07:00,
730209,73180,ตำบลสระพัฒนา,Tambon Sa Phatthana,7302,14.096,100.043,2019-08-09T03:33:09.000+07:00,2025-09-20T06:31:26.000+07:00,
730210,73140,ตำบลห้วยหมอนทอง,Tambon Huai Mon Thong,7302,13.969,99.921,2019-08-09T03:33:09.000+07:00,2025-09-20T06:31:26.000+07:00,
730211,73180,ตำบลห้วยม่วง,Tambon Huai Muang,7302,14.13,100.025,2019-08-09T03:33:09.000+07:00,2025-09-20T06:31:26.000+07:00,
730212,73140,ตำบลกำแพงแสน,Tambon Kamphaeng Saen,7302,14.024,99.981,2019-08-09T03:33:09.000+07:00,2025-09-20T06:31:26.000+07:00,
730213,73140,ตำบลรางพิกุล,Tambon Rang Phikun,7302,14.003,99.917,2019-08-09T03:33:09.000+07:00,2025-09-20T06:31:26.000+07:00,
730214,73140,ตำบลหนองกระทุ่ม,Tambon Nong Krathum,7302,14.004,99.865,2019-08-09T03:33:09.000+07:00,2025-09-20T06:31:26.000+07:00,
730215,73140,ตำบลวังน้ำเขียว,Tambon Wang Nam Khiao,7302,13.99,100.027,2019-08-09T03:33:09.000+07:00,2025-09-20T06:31:26.000+07:00,
730301,73120,ตำบลนครชัยศรี,Tambon Nakhon Chai Si,7303,13.787,100.192,2019-08-09T03:33:09.000+07:00,2025-09-20T06:31:26.000+07:00,
730302,73120,ตำบลบางกระเบา,Tambon Bang Krabao,7303,13.793,100.183,2019-08-09T03:33:09.000+07:00,2025-09-20T06:31:26.000+07:00,
730303,73120,ตำบลวัดแค,Tambon Wat Khae,7303,13.814,100.175,2019-08-09T03:33:09.000+07:00,2025-09-20T06:31:26.000+07:00,
730304,73120,ตำบลท่าตำหนัก,Tambon Tha Tamnak,7303,13.766,100.18,2019-08-09T03:33:09.000+07:00,2025-09-20T06:31:26.000+07:00,
730305,73120,ตำบลบางแก้ว,Tambon Bang Kaeo,7303,13.775,100.168,2019-08-09T03:33:09.000+07:00,2025-09-20T06:31:26.000+07:00,
730306,73120,ตำบลท่ากระชับ,Tambon Tha Krachap,7303,13.76,100.155,2019-08-09T03:33:09.000+07:00,2025-09-20T06:31:26.000+07:00,
730307,73120,ตำบลขุนแก้ว,Tambon Khun Kaeo,7303,13.774,100.209,2019-08-09T03:33:09.000+07:00,2025-09-20T06:31:26.000+07:00,
730308,73120,ตำบลท่าพระยา,Tambon Tha Phraya,7303,13.785,100.144,2019-08-09T03:33:09.000+07:00,2025-09-20T06:31:26.000+07:00,
730309,73120,ตำบลพะเนียด,Tambon Phaniat,7303,13.795,100.123,2019-08-09T03:33:09.000+07:00,2025-09-20T06:31:26.000+07:00,
730310,73120,ตำบลบางระกำ,Tambon Bang Rakam,7303,13.756,100.134,2019-08-09T03:33:09.000+07:00,2025-09-20T06:31:26.000+07:00,
730311,73120,ตำบลโคกพระเจดีย์,Tambon Khok Phra Chedi,7303,13.726,100.126,2019-08-09T03:33:09.000+07:00,2025-09-20T06:31:26.000+07:00,
730312,73120,ตำบลศรีษะทอง,Tambon Sisa Thong,7303,,,2019-08-09T03:33:09.000+07:00,2025-09-20T06:31:26.000+07:00,
730313,73120,ตำบลแหลมบัว,Tambon Laem Bua,7303,13.857,100.147,2019-08-09T03:33:09.000+07:00,2025-09-20T06:31:26.000+07:00,
730314,73120,ตำบลศรีมหาโพธิ์,Tambon Si Maha Pho,7303,13.889,100.155,2019-08-09T03:33:09.000+07:00,2025-09-20T06:31:26.000+07:00,
730315,73120,ตำบลสัมปทวน,Tambon Sampathuan,7303,13.83,100.195,2019-08-09T03:33:09.000+07:00,2025-09-20T06:31:26.000+07:00,
730316,73120,ตำบลวัดสำโรง,Tambon Wat Samrong,7303,13.827,100.218,2019-08-09T03:33:09.000+07:00,2025-09-20T06:31:26.000+07:00,
730317,73120,ตำบลดอนแฝก,Tambon Don Faek,7303,13.859,100.244,2019-08-09T03:33:09.000+07:00,2025-09-20T06:31:26.000+07:00,
730318,73120,ตำบลห้วยพลู,Tambon Huai Phlu,7303,13.878,100.233,2019-08-09T03:33:09.000+07:00,2025-09-20T06:31:26.000+07:00,
730319,73120,ตำบลวัดละมุด,Tambon Wat Lamut,7303,13.886,100.182,2019-08-09T03:33:09.000+07:00,2025-09-20T06:31:26.000+07:00,
730320,73120,ตำบลบางพระ,Tambon Bang Phra,7303,13.891,100.206,2019-08-09T03:33:09.000+07:00,2025-09-20T06:31:26.000+07:00,
730321,73120,ตำบลบางแก้วฟ้า,Tambon Bang Kaeo Fa,7303,13.896,100.247,2019-08-09T03:33:09.000+07:00,2025-09-20T06:31:26.000+07:00,
730322,73120,ตำบลลานตากฟ้า,Tambon Lan Tak Fa,7303,13.828,100.233,2019-08-09T03:33:09.000+07:00,2025-09-20T06:31:26.000+07:00,
730323,73120,ตำบลงิ้วราย,Tambon Ngio Rai,7303,13.807,100.212,2019-08-09T03:33:09.000+07:00,2025-09-20T06:31:26.000+07:00,
730324,73120,ตำบลไทยาวาส,Tambon Thaiyawat,7303,13.793,100.215,2019-08-09T03:33:09.000+07:00,2025-09-20T06:31:26.000+07:00,
730401,73150,ตำบลสามง่าม,Tambon Sam Ngam,7304,13.978,100.083,2019-08-09T03:33:09.000+07:00,2025-09-20T06:31:26.000+07:00,
730402,73150,ตำบลห้วยพระ,Tambon Huai Phra,7304,13.93,100.084,2019-08-09T03:33:09.000+07:00,2025-09-20T06:31:26.000+07:00,
730403,73150,ตำบลลำเหย,Tambon Lam Hoei,7304,13.957,100.044,2019-08-09T03:33:09.000+07:00,2025-09-20T06:31:26.000+07:00,
730404,73150,ตำบลดอนพุทรา,Tambon Don Phutsa,7304,13.936,100.124,2019-08-09T03:33:09.000+07:00,2025-09-20T06:31:26.000+07:00,
730405,73150,ตำบลบ้านหลวง,Tambon Ban Luang,7304,13.911,100.15,2019-08-09T03:33:09.000+07:00,2025-09-20T06:31:26.000+07:00,
730406,73150,ตำบลดอนรวก,Tambon Don Ruak,7304,13.89,100.117,2019-08-09T03:33:09.000+07:00,2025-09-20T06:31:26.000+07:00,
730407,73150,ตำบลห้วยด้วน,Tambon Huai Duan,7304,13.902,100.1,2019-08-09T03:33:09.000+07:00,2025-09-20T06:31:26.000+07:00,
730408,73150,ตำบลลำลูกบัว,Tambon Lam Luk Bua,7304,14.024,100.074,2019-08-09T03:33:09.000+07:00,2025-09-20T06:31:26.000+07:00,
730501,73130,ตำบลบางเลน,Tambon Bang Len,7305,14.014,100.151,2019-08-09T03:33:09.000+07:00,2025-09-20T06:31:26.000+07:00,
730502,73130,ตำบลบางปลา,Tambon Bang Pla,7305,13.97,100.158,2019-08-09T03:33:09.000+07:00,2025-09-20T06:31:26.000+07:00,
730503,73190,ตำบลบางหลวง,Tambon Bang Luang,7305,14.108,100.093,2019-08-09T03:33:09.000+07:00,2025-09-20T06:31:26.000+07:00,
730504,73130,ตำบลบางภาษี,Tambon Bang Phasi,7305,14.038,100.243,2019-08-09T03:33:09.000+07:00,2025-09-20T06:31:26.000+07:00,
730505,73130,ตำบลบางระกำ,Tambon Bang Rakam,7305,13.914,100.254,2019-08-09T03:33:09.000+07:00,2025-09-20T06:31:26.000+07:00,
730506,73130,ตำบลบางไทรป่า,Tambon Bang Sai Pa,7305,14.047,100.15,2019-08-09T03:33:09.000+07:00,2025-09-20T06:31:26.000+07:00,
730507,73190,ตำบลหินมูล,Tambon Hin Mun,7305,14.104,100.147,2019-08-09T03:33:09.000+07:00,2025-09-20T06:31:26.000+07:00,
730508,73130,ตำบลไทรงาม,Tambon Sai Ngam,7305,14.093,100.177,2019-08-09T03:33:09.000+07:00,2025-09-20T06:31:26.000+07:00,
730509,73130,ตำบลดอนตูม,Tambon Don Tum,7305,13.999,100.123,2019-08-09T03:33:09.000+07:00,2025-09-20T06:31:26.000+07:00,
730510,73130,ตำบลนิลเพชร,Tambon Ninlaphet,7305,14.121,100.235,2019-08-09T03:33:09.000+07:00,2025-09-20T06:31:26.000+07:00,
730511,73130,ตำบลบัวปากท่า,Tambon Bua Pak Tha,7305,14.159,100.228,2019-08-09T03:33:09.000+07:00,2025-09-20T06:31:26.000+07:00,
730512,73130,ตำบลคลองนกกระทุง,Tambon Khlong Nok Krathung,7305,13.991,100.222,2019-08-09T03:33:09.000+07:00,2025-09-20T06:31:26.000+07:00,
730513,73130,ตำบลนราภิรมย์,Tambon Naraphirom,7305,13.953,100.262,2019-08-09T03:33:09.000+07:00,2025-09-20T06:31:26.000+07:00,
730514,73130,ตำบลลำพญา,Tambon Lam Phaya,7305,13.954,100.199,2019-08-09T03:33:09.000+07:00,2025-09-20T06:31:26.000+07:00,
730515,73130,ตำบลไผ่หูช้าง,Tambon Phai Hu Chang,7305,14.064,100.116,2019-08-09T03:33:09.000+07:00,2025-09-20T06:31:26.000+07:00,
730601,73110,ตำบลท่าข้าม,Tambon Tha Kham,7306,13.714,100.247,2019-08-09T03:33:09.000+07:00,2025-09-20T06:31:26.000+07:00,
730602,73210,ตำบลทรงคนอง,Tambon Song Khanong,7306,13.78,100.262,2019-08-09T03:33:09.000+07:00,2025-09-20T06:31:26.000+07:00,
730603,73110,ตำบลหอมเกร็ด,Tambon Hom Kret,7306,13.779,100.24,2019-08-09T03:33:09.000+07:00,2025-09-20T06:31:26.000+07:00,
730604,73210,ตำบลบางกระทึก,Tambon Bang Krathuek,7306,13.772,100.305,2019-08-09T03:33:09.000+07:00,2025-09-20T06:31:26.000+07:00,
730605,73210,ตำบลบางเตย,Tambon Bang Toei,7306,13.787,100.289,2019-08-09T03:33:09.000+07:00,2025-09-20T06:31:26.000+07:00,
730606,73110,ตำบลสามพราน,Tambon Sam Phran,7306,13.716,100.219,2019-08-09T03:33:09.000+07:00,2025-09-20T06:31:26.000+07:00,
730607,73110,ตำบลบางช้าง,Tambon Bang Chang,7306,13.702,100.2,2019-08-09T03:33:09.000+07:00,2025-09-20T06:31:26.000+07:00,
730608,73210,ตำบลไร่ขิง,Tambon Rai Khing,7306,13.737,100.283,2019-08-09T03:33:09.000+07:00,2025-09-20T06:31:26.000+07:00,
730609,73110,ตำบลท่าตลาด,Tambon Tha Talat,7306,13.751,100.234,2019-08-09T03:33:09.000+07:00,2025-09-20T06:31:26.000+07:00,
730610,73220,ตำบลกระทุ่มล้ม,Tambon Krathum Lom,7306,13.737,100.322,2019-08-09T03:33:09.000+07:00,2025-09-20T06:31:26.000+07:00,
730611,73110,ตำบลคลองใหม่,Tambon Khlong Mai,7306,13.734,100.174,2019-08-09T03:33:09.000+07:00,2025-09-20T06:31:26.000+07:00,
730612,73110,ตำบลตลาดจินดา,Tambon Talat Chinda,7306,13.698,100.15,2019-08-09T03:33:09.000+07:00,2025-09-20T06:31:26.000+07:00,
730613,73110,ตำบลคลองจินดา,Tambon Khlong Chinda,7306,13.677,100.092,2019-08-09T03:33:09.000+07:00,2025-09-20T06:31:26.000+07:00,
730614,73110,ตำบลยายชา,Tambon Yai Cha,7306,13.733,100.235,2019-08-09T03:33:09.000+07:00,2025-09-20T06:31:26.000+07:00,
730615,73110,ตำบลบ้านใหม่,Tambon Ban Mai,7306,13.69,100.242,2019-08-09T03:33:09.000+07:00,2025-09-20T06:31:26.000+07:00,
730616,73160,ตำบลอ้อมใหญ่,Tambon Om Yai,7306,13.7,100.268,2019-08-09T03:33:09.000+07:00,2025-09-20T06:31:26.000+07:00,
730701,73170,ตำบลศาลายา,Tambon Sala Ya,7307,13.813,100.305,2019-08-09T03:33:09.000+07:00,2025-09-20T06:31:26.000+07:00,
730702,73170,ตำบลคลองโยง,Tambon Khlong Yong,7307,13.862,100.281,2019-08-09T03:33:09.000+07:00,2025-09-20T06:31:26.000+07:00,
730703,73170,ตำบลมหาสวัสดิ์,Tambon Maha Sawat,7307,13.815,100.262,2019-08-09T03:33:09.000+07:00,2025-09-20T06:31:26.000+07:00,
740101,74000,ตำบลมหาชัย,Tambon Maha Chai,7401,13.552,100.28,2019-08-09T03:33:09.000+07:00,2025-09-20T06:31:26.000+07:00,
740102,74000,ตำบลท่าฉลอม,Tambon Tha Chalom,7401,13.538,100.269,2019-08-09T03:33:09.000+07:00,2025-09-20T06:31:26.000+07:00,
740103,74000,ตำบลโกรกกราก,Tambon Krok Krak,7401,13.533,100.276,2019-08-09T03:33:09.000+07:00,2025-09-20T06:31:26.000+07:00,
740104,74000,ตำบลบ้านบ่อ,Tambon Ban Bo,7401,13.487,100.192,2019-08-09T03:33:09.000+07:00,2025-09-20T06:31:26.000+07:00,
740105,74000,ตำบลบางโทรัด,Tambon Bang Tho Rat,7401,13.492,100.158,2019-08-09T03:33:09.000+07:00,2025-09-20T06:31:26.000+07:00,
740106,74000,ตำบลกาหลง,Tambon Ka Long,7401,13.483,100.13,2019-08-09T03:33:09.000+07:00,2025-09-20T06:31:26.000+07:00,
740107,74000,ตำบลนาโคก,Tambon Na Khok,7401,13.464,100.096,2019-08-09T03:33:09.000+07:00,2025-09-20T06:31:26.000+07:00,
740108,74000,ตำบลท่าจีน,Tambon Tha Chin,7401,13.539,100.252,2019-08-09T03:33:09.000+07:00,2025-09-20T06:31:26.000+07:00,
740109,74000,ตำบลนาดี,Tambon Na Di,7401,13.595,100.295,2019-08-09T03:33:09.000+07:00,2025-09-20T06:31:26.000+07:00,
740110,74000,ตำบลท่าทราย,Tambon Tha Sai,7401,13.571,100.266,2019-08-09T03:33:09.000+07:00,2025-09-20T06:31:26.000+07:00,
740111,74000,ตำบลคอกกระบือ,Tambon Khok Krabue,7401,13.599,100.333,2019-08-09T03:33:09.000+07:00,2025-09-20T06:31:26.000+07:00,
740112,74000,ตำบลบางน้ำจืด,Tambon Bang Nam Chuet,7401,13.614,100.363,2019-08-09T03:33:09.000+07:00,2025-09-20T06:31:26.000+07:00,
740113,74000,ตำบลพันท้ายนรสิงห์,Tambon Phan Thai Norasing,7401,13.539,100.377,2019-08-09T03:33:09.000+07:00,2025-09-20T06:31:26.000+07:00,
740114,74000,ตำบลโคกขาม,Tambon Khok Kham,7401,13.531,100.326,2019-08-09T03:33:09.000+07:00,2025-09-20T06:31:26.000+07:00,
740115,74000,ตำบลบ้านเกาะ,Tambon Ban Ko,7401,13.591,100.247,2019-08-09T03:33:09.000+07:00,2025-09-20T06:31:26.000+07:00,
740116,74000,ตำบลบางกระเจ้า,Tambon Bang Krachao,7401,13.512,100.215,2019-08-09T03:33:09.000+07:00,2025-09-20T06:31:26.000+07:00,
740117,74000,ตำบลบางหญ้าแพรก,Tambon Bang Ya Phraek,7401,13.501,100.25,2019-08-09T03:33:09.000+07:00,2025-09-20T06:31:26.000+07:00,
740118,74000,ตำบลชัยมงคล,Tambon Chai Mongkon,7401,13.54,100.185,2019-08-09T03:33:09.000+07:00,2025-09-20T06:31:26.000+07:00,
740201,74110,ตำบลตลาดกระทุ่มแบน,Tambon Talat Krathum Baen,7402,13.654,100.25,2019-08-09T03:33:09.000+07:00,2025-09-20T06:31:26.000+07:00,
740202,74130,ตำบลอ้อมน้อย,Tambon Om Noi,7402,13.702,100.308,2019-08-09T03:33:09.000+07:00,2025-09-20T06:31:26.000+07:00,
740203,74110,ตำบลท่าไม้,Tambon Tha Mai,7402,13.671,100.261,2019-08-09T03:33:09.000+07:00,2025-09-20T06:31:26.000+07:00,
740204,74110,ตำบลสวนหลวง,Tambon Suan Luang,7402,13.671,100.323,2019-08-09T03:33:09.000+07:00,2025-09-20T06:31:26.000+07:00,
740205,74110,ตำบลบางยาง,Tambon Bang Yang,7402,13.652,100.226,2019-08-09T03:33:09.000+07:00,2025-09-20T06:31:26.000+07:00,
740206,74110,ตำบลคลองมะเดื่อ,Tambon Khlong Maduea,7402,13.637,100.292,2019-08-09T03:33:09.000+07:00,2025-09-20T06:31:26.000+07:00,
740207,74110,ตำบลหนองนกไข่,Tambon Nong Nok Khai,7402,13.668,100.192,2019-08-09T03:33:09.000+07:00,2025-09-20T06:31:26.000+07:00,
740208,74110,ตำบลดอนไก่ดี,Tambon Don Kai Di,7402,13.633,100.266,2019-08-09T03:33:09.000+07:00,2025-09-20T06:31:26.000+07:00,
740209,74110,ตำบลแคราย,Tambon Khae Rai,7402,13.643,100.324,2019-08-09T03:33:09.000+07:00,2025-09-20T06:31:26.000+07:00,
740210,74110,ตำบลท่าเสา,Tambon Tha Sao,7402,13.623,100.24,2019-08-09T03:33:09.000+07:00,2025-09-20T06:31:26.000+07:00,
740301,74120,ตำบลบ้านแพ้ว,Tambon Ban Phaeo,7403,13.618,100.104,2019-08-09T03:33:09.000+07:00,2025-09-20T06:31:26.000+07:00,
740302,74120,ตำบลหลักสาม,Tambon Lak Sam,7403,13.571,100.139,2019-08-09T03:33:09.000+07:00,2025-09-20T06:31:26.000+07:00,
740303,74120,ตำบลยกกระบัตร,Tambon Yokkrabat,7403,13.559,100.082,2019-08-09T03:33:09.000+07:00,2025-09-20T06:31:26.000+07:00,
740304,74120,ตำบลโรงเข้,Tambon Rong Khe,7403,13.521,100.069,2019-08-09T03:33:09.000+07:00,2025-09-20T06:31:26.000+07:00,
740305,74120,ตำบลหนองสองห้อง,Tambon Nong Song Hong,7403,13.581,100.065,2019-08-09T03:33:09.000+07:00,2025-09-20T06:31:26.000+07:00,
740306,74120,ตำบลหนองบัว,Tambon Nong Bua,7403,13.598,100.075,2019-08-09T03:33:09.000+07:00,2025-09-20T06:31:26.000+07:00,
740307,74120,ตำบลหลักสอง,Tambon Lak Song,7403,13.614,100.134,2019-08-09T03:33:09.000+07:00,2025-09-20T06:31:26.000+07:00,
740308,74120,ตำบลเจ็ดริ้ว,Tambon Chet Rio,7403,13.639,100.141,2019-08-09T03:33:09.000+07:00,2025-09-20T06:31:26.000+07:00,
740309,74120,ตำบลคลองตัน,Tambon Khlong Tan,7403,13.641,100.171,2019-08-09T03:33:09.000+07:00,2025-09-20T06:31:26.000+07:00,
740310,74120,ตำบลอำแพง,Tambon Amphaeng,7403,13.6,100.189,2019-08-09T03:33:09.000+07:00,2025-09-20T06:31:26.000+07:00,
740311,74120,ตำบลสวนส้ม,Tambon Suan Som,7403,13.624,100.186,2019-08-09T03:33:09.000+07:00,2025-09-20T06:31:26.000+07:00,
740312,74120,ตำบลเกษตรพัฒนา,Tambon Kaset Phatthana,7403,13.666,100.153,2019-08-09T03:33:09.000+07:00,2025-09-20T06:31:26.000+07:00,
750101,75000,ตำบลแม่กลอง,Tambon Mae Klong,7501,13.4,99.994,2019-08-09T03:33:09.000+07:00,2025-09-20T06:31:26.000+07:00,
750102,75000,ตำบลบางขันแตก,Tambon Bang Khan Taek,7501,13.384,99.955,2019-08-09T03:33:09.000+07:00,2025-09-20T06:31:26.000+07:00,
750103,75000,ตำบลลาดใหญ่,Tambon Lat Yai,7501,13.451,100.037,2019-08-09T03:33:09.000+07:00,2025-09-20T06:31:26.000+07:00,
750104,75000,ตำบลบ้านปรก,Tambon Ban Prok,7501,13.43,99.992,2019-08-09T03:33:09.000+07:00,2025-09-20T06:31:26.000+07:00,
750105,75000,ตำบลบางแก้ว,Tambon Bang Kaeo,7501,13.431,100.06,2019-08-09T03:33:09.000+07:00,2025-09-20T06:31:26.000+07:00,
750106,75000,ตำบลท้ายหาด,Tambon Thai Hat,7501,13.399,99.976,2019-08-09T03:33:09.000+07:00,2025-09-20T06:31:26.000+07:00,
750107,75000,ตำบลแหลมใหญ่,Tambon Laem Yai,7501,13.354,99.99,2019-08-09T03:33:09.000+07:00,2025-09-20T06:31:26.000+07:00,
750108,75000,ตำบลคลองเขิน,Tambon Khlong Khoen,7501,13.445,99.988,2019-08-09T03:33:09.000+07:00,2025-09-20T06:31:26.000+07:00,
750109,75000,ตำบลคลองโคน,Tambon Khlong Khon,7501,13.329,99.95,2019-08-09T03:33:09.000+07:00,2025-09-20T06:31:26.000+07:00,
750110,75000,ตำบลนางตะเคียน,Tambon Nang Takhian,7501,13.48,100.027,2019-08-09T03:33:09.000+07:00,2025-09-20T06:31:26.000+07:00,
750111,75000,ตำบลบางจะเกร็ง,Tambon Bang Chakreng,7501,13.376,100.01,2019-08-09T03:33:09.000+07:00,2025-09-20T06:31:26.000+07:00,
750201,75120,ตำบลกระดังงา,Tambon Kradangnga,7502,13.472,99.951,2019-08-09T03:33:09.000+07:00,2025-09-20T06:31:26.000+07:00,
750202,75120,ตำบลบางสะแก,Tambon Bang Sakae,7502,13.45,99.928,2019-08-09T03:33:09.000+07:00,2025-09-20T06:31:26.000+07:00,
750203,75120,ตำบลบางยี่รงค์,Tambon Bang Yi Rong,7502,13.481,99.912,2019-08-09T03:33:09.000+07:00,2025-09-20T06:31:26.000+07:00,
750204,75120,ตำบลโรงหีบ,Tambon Rong Hip,7502,13.47,99.931,2019-08-09T03:33:09.000+07:00,2025-09-20T06:31:26.000+07:00,
750205,75120,ตำบลบางคนที,Tambon Bang Khonthi,7502,13.493,99.945,2019-08-09T03:33:09.000+07:00,2025-09-20T06:31:26.000+07:00,
750206,75120,ตำบลดอนมะโนรา,Tambon Don Manora,7502,13.499,100.018,2019-08-09T03:33:09.000+07:00,2025-09-20T06:31:26.000+07:00,
750207,75120,ตำบลบางพรม,Tambon Bang Phrom,7502,13.452,99.955,2019-08-09T03:33:09.000+07:00,2025-09-20T06:31:26.000+07:00,
750208,75120,ตำบลบางกุ้ง,Tambon Bang Kung,7502,13.459,99.931,2019-08-09T03:33:09.000+07:00,2025-09-20T06:31:26.000+07:00,
750209,75120,ตำบลจอมปลวก,Tambon Chom Pluak,7502,13.483,99.976,2019-08-09T03:33:09.000+07:00,2025-09-20T06:31:26.000+07:00,
750210,75120,ตำบลบางนกแขวก,Tambon Bang Nok Khwaek,7502,13.504,99.923,2019-08-09T03:33:09.000+07:00,2025-09-20T06:31:26.000+07:00,
750211,75120,ตำบลยายแพง,Tambon Yai Phaeng,7502,13.487,99.958,2019-08-09T03:33:09.000+07:00,2025-09-20T06:31:26.000+07:00,
750212,75120,ตำบลบางกระบือ,Tambon Bang Krabue,7502,13.463,99.968,2019-08-09T03:33:09.000+07:00,2025-09-20T06:31:26.000+07:00,
750213,75120,ตำบลบ้านปราโมทย์,Tambon Ban Pramot,7502,13.46,99.898,2019-08-09T03:33:09.000+07:00,2025-09-20T06:31:26.000+07:00,
750301,75110,ตำบลอัมพวา,Tambon Amphawa,7503,13.427,99.954,2019-08-09T03:33:09.000+07:00,2025-09-20T06:31:26.000+07:00,
750302,75110,ตำบลสวนหลวง,Tambon Suan Luang,7503,13.414,99.953,2019-08-09T03:33:09.000+07:00,2025-09-20T06:31:26.000+07:00,
750303,75110,ตำบลท่าคา,Tambon Tha Kha,7503,13.466,99.993,2019-08-09T03:33:09.000+07:00,2025-09-20T06:31:26.000+07:00,
750304,75110,ตำบลวัดประดู่,Tambon Wat Pradu,7503,13.38,99.875,2019-08-09T03:33:09.000+07:00,2025-09-20T06:31:26.000+07:00,
750305,75110,ตำบลเหมืองใหม่,Tambon Mueang Mai,7503,13.433,99.91,2019-08-09T03:33:09.000+07:00,2025-09-20T06:31:26.000+07:00,
750306,75110,ตำบลบางช้าง,Tambon Bang Chang,7503,13.437,99.953,2019-08-09T03:33:09.000+07:00,2025-09-20T06:31:26.000+07:00,
750307,75110,ตำบลแควอ้อม,Tambon Khwae Om,7503,13.436,99.937,2019-08-09T03:33:09.000+07:00,2025-09-20T06:31:26.000+07:00,
750308,75110,ตำบลปลายโพงพาง,Tambon Plai Phongphang,7503,13.385,99.923,2019-08-09T03:33:09.000+07:00,2025-09-20T06:31:26.000+07:00,
750309,75110,ตำบลบางแค,Tambon Bang Khae,7503,13.407,99.923,2019-08-09T03:33:09.000+07:00,2025-09-20T06:31:26.000+07:00,
750310,75110,ตำบลแพรกหนามแดง,Tambon Phraek Nam Daeng,7503,13.343,99.882,2019-08-09T03:33:09.000+07:00,2025-09-20T06:31:26.000+07:00,
750311,75110,ตำบลยี่สาร,Tambon Yi San,7503,13.297,99.895,2019-08-09T03:33:09.000+07:00,2025-09-20T06:31:26.000+07:00,
750312,75110,ตำบลบางนางลี่,Tambon Bang Nang Lee,7503,13.414,99.917,2019-08-09T03:33:09.000+07:00,2025-09-20T06:31:26.000+07:00,
760101,76000,ตำบลท่าราบ,Tambon Tha Rap,7601,13.097,99.949,2019-08-09T03:33:09.000+07:00,2025-09-20T06:31:26.000+07:00,
760102,76000,ตำบลคลองกระแชง,Tambon Khlong Krachaeng,7601,,,2019-08-09T03:33:09.000+07:00,2025-09-20T06:31:26.000+07:00,
760103,76000,ตำบลบางจาน,Tambon Bang Chan,7601,13.13,100.015,2019-08-09T03:33:09.000+07:00,2025-09-20T06:31:26.000+07:00,
760104,76000,ตำบลนาพันสาม,Tambon Na Phan Sam,7601,13.054,100.03,2019-08-09T03:33:09.000+07:00,2025-09-20T06:31:26.000+07:00,
760105,76000,ตำบลธงชัย,Tambon Thong Chai,7601,13.151,99.918,2019-08-09T03:33:09.000+07:00,2025-09-20T06:31:26.000+07:00,
760106,76000,ตำบลบ้านกุ่ม,Tambon Ban Kum,7601,13.156,99.941,2019-08-09T03:33:09.000+07:00,2025-09-20T06:31:26.000+07:00,
760107,76000,ตำบลหนองโสน,Tambon Nong Sano,7601,13.134,99.973,2019-08-09T03:33:09.000+07:00,2025-09-20T06:31:26.000+07:00,
760108,76000,ตำบลไร่ส้ม,Tambon Rai Som,7601,13.112,99.916,2019-08-09T03:33:09.000+07:00,2025-09-20T06:31:26.000+07:00,
760109,76000,ตำบลเวียงคอย,Tambon Wiang Khoi,7601,13.121,99.9,2019-08-09T03:33:09.000+07:00,2025-09-20T06:31:26.000+07:00,
760110,76000,ตำบลบางจาก,Tambon Bang Chak,7601,13.158,99.891,2019-08-09T03:33:09.000+07:00,2025-09-20T06:31:26.000+07:00,
760111,76000,ตำบลบ้านหม้อ,Tambon Ban Mo,7601,13.092,99.932,2019-08-09T03:33:09.000+07:00,2025-09-20T06:31:26.000+07:00,
760112,76000,ตำบลต้นมะม่วง,Tambon Ton Mamuang,7601,13.079,99.958,2019-08-09T03:33:09.000+07:00,2025-09-20T06:31:26.000+07:00,
760113,76000,ตำบลช่องสะแก,Tambon Chong Sakae,7601,13.105,99.997,2019-08-09T03:33:09.000+07:00,2025-09-20T06:31:26.000+07:00,
760114,76000,ตำบลนาวุ้ง,Tambon Na Wung,7601,13.088,99.977,2019-08-09T03:33:09.000+07:00,2025-09-20T06:31:26.000+07:00,
760115,76000,ตำบลสำมะโรง,Tambon Sam Marong,7601,13.07,99.992,2019-08-09T03:33:09.000+07:00,2025-09-20T06:31:26.000+07:00,
760116,76000,ตำบลโพพระ,Tambon Pho Phra,7601,13.082,100.039,2019-08-09T03:33:09.000+07:00,2025-09-20T06:31:26.000+07:00,
760117,76100,ตำบลหาดเจ้าสำราญ,Tambon Hat Chao Samran,7601,13.007,100.044,2019-08-09T03:33:09.000+07:00,2025-09-20T06:31:26.000+07:00,
760118,76000,ตำบลหัวสะพาน,Tambon Hua Saphan,7601,13.117,99.866,2019-08-09T03:33:09.000+07:00,2025-09-20T06:31:26.000+07:00,
760119,76000,ตำบลต้นมะพร้าว,Tambon Ton Maphrao,7601,13.146,99.86,2019-08-09T03:33:09.000+07:00,2025-09-20T06:31:26.000+07:00,
760120,76000,ตำบลวังตะโก,Tambon Wang Tako,7601,13.134,99.893,2019-08-09T03:33:09.000+07:00,2025-09-20T06:31:26.000+07:00,
760121,76000,ตำบลโพไร่หวาน,Tambon Pho Rai Wan,7601,13.053,99.974,2019-08-09T03:33:09.000+07:00,2025-09-20T06:31:26.000+07:00,
760122,76000,ตำบลดอนยาง,Tambon Don Yang,7601,13.015,99.976,2019-08-09T03:33:09.000+07:00,2025-09-20T06:31:26.000+07:00,
760123,76000,ตำบลหนองขนาน,Tambon Nong Khanan,7601,12.995,100.013,2019-08-09T03:33:09.000+07:00,2025-09-20T06:31:26.000+07:00,
760124,76000,ตำบลหนองพลับ,Tambon Nong Phlap,7601,13.048,100.0,2019-08-09T03:33:09.000+07:00,2025-09-20T06:31:26.000+07:00,
760201,76140,ตำบลเขาย้อย,Tambon Khao Yoi,7602,13.233,99.819,2019-08-09T03:33:09.000+07:00,2025-09-20T06:31:26.000+07:00,
760202,76140,ตำบลสระพัง,Tambon Sa Phang,7602,13.257,99.811,2019-08-09T03:33:09.000+07:00,2025-09-20T06:31:26.000+07:00,
760203,76140,ตำบลบางเค็ม,Tambon Bang Khem,7602,13.284,99.838,2019-08-09T03:33:09.000+07:00,2025-09-20T06:31:26.000+07:00,
760204,76140,ตำบลทับคาง,Tambon Thap Khang,7602,13.204,99.833,2019-08-09T03:33:09.000+07:00,2025-09-20T06:31:26.000+07:00,
760205,76140,ตำบลหนองปลาไหล,Tambon Nong Pla Lai,7602,13.194,99.877,2019-08-09T03:33:09.000+07:00,2025-09-20T06:31:26.000+07:00,
760206,76140,ตำบลหนองปรง,Tambon Nong Prong,7602,13.168,99.801,2019-08-09T03:33:09.000+07:00,2025-09-20T06:31:26.000+07:00,
760207,76140,ตำบลหนองชุมพล,Tambon Nong Chumphon,7602,13.295,99.797,2019-08-09T03:33:09.000+07:00,2025-09-20T06:31:26.000+07:00,
760208,76140,ตำบลห้วยโรง,Tambon Huai Rong,7602,13.316,99.841,2019-08-09T03:33:09.000+07:00,2025-09-20T06:31:26.000+07:00,
760209,76140,ตำบลห้วยท่าช้าง,Tambon Huai Tha Chang,7602,13.136,99.8,2019-08-09T03:33:09.000+07:00,2025-09-20T06:31:26.000+07:00,
760210,76140,ตำบลหนองชุมพลเหนือ,Tambon Nong Chumphon Nuea,7602,13.301,99.724,2019-08-09T03:33:09.000+07:00,2025-09-20T06:31:26.000+07:00,
760301,76160,ตำบลหนองหญ้าปล้อง,Tambon Nong Ya Plong,7603,13.201,99.709,2019-08-09T03:33:09.000+07:00,2025-09-20T06:31:26.000+07:00,
760302,76160,ตำบลยางน้ำกลัดเหนือ,Tambon Yang Nam Klat Nuea,7603,13.158,99.39,2019-08-09T03:33:09.000+07:00,2025-09-20T06:31:26.000+07:00,
760303,76160,ตำบลยางน้ำกลัดใต้,Tambon Yang Nam Klat Tai,7603,13.07,99.505,2019-08-09T03:33:09.000+07:00,2025-09-20T06:31:26.000+07:00,
760304,76160,ตำบลท่าตะคร้อ,Tambon Tha Takror,7603,13.099,99.749,2019-08-09T03:33:09.000+07:00,2025-09-20T06:31:26.000+07:00,
760401,76120,ตำบลชะอำ,Tambon Cha-am,7604,12.719,99.939,2019-08-09T03:33:09.000+07:00,2025-09-20T06:31:26.000+07:00,
760402,76120,ตำบลบางเก่า,Tambon Bang Kao,7604,12.856,99.985,2019-08-09T03:33:09.000+07:00,2025-09-20T06:31:26.000+07:00,
760403,76120,ตำบลนายาง,Tambon Na Yang,7604,12.887,99.945,2019-08-09T03:33:09.000+07:00,2025-09-20T06:31:26.000+07:00,
760404,76120,ตำบลเขาใหญ่,Tambon Khao Yai,7604,12.793,99.894,2019-08-09T03:33:09.000+07:00,2025-09-20T06:31:26.000+07:00,
760405,76120,ตำบลหนองศาลา,Tambon Nong Sala,7604,12.891,99.971,2019-08-09T03:33:09.000+07:00,2025-09-20T06:31:26.000+07:00,
760406,76120,ตำบลห้วยทรายเหนือ,Tambon Huai Sai Nuea,7604,12.715,99.832,2019-08-09T03:33:09.000+07:00,2025-09-20T06:31:26.000+07:00,
760407,76120,ตำบลไร่ใหม่พัฒนา,Tambon Rai Mai Phatthana,7604,12.655,99.806,2019-08-09T03:33:09.000+07:00,2025-09-20T06:31:26.000+07:00,
760408,76120,ตำบลสามพระยา,Tambon Sam Phraya,7604,12.684,99.882,2019-08-09T03:33:09.000+07:00,2025-09-20T06:31:26.000+07:00,
760409,76120,ตำบลดอนขุนห้วย,Tambon Don Khun Huai,7604,12.864,99.892,2019-08-09T03:33:09.000+07:00,2025-09-20T06:31:26.000+07:00,
760501,76130,ตำบลท่ายาง,Tambon Tha Yang,7605,12.954,99.904,2019-08-09T03:33:09.000+07:00,2025-09-20T06:31:26.000+07:00,
760502,76130,ตำบลท่าคอย,Tambon Tha Khoi,7605,12.922,99.872,2019-08-09T03:33:09.000+07:00,2025-09-20T06:31:26.000+07:00,
760503,76130,ตำบลยางหย่อง,Tambon Yang Yong,7605,12.99,99.883,2019-08-09T03:33:09.000+07:00,2025-09-20T06:31:26.000+07:00,
760504,76130,ตำบลหนองจอก,Tambon Nong Chok,7605,12.947,99.989,2019-08-09T03:33:09.000+07:00,2025-09-20T06:31:26.000+07:00,
760505,76130,ตำบลมาบปลาเค้า,Tambon Map Pla Khao,7605,12.981,99.929,2019-08-09T03:33:09.000+07:00,2025-09-20T06:31:26.000+07:00,
760506,76130,ตำบลท่าไม้รวก,Tambon Tha Mai Ruak,7605,12.847,99.814,2019-08-09T03:33:09.000+07:00,2025-09-20T06:31:26.000+07:00,
760507,76130,ตำบลวังไคร้,Tambon Wang Khrai,7605,12.919,99.82,2019-08-09T03:33:09.000+07:00,2025-09-20T06:31:26.000+07:00,
760511,76130,ตำบลกลัดหลวง,Tambon Klat Luang,7605,12.801,99.732,2019-08-09T03:33:09.000+07:00,2025-09-20T06:31:26.000+07:00,
760512,76130,ตำบลปึกเตียน,Tambon Puek Tian,7605,12.943,100.014,2019-08-09T03:33:09.000+07:00,2025-09-20T06:31:26.000+07:00,
760513,76130,ตำบลเขากระปุก,Tambon Khao Krapuk,7605,12.693,99.728,2019-08-09T03:33:09.000+07:00,2025-09-20T06:31:26.000+07:00,
760514,76130,ตำบลท่าแลง,Tambon Tha Laeng,7605,12.961,99.832,2019-08-09T03:33:09.000+07:00,2025-09-20T06:31:26.000+07:00,
760515,76130,ตำบลบ้านในดง,Tambon Ban Nai Dong,7605,12.949,99.941,2019-08-09T03:33:09.000+07:00,2025-09-20T06:31:26.000+07:00,
760601,76150,ตำบลบ้านลาด,Tambon Ban Lat,7606,13.063,99.928,2019-08-09T03:33:09.000+07:00,2025-09-20T06:31:26.000+07:00,
760602,76150,ตำบลบ้านหาด,Tambon Ban Hat,7606,13.076,99.918,2019-08-09T03:33:09.000+07:00,2025-09-20T06:31:26.000+07:00,
760603,76150,ตำบลบ้านทาน,Tambon Ban Than,7606,13.081,99.842,2019-08-09T03:33:09.000+07:00,2025-09-20T06:31:26.000+07:00,
760604,76150,ตำบลตำหรุ,Tambon Tamru,7606,13.027,99.893,2019-08-09T03:33:09.000+07:00,2025-09-20T06:31:26.000+07:00,
760605,76150,ตำบลสมอพลือ,Tambon Samo Phlue,7606,13.06,99.952,2019-08-09T03:33:09.000+07:00,2025-09-20T06:31:26.000+07:00,
760606,76150,ตำบลไร่มะขาม,Tambon Rai Makham,7606,13.017,99.939,2019-08-09T03:33:09.000+07:00,2025-09-20T06:31:26.000+07:00,
760607,76150,ตำบลท่าเสน,Tambon Tha Sen,7606,13.046,99.948,2019-08-09T03:33:09.000+07:00,2025-09-20T06:31:26.000+07:00,
760608,76150,ตำบลหนองกระเจ็ด,Tambon Nong Krachet,7606,13.001,99.953,2019-08-09T03:33:09.000+07:00,2025-09-20T06:31:26.000+07:00,
760609,76150,ตำบลหนองกะปุ,Tambon Nong Kapu,7606,13.065,99.786,2019-08-09T03:33:09.000+07:00,2025-09-20T06:31:26.000+07:00,
760610,76150,ตำบลลาดโพธิ์,Tambon Lat Pho,7606,13.102,99.895,2019-08-09T03:33:09.000+07:00,2025-09-20T06:31:26.000+07:00,
760611,76150,ตำบลสะพานไกร,Tambon Saphan Krai,7606,,,2019-08-09T03:33:09.000+07:00,2025-09-20T06:31:26.000+07:00,
760612,76150,ตำบลไร่โคก,Tambon Rai Khok,7606,13.112,99.821,2019-08-09T03:33:09.000+07:00,2025-09-20T06:31:26.000+07:00,
760613,76150,ตำบลโรงเข้,Tambon Rong Khe,7606,13.081,99.891,2019-08-09T03:33:09.000+07:00,2025-09-20T06:31:26.000+07:00,
760614,76150,ตำบลไร่สะท้อน,Tambon Rai Sathon,7606,13.03,99.866,2019-08-09T03:33:09.000+07:00,2025-09-20T06:31:26.000+07:00,
760615,76150,ตำบลห้วยข้อง,Tambon Huai Khong,7606,13.035,99.829,2019-08-09T03:33:09.000+07:00,2025-09-20T06:31:26.000+07:00,
760616,76150,ตำบลท่าช้าง,Tambon Tha Chang,7606,13.057,99.898,2019-08-09T03:33:09.000+07:00,2025-09-20T06:31:26.000+07:00,
760617,76150,ตำบลถ้ำรงค์,Tambon Tham Rong,7606,13.022,99.911,2019-08-09T03:33:09.000+07:00,2025-09-20T06:31:26.000+07:00,
760618,76150,ตำบลห้วยลึก,Tambon Huay Lueg,7606,13.008,99.793,2019-08-09T03:33:09.000+07:00,2025-09-20T06:31:26.000+07:00,
760701,76110,ตำบลบ้านแหลม,Tambon Ban Laem,7607,13.206,99.98,2019-08-09T03:33:09.000+07:00,2025-09-20T06:31:26.000+07:00,
760702,76110,ตำบลบางขุนไทร,Tambon Bang Khun Sai,7607,13.161,100.018,2019-08-09T03:33:09.000+07:00,2025-09-20T06:31:26.000+07:00,
760703,76110,ตำบลปากทะเล,Tambon Pak Thale,7607,13.144,100.04,2019-08-09T03:33:09.000+07:00,2025-09-20T06:31:26.000+07:00,
760704,76110,ตำบลบางแก้ว,Tambon Bang Kaeo,7607,13.111,100.045,2019-08-09T03:33:09.000+07:00,2025-09-20T06:31:26.000+07:00,
760705,76100,ตำบลแหลมผักเบี้ย,Tambon Laem Phak Bia,7607,13.044,100.076,2019-08-09T03:33:09.000+07:00,2025-09-20T06:31:26.000+07:00,
760706,76110,ตำบลบางตะบูน,Tambon Bang Tabun,7607,13.259,99.912,2019-08-09T03:33:09.000+07:00,2025-09-20T06:31:26.000+07:00,
760707,76110,ตำบลบางตะบูนออก,Tambon Bang Tabun Ok,7607,13.247,99.95,2019-08-09T03:33:09.000+07:00,2025-09-20T06:31:26.000+07:00,
760708,76110,ตำบลบางครก,Tambon Bang Khrok,7607,13.204,99.933,2019-08-09T03:33:09.000+07:00,2025-09-20T06:31:26.000+07:00,
760709,76110,ตำบลท่าแร้ง,Tambon Tha Raeng,7607,13.159,99.96,2019-08-09T03:33:09.000+07:00,2025-09-20T06:31:26.000+07:00,
760710,76110,ตำบลท่าแร้งออก,Tambon Tha Raeng Ok,7607,13.155,99.976,2019-08-09T03:33:09.000+07:00,2025-09-20T06:31:26.000+07:00,
760801,76170,ตำบลแก่งกระจาน,Tambon Kaeng Krachan,7608,12.979,99.609,2019-08-09T03:33:09.000+07:00,2025-09-20T06:31:26.000+07:00,
760802,76170,ตำบลสองพี่น้อง,Tambon Song Phi Nong,7608,12.853,99.614,2019-08-09T03:33:09.000+07:00,2025-09-20T06:31:26.000+07:00,
760803,76170,ตำบลวังจันทร์,Tambon Wang Chan,7608,12.942,99.735,2019-08-09T03:33:09.000+07:00,2025-09-20T06:31:26.000+07:00,
760804,76170,ตำบลป่าเด็ง,Tambon Pa Deng,7608,12.651,99.48,2019-08-09T03:33:09.000+07:00,2025-09-20T06:31:26.000+07:00,
760805,76170,ตำบลพุสวรรค์,Tambon Phu Sawan,7608,12.997,99.743,2019-08-09T03:33:09.000+07:00,2025-09-20T06:31:26.000+07:00,
760806,76170,ตำบลห้วยแม่เพรียง,Tambon Huai Mae Phriang,7608,12.913,99.284,2019-08-09T03:33:09.000+07:00,2025-09-20T06:31:26.000+07:00,
770101,77000,ตำบลประจวบคีรีขันธ์,Tambon Prachuap Khiri Khan,7701,11.805,99.784,2019-08-09T03:33:09.000+07:00,2025-09-20T06:31:26.000+07:00,
770102,77000,ตำบลเกาะหลัก,Tambon Ko Lak,7701,11.808,99.729,2019-08-09T03:33:09.000+07:00,2025-09-20T06:31:26.000+07:00,
770103,77000,ตำบลคลองวาฬ,Tambon Khlong Wan,7701,11.756,99.725,2019-08-09T03:33:09.000+07:00,2025-09-20T06:31:26.000+07:00,
770104,77000,ตำบลห้วยทราย,Tambon Huai Sai,7701,11.709,99.672,2019-08-09T03:33:09.000+07:00,2025-09-20T06:31:26.000+07:00,
770105,77000,ตำบลอ่าวน้อย,Tambon Ao Noi,7701,11.904,99.701,2019-08-09T03:33:09.000+07:00,2025-09-20T06:31:26.000+07:00,
770106,77210,ตำบลบ่อนอก,Tambon Bo Nok,7701,11.996,99.771,2019-08-09T03:33:09.000+07:00,2025-09-20T06:31:26.000+07:00,
770201,77150,ตำบลกุยบุรี,Tambon Kui Buri,7702,12.052,99.763,2019-08-09T03:33:09.000+07:00,2025-09-20T06:31:26.000+07:00,
770202,77150,ตำบลกุยเหนือ,Tambon Kui Nuea,7702,12.086,99.908,2019-08-09T03:33:09.000+07:00,2025-09-20T06:31:26.000+07:00,
770203,77150,ตำบลเขาแดง,Tambon Khao Daeng,7702,12.159,99.98,2019-08-09T03:33:09.000+07:00,2025-09-20T06:31:26.000+07:00,
770204,77150,ตำบลดอนยายหนู,Tambon Don Yai Nu,7702,12.136,99.929,2019-08-09T03:33:09.000+07:00,2025-09-20T06:31:26.000+07:00,
770206,77150,ตำบลสามกระทาย,Tambon Sam Krathai,7702,12.148,99.843,2019-08-09T03:33:09.000+07:00,2025-09-20T06:31:26.000+07:00,
770207,77150,ตำบลหาดขาม,Tambon Hat Kham,7702,12.108,99.659,2019-08-09T03:33:09.000+07:00,2025-09-20T06:31:26.000+07:00,
770301,77130,ตำบลทับสะแก,Tambon Thap Sakae,7703,11.516,99.627,2019-08-09T03:33:09.000+07:00,2025-09-20T06:31:26.000+07:00,
770302,77130,ตำบลอ่างทอง,Tambon Ang Thong,7703,11.454,99.508,2019-08-09T03:33:09.000+07:00,2025-09-20T06:31:26.000+07:00,
770303,77130,ตำบลนาหูกวาง,Tambon Na Hukwang,7703,11.537,99.499,2019-08-09T03:33:09.000+07:00,2025-09-20T06:31:26.000+07:00,
770304,77130,ตำบลเขาล้าน,Tambon Khao Lan,7703,11.606,99.501,2019-08-09T03:33:09.000+07:00,2025-09-20T06:31:26.000+07:00,
770305,77130,ตำบลห้วยยาง,Tambon Huai Yang,7703,11.637,99.641,2019-08-09T03:33:09.000+07:00,2025-09-20T06:31:26.000+07:00,
770306,77130,ตำบลแสงอรุณ,Tambon Saeng Arun,7703,11.573,99.628,2019-08-09T03:33:09.000+07:00,2025-09-20T06:31:26.000+07:00,
770401,77140,ตำบลกำเนิดนพคุณ,Tambon Kamnoet Nopphakhun,7704,11.248,99.516,2019-08-09T03:33:09.000+07:00,2025-09-20T06:31:26.000+07:00,
770402,77140,ตำบลพงศ์ประศาสน์,Tambon Phong Prasat,7704,11.188,99.466,2019-08-09T03:33:09.000+07:00,2025-09-20T06:31:26.000+07:00,
770403,77230,ตำบลร่อนทอง,Tambon Ron Thong,7704,11.299,99.393,2019-08-09T03:33:09.000+07:00,2025-09-20T06:31:26.000+07:00,
770404,77190,ตำบลธงชัย,Tambon Thong Chai,7704,11.318,99.525,2019-08-09T03:33:09.000+07:00,2025-09-20T06:31:26.000+07:00,
770405,77190,ตำบลชัยเกษม,Tambon Chai Kasem,7704,11.375,99.473,2019-08-09T03:33:09.000+07:00,2025-09-20T06:31:26.000+07:00,
770406,77230,ตำบลทองมงคล,Tambon Thong Mongkhon,7704,11.204,99.369,2019-08-09T03:33:09.000+07:00,2025-09-20T06:31:26.000+07:00,
770407,77140,ตำบลแม่รำพึง,Tambon Mae Ramphueng,7704,11.227,99.544,2019-08-09T03:33:09.000+07:00,2025-09-20T06:31:26.000+07:00,
770501,77170,ตำบลปากแพรก,Tambon Pak Phraek,7705,11.063,99.436,2019-08-09T03:33:09.000+07:00,2025-09-20T06:31:26.000+07:00,
770502,77170,ตำบลบางสะพาน,Tambon Bang Saphan,7705,11.107,99.443,2019-08-09T03:33:09.000+07:00,2025-09-20T06:31:26.000+07:00,
770503,77170,ตำบลทรายทอง,Tambon Sai Thong,7705,11.011,99.424,2019-08-09T03:33:09.000+07:00,2025-09-20T06:31:26.000+07:00,
770504,77170,ตำบลช้างแรก,Tambon Chang Raek,7705,11.103,99.306,2019-08-09T03:33:09.000+07:00,2025-09-20T06:31:26.000+07:00,
770505,77170,ตำบลไชยราช,Tambon Chaiyarat,7705,11.012,99.256,2019-08-09T03:33:09.000+07:00,2025-09-20T06:31:26.000+07:00,
770601,77120,ตำบลปราณบุรี,Tambon Pran Buri,7706,12.354,99.932,2019-08-09T03:33:09.000+07:00,2025-09-20T06:31:26.000+07:00,
770602,77120,ตำบลเขาน้อย,Tambon Khao Noi,7706,12.405,99.898,2019-08-09T03:33:09.000+07:00,2025-09-20T06:31:26.000+07:00,
770604,77220,ตำบลปากน้ำปราณ,Tambon Pak Nam Pran,7706,12.381,99.981,2019-08-09T03:33:09.000+07:00,2025-09-20T06:31:26.000+07:00,
770607,77120,ตำบลหนองตาแต้ม,Tambon Nong Ta Taem,7706,12.38,99.814,2019-08-09T03:33:09.000+07:00,2025-09-20T06:31:26.000+07:00,
770608,77120,ตำบลวังก์พง,Tambon Wang Phong,7706,12.447,99.911,2019-08-09T03:33:09.000+07:00,2025-09-20T06:31:26.000+07:00,
770609,77120,ตำบลเขาจ้าว,Tambon Khao Chao,7706,12.396,99.52,2019-08-09T03:33:09.000+07:00,2025-09-20T06:31:26.000+07:00,
770701,77110,ตำบลหัวหิน,Tambon Hua Hin,7707,12.592,99.94,2019-08-09T03:33:09.000+07:00,2025-09-20T06:31:26.000+07:00,
770702,77110,ตำบลหนองแก,Tambon Nong Kae,7707,12.502,99.958,2019-08-09T03:33:09.000+07:00,2025-09-20T06:31:26.000+07:00,
770703,77110,ตำบลหินเหล็กไฟ,Tambon Hin Lek Fai,7707,12.592,99.862,2019-08-09T03:33:09.000+07:00,2025-09-20T06:31:26.000+07:00,
770704,77110,ตำบลหนองพลับ,Tambon Nong Phlap,7707,12.53,99.704,2019-08-09T03:33:09.000+07:00,2025-09-20T06:31:26.000+07:00,
770705,77110,ตำบลทับใต้,Tambon Thap Tai,7707,12.516,99.863,2019-08-09T03:33:09.000+07:00,2025-09-20T06:31:26.000+07:00,
770706,77110,ตำบลห้วยสัตว์ใหญ่,Tambon Huai Sat Yai,7707,12.512,99.526,2019-08-09T03:33:09.000+07:00,2025-09-20T06:31:26.000+07:00,
770707,77110,ตำบลบึงนคร,Tambon Bueng Nakhon,7707,12.403,99.655,2019-08-09T03:33:09.000+07:00,2025-09-20T06:31:26.000+07:00,
770801,77120,ตำบลสามร้อยยอด,Tambon Sam Roi Yot,7708,12.266,99.946,2019-08-09T03:33:09.000+07:00,2025-09-20T06:31:26.000+07:00,
770802,77180,ตำบลศิลาลอย,Tambon Sila Loi,7708,12.309,99.56,2019-08-09T03:33:09.000+07:00,2025-09-20T06:31:26.000+07:00,
770803,77180,ตำบลไร่เก่า,Tambon Rai Kao,7708,12.252,99.706,2019-08-09T03:33:09.000+07:00,2025-09-20T06:31:26.000+07:00,
770804,77180,ตำบลศาลาลัย,Tambon Salalai,7708,12.271,99.593,2019-08-09T03:33:09.000+07:00,2025-09-20T06:31:26.000+07:00,
770805,77180,ตำบลไร่ใหม่,Tambon Rai Mai,7708,12.214,99.746,2019-08-09T03:33:09.000+07:00,2025-09-20T06:31:26.000+07:00,
800101,80000,ตำบลในเมือง,Tambon Nai Mueang,8001,8.408,99.972,2019-08-09T03:33:09.000+07:00,2025-09-20T06:31:26.000+07:00,
800102,80000,ตำบลท่าวัง,Tambon Tha Wang,8001,8.449,99.961,2019-08-09T03:33:09.000+07:00,2025-09-20T06:31:26.000+07:00,
800103,80000,ตำบลคลัง,Tambon Khlang,8001,8.434,99.966,2019-08-09T03:33:09.000+07:00,2025-09-20T06:31:26.000+07:00,
800106,80000,ตำบลท่าไร่,Tambon Tha Rai,8001,8.43,100.041,2019-08-09T03:33:09.000+07:00,2025-09-20T06:31:26.000+07:00,
800107,80000,ตำบลปากนคร,Tambon Pak Nakhon,8001,8.421,99.996,2019-08-09T03:33:09.000+07:00,2025-09-20T06:31:26.000+07:00,
800108,80280,ตำบลนาทราย,Tambon Na Sai,8001,8.479,99.932,2019-08-09T03:33:09.000+07:00,2025-09-20T06:31:26.000+07:00,
800112,80280,ตำบลกำแพงเซา,Tambon Kamphaeng Sao,8001,8.401,99.868,2019-08-09T03:33:09.000+07:00,2025-09-20T06:31:26.000+07:00,
800113,80000,ตำบลไชยมนตรี,Tambon Chai Montri,8001,8.401,99.914,2019-08-09T03:33:09.000+07:00,2025-09-20T06:31:26.000+07:00,
800114,80000,ตำบลมะม่วงสองต้น,Tambon Mamuang Song Ton,8001,8.397,99.952,2019-08-09T03:33:09.000+07:00,2025-09-20T06:31:26.000+07:00,
800115,80000,ตำบลนาเคียน,Tambon Na Khian,8001,8.452,99.919,2019-08-09T03:33:09.000+07:00,2025-09-20T06:31:26.000+07:00,
800116,80280,ตำบลท่างิ้ว,Tambon Tha Ngio,8001,8.452,99.835,2019-08-09T03:33:09.000+07:00,2025-09-20T06:31:26.000+07:00,
800118,80000,ตำบลโพธิ์เสด็จ,Tambon Pho Sadet,8001,8.428,99.92,2019-08-09T03:33:09.000+07:00,2025-09-20T06:31:26.000+07:00,
800119,80330,ตำบลบางจาก,Tambon Bang Chak,8001,8.376,100.061,2019-08-09T03:33:09.000+07:00,2025-09-20T06:31:26.000+07:00,
800120,80000,ตำบลปากพูน,Tambon Pak Phun,8001,8.529,99.997,2019-08-09T03:33:09.000+07:00,2025-09-20T06:31:26.000+07:00,
800121,80000,ตำบลท่าซัก,Tambon Tha Sak,8001,8.51,100.032,2019-08-09T03:33:09.000+07:00,2025-09-20T06:31:26.000+07:00,
800122,80290,ตำบลท่าเรือ,Tambon Tha Ruea,8001,8.321,100.013,2019-08-09T03:33:09.000+07:00,2025-09-20T06:31:26.000+07:00,
800201,80320,ตำบลพรหมโลก,Tambon Phrommalok,8002,8.5,99.793,2019-08-09T03:33:09.000+07:00,2025-09-20T06:31:26.000+07:00,
800202,80320,ตำบลบ้านเกาะ,Tambon Ban Ko,8002,8.539,99.814,2019-08-09T03:33:09.000+07:00,2025-09-20T06:31:26.000+07:00,
800203,80320,ตำบลอินคีรี,Tambon In Khiri,8002,8.54,99.874,2019-08-09T03:33:09.000+07:00,2025-09-20T06:31:26.000+07:00,
800204,80320,ตำบลทอนหงส์,Tambon Thon Hong,8002,8.58,99.776,2019-08-09T03:33:09.000+07:00,2025-09-20T06:31:26.000+07:00,
800205,80320,ตำบลนาเรียง,Tambon Na Reang,8002,8.504,99.866,2019-08-09T03:33:09.000+07:00,2025-09-20T06:31:26.000+07:00,
800301,80230,ตำบลเขาแก้ว,Tambon Khao Kaeo,8003,8.374,99.742,2019-08-09T03:33:09.000+07:00,2025-09-20T06:31:26.000+07:00,
800302,80230,ตำบลลานสกา,Tambon Lan Saka,8003,8.305,99.771,2019-08-09T03:33:09.000+07:00,2025-09-20T06:31:26.000+07:00,
800303,80230,ตำบลท่าดี,Tambon Tha Di,8003,8.443,99.804,2019-08-09T03:33:09.000+07:00,2025-09-20T06:31:26.000+07:00,
800304,80230,ตำบลกำโลน,Tambon Kamlon,8003,8.442,99.757,2019-08-09T03:33:09.000+07:00,2025-09-20T06:31:26.000+07:00,
800305,80230,ตำบลขุนทะเล,Tambon Khun Thale,8003,8.344,99.848,2019-08-09T03:33:09.000+07:00,2025-09-20T06:31:26.000+07:00,
800401,80150,ตำบลฉวาง,Tambon Chawang,8004,8.397,99.501,2019-08-09T03:33:09.000+07:00,2025-09-20T06:31:26.000+07:00,
800403,80250,ตำบลละอาย,Tambon La-ai,8004,8.472,99.632,2019-08-09T03:33:09.000+07:00,2025-09-20T06:31:26.000+07:00,
800404,80260,ตำบลนาแว,Tambon Na Wae,8004,8.483,99.523,2019-08-09T03:33:09.000+07:00,2025-09-20T06:31:26.000+07:00,
800405,80150,ตำบลไม้เรียง,Tambon Mai Riang,8004,8.457,99.477,2019-08-09T03:33:09.000+07:00,2025-09-20T06:31:26.000+07:00,
800406,80260,ตำบลกะเปียด,Tambon Kapiat,8004,8.519,99.46,2019-08-09T03:33:09.000+07:00,2025-09-20T06:31:26.000+07:00,
800407,80150,ตำบลนากะชะ,Tambon Na Kacha,8004,8.415,99.476,2019-08-09T03:33:09.000+07:00,2025-09-20T06:31:26.000+07:00,
800409,80260,ตำบลห้วยปริก,Tambon Huai Prik,8004,8.569,99.44,2019-08-09T03:33:09.000+07:00,2025-09-20T06:31:26.000+07:00,
800410,80150,ตำบลไสหร้า,Tambon Saira,8004,8.437,99.547,2019-08-09T03:33:09.000+07:00,2025-09-20T06:31:26.000+07:00,
800415,80260,ตำบลนาเขลียง,Tambon Na Khliang,8004,8.533,99.5,2019-08-09T03:33:09.000+07:00,2025-09-20T06:31:26.000+07:00,
800416,80250,ตำบลจันดี,Tambon Chan Di,8004,8.391,99.554,2019-08-09T03:33:09.000+07:00,2025-09-20T06:31:26.000+07:00,
800501,80270,ตำบลพิปูน,Tambon Phipun,8005,8.555,99.653,2019-08-09T03:33:09.000+07:00,2025-09-20T06:31:26.000+07:00,
800502,80270,ตำบลกะทูน,Tambon Kathun,8005,8.638,99.53,2019-08-09T03:33:09.000+07:00,2025-09-20T06:31:26.000+07:00,
800503,80270,ตำบลเขาพระ,Tambon Khao Phra,8005,8.634,99.615,2019-08-09T03:33:09.000+07:00,2025-09-20T06:31:26.000+07:00,
800504,80270,ตำบลยางค้อม,Tambon Yang Khom,8005,8.52,99.701,2019-08-09T03:33:09.000+07:00,2025-09-20T06:31:26.000+07:00,
800505,80270,ตำบลควนกลาง,Tambon Khuan Klang,8005,8.534,99.553,2019-08-09T03:33:09.000+07:00,2025-09-20T06:31:26.000+07:00,
800601,80190,ตำบลเชียรใหญ่,Tambon Chian Yai,8006,8.202,100.116,2019-08-09T03:33:09.000+07:00,2025-09-20T06:31:26.000+07:00,
800603,80190,ตำบลท่าขนาน,Tambon Tha Khanan,8006,8.14,100.165,2019-08-09T03:33:09.000+07:00,2025-09-20T06:31:26.000+07:00,
800604,80190,ตำบลบ้านกลาง,Tambon Ban Klang,8006,8.156,100.197,2019-08-09T03:33:09.000+07:00,2025-09-20T06:31:26.000+07:00,
800605,80190,ตำบลบ้านเนิน,Tambon Ban Noen,8006,8.166,100.17,2019-08-09T03:33:09.000+07:00,2025-09-20T06:31:26.000+07:00,
800606,80190,ตำบลไสหมาก,Tambon Sai Mak,8006,8.203,100.163,2019-08-09T03:33:09.000+07:00,2025-09-20T06:31:26.000+07:00,
800607,80190,ตำบลท้องลำเจียก,Tambon Thong Lamchiak,8006,8.147,100.117,2019-08-09T03:33:09.000+07:00,2025-09-20T06:31:26.000+07:00,
800610,80190,ตำบลเสือหึง,Tambon Suea Hueng,8006,8.189,100.242,2019-08-09T03:33:09.000+07:00,2025-09-20T06:31:26.000+07:00,
800611,80190,ตำบลการะเกด,Tambon Karaket,8006,8.073,100.154,2019-08-09T03:33:09.000+07:00,2025-09-20T06:31:26.000+07:00,
800612,80190,ตำบลเขาพระบาท,Tambon Khao Phra Bat,8006,8.084,100.191,2019-08-09T03:33:09.000+07:00,2025-09-20T06:31:26.000+07:00,
800613,80190,ตำบลแม่เจ้าอยู่หัว,Tambon Mae Chao Yu Hua,8006,8.075,100.094,2019-08-09T03:33:09.000+07:00,2025-09-20T06:31:26.000+07:00,
800701,80180,ตำบลชะอวด,Tambon Cha-uat,8007,7.996,100.02,2019-08-09T03:33:09.000+07:00,2025-09-20T06:31:26.000+07:00,
800702,80180,ตำบลท่าเสม็ด,Tambon Tha Samet,8007,7.949,100.017,2019-08-09T03:33:09.000+07:00,2025-09-20T06:31:26.000+07:00,
800703,80180,ตำบลท่าประจะ,Tambon Tha Pracha,8007,7.973,99.96,2019-08-09T03:33:09.000+07:00,2025-09-20T06:31:26.000+07:00,
800704,80180,ตำบลเคร็ง,Tambon Khreng,8007,7.952,100.103,2019-08-09T03:33:09.000+07:00,2025-09-20T06:31:26.000+07:00,
800705,80180,ตำบลวังอ่าง,Tambon Wang Ang,8007,7.927,99.886,2019-08-09T03:33:09.000+07:00,2025-09-20T06:31:26.000+07:00,
800706,80180,ตำบลบ้านตูล,Tambon Ban Tun,8007,8.07,100.0,2019-08-09T03:33:09.000+07:00,2025-09-20T06:31:26.000+07:00,
800707,80180,ตำบลขอนหาด,Tambon Khon Hat,8007,7.872,100.059,2019-08-09T03:33:09.000+07:00,2025-09-20T06:31:26.000+07:00,
800708,80180,ตำบลเกาะขันธ์,Tambon Khuan Nong Hong,8007,7.91,99.935,2019-08-09T03:33:09.000+07:00,2025-09-20T06:31:26.000+07:00,
800709,80180,ตำบลควนหนองหงษ์,Tambon Khao Phra Thong,8007,8.009,99.885,2019-08-09T03:33:09.000+07:00,2025-09-20T06:31:26.000+07:00,
800710,80180,ตำบลเขาพระทอง,Tambon Nang Long,8007,7.974,99.905,2019-08-09T03:33:09.000+07:00,2025-09-20T06:31:26.000+07:00,
800711,80180,ตำบลนางหลง,Tambon Nang Long,8007,7.901,99.988,2019-08-09T03:33:09.000+07:00,2025-09-20T06:31:26.000+07:00,
800801,80160,ตำบลท่าศาลา,Tambon Tha Sala,8008,8.669,99.926,2019-08-09T03:33:09.000+07:00,2025-09-20T06:31:26.000+07:00,
800802,80160,ตำบลกลาย,Tambon Klai,8008,8.812,99.902,2019-08-09T03:33:09.000+07:00,2025-09-20T06:31:26.000+07:00,
800803,80160,ตำบลท่าขึ้น,Tambon Tha Khuen,8008,8.714,99.887,2019-08-09T03:33:09.000+07:00,2025-09-20T06:31:26.000+07:00,
800804,80160,ตำบลหัวตะพาน,Tambon Hua Taphan,8008,8.628,99.889,2019-08-09T03:33:09.000+07:00,2025-09-20T06:31:26.000+07:00,
800806,80160,ตำบลสระแก้ว,Tambon Sa Kaeo,8008,8.752,99.867,2019-08-09T03:33:09.000+07:00,2025-09-20T06:31:26.000+07:00,
800807,80160,ตำบลโมคลาน,Tambon Mokkhalan,8008,8.589,99.885,2019-08-09T03:33:09.000+07:00,2025-09-20T06:31:26.000+07:00,
800809,80160,ตำบลไทยบุรี,Tambon Thai buri,8008,8.665,99.879,2019-08-09T03:33:09.000+07:00,2025-09-20T06:31:26.000+07:00,
800810,80160,ตำบลดอนตะโก,Tambon Don tako,8008,8.56,99.903,2019-08-09T03:33:09.000+07:00,2025-09-20T06:31:26.000+07:00,
800811,80160,ตำบลตลิ่งชัน,Tambon Taling Chan,8008,8.783,99.821,2019-08-09T03:33:09.000+07:00,2025-09-20T06:31:26.000+07:00,
800813,80160,ตำบลโพธิ์ทอง,Tambon Pho Thong,8008,8.613,99.923,2019-08-09T03:33:09.000+07:00,2025-09-20T06:31:26.000+07:00,
800901,80110,ตำบลปากแพรก,Tambon Pak Phraek,8009,,,2019-08-09T03:33:09.000+07:00,2025-09-20T06:31:26.000+07:00,
800902,80110,ตำบลชะมาย,Tambon Chamai,8009,8.148,99.673,2019-08-09T03:33:09.000+07:00,2025-09-20T06:31:26.000+07:00,
800903,80110,ตำบลหนองหงส์,Tambon Nong Hong,8009,8.195,99.614,2019-08-09T03:33:09.000+07:00,2025-09-20T06:31:26.000+07:00,
800904,80110,ตำบลควนกรด,Tambon Khuan Krot,8009,8.149,99.632,2019-08-09T03:33:09.000+07:00,2025-09-20T06:31:26.000+07:00,
800905,80110,ตำบลนาไม้ไผ่,Tambon Na Mai Phai,8009,8.119,99.59,2019-08-09T03:33:09.000+07:00,2025-09-20T06:31:26.000+07:00,
800906,80110,ตำบลนาหลวงเสน,Tambon Na Luang Sen,8009,8.24,99.705,2019-08-09T03:33:09.000+07:00,2025-09-20T06:31:26.000+07:00,
800907,80110,ตำบลเขาโร,Tambon Khao Ro,8009,8.047,99.594,2019-08-09T03:33:09.000+07:00,2025-09-20T06:31:26.000+07:00,
800908,80310,ตำบลกะปาง,Tambon Kapang,8009,8.029,99.683,2019-08-09T03:33:09.000+07:00,2025-09-20T06:31:26.000+07:00,
800909,80110,ตำบลที่วัง,Tambon Thi Wang,8009,8.099,99.67,2019-08-09T03:33:09.000+07:00,2025-09-20T06:31:26.000+07:00,
800910,80110,ตำบลน้ำตก,Tambon Namtok,8009,7.971,99.78,2019-08-09T03:33:09.000+07:00,2025-09-20T06:31:26.000+07:00,
800911,80110,ตำบลถ้ำใหญ่,Tambon Tham Yai,8009,8.164,99.742,2019-08-09T03:33:09.000+07:00,2025-09-20T06:31:26.000+07:00,
800912,80110,ตำบลนาโพธิ์,Tambon Na Pho,8009,8.209,99.574,2019-08-09T03:33:09.000+07:00,2025-09-20T06:31:26.000+07:00,
800913,80110,ตำบลเขาขาว,Tambon Khao Khao,8009,8.173,99.5,2019-08-09T03:33:09.000+07:00,2025-09-20T06:31:26.000+07:00,
801001,80220,ตำบลนาบอน,Tambon Na Bon,8010,8.243,99.6,2019-08-09T03:33:09.000+07:00,2025-09-20T06:31:26.000+07:00,
801002,80220,ตำบลทุ่งสง,Tambon Thung Song,8010,8.255,99.487,2019-08-09T03:33:09.000+07:00,2025-09-20T06:31:26.000+07:00,
801003,80220,ตำบลแก้วแสน,Tambon Kaeo Saen,8010,8.282,99.528,2019-08-09T03:33:09.000+07:00,2025-09-20T06:31:26.000+07:00,
801101,80240,ตำบลท่ายาง,Tambon Tha Yang,8011,8.305,99.346,2019-08-09T03:33:09.000+07:00,2025-09-20T06:31:26.000+07:00,
801102,80240,ตำบลทุ่งสัง,Tambon Thung Sang,8011,8.372,99.342,2019-08-09T03:33:09.000+07:00,2025-09-20T06:31:26.000+07:00,
801103,80240,ตำบลทุ่งใหญ่,Tambon Thung Yai,8011,8.366,99.429,2019-08-09T03:33:09.000+07:00,2025-09-20T06:31:26.000+07:00,
801104,80240,ตำบลกุแหระ,Tambon Kurae,8011,8.194,99.337,2019-08-09T03:33:09.000+07:00,2025-09-20T06:31:26.000+07:00,
801105,80240,ตำบลปริก,Tambon Prik,8011,8.28,99.432,2019-08-09T03:33:09.000+07:00,2025-09-20T06:31:26.000+07:00,
801106,80240,ตำบลบางรูป,Tambon Bang Rup,8011,8.4,99.279,2019-08-09T03:33:09.000+07:00,2025-09-20T06:31:26.000+07:00,
801107,80240,ตำบลกรุงหยัน,Tambon Krung Yan,8011,8.187,99.403,2019-08-09T03:33:09.000+07:00,2025-09-20T06:31:26.000+07:00,
801201,80140,ตำบลปากพนัง,Tambon Pak Phanang,8012,,,2019-08-09T03:33:09.000+07:00,2025-09-20T06:31:26.000+07:00,
801202,80330,ตำบลคลองน้อย,Tambon Khlong Noi,8012,8.358,100.108,2019-08-09T03:33:09.000+07:00,2025-09-20T06:31:26.000+07:00,
801203,80140,ตำบลป่าระกำ,Tambon Pa Rakam,8012,8.244,100.12,2019-08-09T03:33:09.000+07:00,2025-09-20T06:31:26.000+07:00,
801204,80330,ตำบลชะเมา,Tambon Chamao,8012,8.275,100.054,2019-08-09T03:33:09.000+07:00,2025-09-20T06:31:26.000+07:00,
801205,80140,ตำบลคลองกระบือ,Tambon Khlong Krabue,8012,8.317,100.143,2019-08-09T03:33:09.000+07:00,2025-09-20T06:31:26.000+07:00,
801206,80330,ตำบลเกาะทวด,Tambon Ko Thuat,8012,8.283,100.092,2019-08-09T03:33:09.000+07:00,2025-09-20T06:31:26.000+07:00,
801207,80140,ตำบลบ้านใหม่,Tambon Ban Mai,8012,8.277,100.154,2019-08-09T03:33:09.000+07:00,2025-09-20T06:31:26.000+07:00,
801208,80140,ตำบลหูล่อง,Tambon Hu Long,8012,8.314,100.184,2019-08-09T03:33:09.000+07:00,2025-09-20T06:31:26.000+07:00,
801209,80140,ตำบลแหลมตะลุมพุก,Tambon Laem Talumphuk,8012,8.458,100.196,2019-08-09T03:33:09.000+07:00,2025-09-20T06:31:26.000+07:00,
801210,80140,ตำบลปากพนังฝั่งตะวันตก,Tambon Pak Phanang Fang Tawantok,8012,8.36,100.165,2019-08-09T03:33:09.000+07:00,2025-09-20T06:31:26.000+07:00,
801211,80140,ตำบลบางศาลา,Tambon Bang Sala,8012,8.246,100.185,2019-08-09T03:33:09.000+07:00,2025-09-20T06:31:26.000+07:00,
801212,80140,ตำบลบางพระ,Tambon Bang Phra,8012,8.326,100.23,2019-08-09T03:33:09.000+07:00,2025-09-20T06:31:26.000+07:00,
801213,80140,ตำบลบางตะพง,Tambon Bang Taphong,8012,8.232,100.153,2019-08-09T03:33:09.000+07:00,2025-09-20T06:31:26.000+07:00,
801214,80140,ตำบลปากพนังฝั่งตะวันออก,Tambon Pak Phanang Fang Tawan-ok,8012,8.397,100.2,2019-08-09T03:33:09.000+07:00,2025-09-20T06:31:26.000+07:00,
801215,80140,ตำบลบ้านเพิง,Tambon Ban Phoeng,8012,8.294,100.227,2019-08-09T03:33:09.000+07:00,2025-09-20T06:31:26.000+07:00,
801216,80140,ตำบลท่าพยา,Tambon Tha Phaya,8012,,,2019-08-09T03:33:09.000+07:00,2025-09-20T06:31:26.000+07:00,
801217,80140,ตำบลปากแพรก,Tambon Pak Phraek,8012,8.244,100.212,2019-08-09T03:33:09.000+07:00,2025-09-20T06:31:26.000+07:00,
801218,80140,ตำบลขนาบนาก,Tambon Khanap Nak,8012,8.22,100.247,2019-08-09T03:33:09.000+07:00,2025-09-20T06:31:26.000+07:00,
801301,80130,ตำบลร่อนพิบูลย์,Tambon Ron Phibun,8013,8.189,99.832,2019-08-09T03:33:09.000+07:00,2025-09-20T06:31:26.000+07:00,
801302,80350,ตำบลหินตก,Tambon Hin Tok,8013,8.237,99.88,2019-08-09T03:33:09.000+07:00,2025-09-20T06:31:26.000+07:00,
801303,80350,ตำบลเสาธง,Tambon Sao Thong,8013,8.252,99.924,2019-08-09T03:33:09.000+07:00,2025-09-20T06:31:26.000+07:00,
801304,80130,ตำบลควนเกย,Tambon Khuan Koei,8013,8.14,99.9,2019-08-09T03:33:09.000+07:00,2025-09-20T06:31:26.000+07:00,
801305,80130,ตำบลควนพัง,Tambon Khuan Phang,8013,8.159,99.977,2019-08-09T03:33:09.000+07:00,2025-09-20T06:31:26.000+07:00,
801306,80130,ตำบลควนชุม,Tambon Khuan Chum,8013,8.183,99.919,2019-08-09T03:33:09.000+07:00,2025-09-20T06:31:26.000+07:00,
801401,80120,ตำบลสิชล,Tambon Sichon,8014,9.008,99.902,2019-08-09T03:33:09.000+07:00,2025-09-20T06:31:26.000+07:00,
801402,80120,ตำบลทุ่งปรัง,Tambon Thung Prang,8014,8.958,99.876,2019-08-09T03:33:09.000+07:00,2025-09-20T06:31:26.000+07:00,
801403,80120,ตำบลฉลอง,Tambon Chalong,8014,8.89,99.773,2019-08-09T03:33:09.000+07:00,2025-09-20T06:31:26.000+07:00,
801404,80340,ตำบลเสาเภา,Tambon Sao Phao,8014,8.89,99.904,2019-08-09T03:33:09.000+07:00,2025-09-20T06:31:26.000+07:00,
801405,80120,ตำบลเปลี่ยน,Tambon Plian,8014,8.833,99.87,2019-08-09T03:33:09.000+07:00,2025-09-20T06:31:26.000+07:00,
801406,80120,ตำบลสี่ขีด,Tambon Si Khit,8014,9.023,99.786,2019-08-09T03:33:09.000+07:00,2025-09-20T06:31:26.000+07:00,
801407,80340,ตำบลเทพราช,Tambon Theppharat,8014,8.841,99.735,2019-08-09T03:33:09.000+07:00,2025-09-20T06:31:26.000+07:00,
801408,80120,ตำบลเขาน้อย,Tambon Khao Noi,8014,8.945,99.787,2019-08-09T03:33:09.000+07:00,2025-09-20T06:31:26.000+07:00,
801409,80120,ตำบลทุ่งใส,Tambon Thung Sai,8014,9.06,99.89,2019-08-09T03:33:09.000+07:00,2025-09-20T06:31:26.000+07:00,
801501,80210,ตำบลขนอม,Tambon Khanom,8015,9.166,99.838,2019-08-09T03:33:09.000+07:00,2025-09-20T06:31:26.000+07:00,
801502,80210,ตำบลควนทอง,Tambon Khuan Thong,8015,9.181,99.782,2019-08-09T03:33:09.000+07:00,2025-09-20T06:31:26.000+07:00,
801503,80210,ตำบลท้องเนียน,Tambon Thong Nian,8015,9.324,99.775,2019-08-09T03:33:09.000+07:00,2025-09-20T06:31:26.000+07:00,
801601,80170,ตำบลหัวไทร,Tambon Hua Sai,8016,8.037,100.286,2019-08-09T03:33:09.000+07:00,2025-09-20T06:31:26.000+07:00,
801602,80170,ตำบลหน้าสตน,Tambon Na Saton,8016,7.969,100.322,2019-08-09T03:33:09.000+07:00,2025-09-20T06:31:26.000+07:00,
801603,80170,ตำบลทรายขาว,Tambon Sai Khao,8016,8.04,100.226,2019-08-09T03:33:09.000+07:00,2025-09-20T06:31:26.000+07:00,
801604,80170,ตำบลแหลม,Tambon Laem,8016,7.97,100.192,2019-08-09T03:33:09.000+07:00,2025-09-20T06:31:26.000+07:00,
801605,80170,ตำบลเขาพังไกร,Tambon Khao Phang Krai,8016,7.976,100.272,2019-08-09T03:33:09.000+07:00,2025-09-20T06:31:26.000+07:00,
801606,80170,ตำบลบ้านราม,Tambon Ban Ram,8016,8.081,100.257,2019-08-09T03:33:09.000+07:00,2025-09-20T06:31:26.000+07:00,
801607,80170,ตำบลบางนบ,Tambon Bang Nop,8016,8.104,100.261,2019-08-09T03:33:09.000+07:00,2025-09-20T06:31:26.000+07:00,
801608,80170,ตำบลท่าซอม,Tambon Tha Som,8016,8.146,100.246,2019-08-09T03:33:09.000+07:00,2025-09-20T06:31:26.000+07:00,
801609,80170,ตำบลควนชะลิก,Tambon Khuan Chalik,8016,7.907,100.206,2019-08-09T03:33:09.000+07:00,2025-09-20T06:31:26.000+07:00,
801610,80170,ตำบลรามแก้ว,Tambon Ram Kaeo,8016,7.932,100.276,2019-08-09T03:33:09.000+07:00,2025-09-20T06:31:26.000+07:00,
801611,80170,ตำบลเกาะเพชร,Tambon Ko Phet,8016,8.112,100.291,2019-08-09T03:33:09.000+07:00,2025-09-20T06:31:26.000+07:00,
801701,80360,ตำบลบางขัน,Tambon Bang Khan,8017,8.069,99.422,2019-08-09T03:33:09.000+07:00,2025-09-20T06:31:26.000+07:00,
801702,80360,ตำบลบ้านลำนาว,Tambon Ban Lamnao,8017,7.968,99.417,2019-08-09T03:33:09.000+07:00,2025-09-20T06:31:26.000+07:00,
801703,80360,ตำบลวังหิน,Tambon Wang Hin,8017,7.984,99.554,2019-08-09T03:33:09.000+07:00,2025-09-20T06:31:26.000+07:00,
801704,80360,ตำบลบ้านนิคม,Tambon Ban Nikhom,8017,7.933,99.507,2019-08-09T03:33:09.000+07:00,2025-09-20T06:31:26.000+07:00,
801801,80260,ตำบลถ้ำพรรณรา,Tambon Tham Phannara,8018,8.414,99.373,2019-08-09T03:33:09.000+07:00,2025-09-20T06:31:26.000+07:00,
801802,80260,ตำบลคลองเส,Tambon Khlong Se,8018,8.491,99.419,2019-08-09T03:33:09.000+07:00,2025-09-20T06:31:26.000+07:00,
801803,80260,ตำบลดุสิต,Tambon Dusit,8018,8.466,99.347,2019-08-09T03:33:09.000+07:00,2025-09-20T06:31:26.000+07:00,
801901,80180,ตำบลบ้านควนมุด,Tambon Ban Khuan Mut,8019,8.028,99.924,2019-08-09T03:33:09.000+07:00,2025-09-20T06:31:26.000+07:00,
801902,80180,ตำบลบ้านชะอวด,Tambon Ban Cha-uat,8019,8.058,99.933,2019-08-09T03:33:09.000+07:00,2025-09-20T06:31:26.000+07:00,
801903,80130,ตำบลควนหนองคว้า,Tambon Khuan Nong Khwa,8019,8.103,99.935,2019-08-09T03:33:09.000+07:00,2025-09-20T06:31:26.000+07:00,
801904,80130,ตำบลทุ่งโพธิ์,Tambon Thung Pho,8019,8.109,99.829,2019-08-09T03:33:09.000+07:00,2025-09-20T06:31:26.000+07:00,
801905,80130,ตำบลนาหมอบุญ,Tambon Na Mo Bun,8019,8.03,99.813,2019-08-09T03:33:09.000+07:00,2025-09-20T06:31:26.000+07:00,
801906,80130,ตำบลสามตำบล,Tambon Sam Tambon,8019,,,2019-08-09T03:33:09.000+07:00,2025-09-20T06:31:26.000+07:00,
802001,80000,ตำบลนาพรุ,Tambon Na Phru,8020,8.331,99.907,2019-08-09T03:33:09.000+07:00,2025-09-20T06:31:26.000+07:00,
802002,80000,ตำบลนาสาร,Tambon Na San,8020,8.37,99.92,2019-08-09T03:33:09.000+07:00,2025-09-20T06:31:26.000+07:00,
802003,80000,ตำบลท้ายสำเภา,Tambon Thai Samphao,8020,8.302,99.909,2019-08-09T03:33:09.000+07:00,2025-09-20T06:31:26.000+07:00,
802004,80000,ตำบลช้างซ้าย,Tambon Chang Sai,8020,8.311,99.966,2019-08-09T03:33:09.000+07:00,2025-09-20T06:31:26.000+07:00,
802101,80160,ตำบลนบพิตำ,Tambon Nopphitam,8021,8.744,99.772,2019-08-09T03:33:09.000+07:00,2025-09-20T06:31:26.000+07:00,
802102,80160,ตำบลกรุงชิง,Tambon Krung Ching,8021,8.804,99.635,2019-08-09T03:33:09.000+07:00,2025-09-20T06:31:26.000+07:00,
802103,80160,ตำบลกะหรอ,Tambon Karo,8021,8.666,99.827,2019-08-09T03:33:09.000+07:00,2025-09-20T06:31:26.000+07:00,
802104,80160,ตำบลนาเหรง,Tambon Na Reng,8021,8.66,99.745,2019-08-09T03:33:09.000+07:00,2025-09-20T06:31:26.000+07:00,
802201,80250,ตำบลช้างกลาง,Tambon Chang Klang,8022,8.336,99.638,2019-08-09T03:33:09.000+07:00,2025-09-20T06:31:26.000+07:00,
802202,80250,ตำบลหลักช้าง,Tambon Lak Chang,8022,8.354,99.535,2019-08-09T03:33:09.000+07:00,2025-09-20T06:31:26.000+07:00,
802203,80250,ตำบลสวนขัน,Tambon Suan Kan,8022,8.416,99.643,2019-08-09T03:33:09.000+07:00,2025-09-20T06:31:26.000+07:00,
802301,80190,ตำบลเชียรเขา,Tambon Chian Khao,8023,8.184,100.078,2019-08-09T03:33:09.000+07:00,2025-09-20T06:31:26.000+07:00,
802302,80290,ตำบลดอนตรอ,Tambon Don Tro,8023,8.213,100.039,2019-08-09T03:33:09.000+07:00,2025-09-20T06:31:26.000+07:00,
802303,80190,ตำบลสวนหลวง,Tambon Suan Luang,8023,8.139,100.037,2019-08-09T03:33:09.000+07:00,2025-09-20T06:31:26.000+07:00,
802304,80190,ตำบลทางพูน,Tambon Thang Phun,8023,8.239,99.981,2019-08-09T03:33:09.000+07:00,2025-09-20T06:31:26.000+07:00,
810101,81000,ตำบลปากน้ำ,Tambon Pak Nam,8101,8.09,98.905,2019-08-09T03:33:09.000+07:00,2025-09-20T06:31:26.000+07:00,
810102,81000,ตำบลกระบี่ใหญ่,Tambon Krabi Yai,8101,,,2019-08-09T03:33:09.000+07:00,2025-09-20T06:31:26.000+07:00,
810103,81000,ตำบลกระบี่น้อย,Tambon Krabi Noi,8101,8.176,98.959,2019-08-09T03:33:09.000+07:00,2025-09-20T06:31:26.000+07:00,
810105,81000,ตำบลเขาคราม,Tambon Khao Khram,8101,8.21,98.729,2019-08-09T03:33:09.000+07:00,2025-09-20T06:31:26.000+07:00,
810106,81000,ตำบลเขาทอง,Tambon Khao Thong,8101,8.049,98.676,2019-08-09T03:33:09.000+07:00,2025-09-20T06:31:26.000+07:00,
810111,81000,ตำบลทับปริก,Tambon Thap Prik,8101,8.203,98.886,2019-08-09T03:33:09.000+07:00,2025-09-20T06:31:26.000+07:00,
810115,81000,ตำบลไสไทย,Tambon Sai Thai,8101,8.064,98.872,2019-08-09T03:33:09.000+07:00,2025-09-20T06:31:26.000+07:00,
810116,81000,ตำบลอ่าวนาง,Tambon Ao Nang,8101,7.616,98.863,2019-08-09T03:33:09.000+07:00,2025-09-20T06:31:26.000+07:00,
810117,81000,ตำบลหนองทะเล,Tambon Nong Thale,8101,8.088,98.785,2019-08-09T03:33:09.000+07:00,2025-09-20T06:31:26.000+07:00,
810118,81000,ตำบลคลองประสงค์,Tambon Khlong Prasong,8101,7.972,98.809,2019-08-09T03:33:09.000+07:00,2025-09-20T06:31:26.000+07:00,
810201,81140,ตำบลเขาพนม,Tambon Khao Phanom,8102,8.227,99.045,2019-08-09T03:33:09.000+07:00,2025-09-20T06:31:26.000+07:00,
810202,81140,ตำบลเขาดิน,Tambon Khao Din,8102,8.342,99.167,2019-08-09T03:33:09.000+07:00,2025-09-20T06:31:26.000+07:00,
810203,80240,ตำบลสินปุน,Tambon Sin Pun,8102,8.277,99.295,2019-08-09T03:33:09.000+07:00,2025-09-20T06:31:26.000+07:00,
810204,81140,ตำบลพรุเตียว,Tambon Phru Tiao,8102,8.258,99.128,2019-08-09T03:33:09.000+07:00,2025-09-20T06:31:26.000+07:00,
810205,81140,ตำบลหน้าเขา,Tambon Na Khao,8102,8.343,98.966,2019-08-09T03:33:09.000+07:00,2025-09-20T06:31:26.000+07:00,
810206,80240,ตำบลโคกหาร,Tambon Khok Han,8102,8.188,99.252,2019-08-09T03:33:09.000+07:00,2025-09-20T06:31:26.000+07:00,
810301,81150,ตำบลเกาะลันตาใหญ่,Tambon Ko Lanta Yai,8103,7.496,99.12,2019-08-09T03:33:09.000+07:00,2025-09-20T06:31:26.000+07:00,
810302,81150,ตำบลเกาะลันตาน้อย,Tambon Ko Lanta Noi,8103,7.576,99.142,2019-08-09T03:33:09.000+07:00,2025-09-20T06:31:26.000+07:00,
810303,81120,ตำบลเกาะกลาง,Tambon Ko Klang,8103,7.746,99.126,2019-08-09T03:33:09.000+07:00,2025-09-20T06:31:26.000+07:00,
810304,81120,ตำบลคลองยาง,Tambon Khlong Yang,8103,7.855,99.053,2019-08-09T03:33:09.000+07:00,2025-09-20T06:31:26.000+07:00,
810305,81150,ตำบลศาลาด่าน,Tambon Sala Dan,8103,7.603,99.05,2019-08-09T03:33:09.000+07:00,2025-09-20T06:31:26.000+07:00,
810401,81120,ตำบลคลองท่อมใต้,Tambon Khlong Thom Tai,8104,7.933,99.172,2019-08-09T03:33:09.000+07:00,2025-09-20T06:31:26.000+07:00,
810402,81120,ตำบลคลองท่อมเหนือ,Tambon Khlong Thom Nuea,8104,7.93,99.263,2019-08-09T03:33:09.000+07:00,2025-09-20T06:31:26.000+07:00,
810403,81170,ตำบลคลองพน,Tambon Khlong Phon,8104,7.758,99.172,2019-08-09T03:33:09.000+07:00,2025-09-20T06:31:26.000+07:00,
810404,81170,ตำบลทรายขาว,Tambon Sai Khao,8104,7.711,99.241,2019-08-09T03:33:09.000+07:00,2025-09-20T06:31:26.000+07:00,
810405,81120,ตำบลห้วยน้ำขาว,Tambon Huai Nam Khao,8104,7.866,99.126,2019-08-09T03:33:09.000+07:00,2025-09-20T06:31:26.000+07:00,
810406,81120,ตำบลพรุดินนา,Tambon Phru Din Na,8104,8.06,99.219,2019-08-09T03:33:09.000+07:00,2025-09-20T06:31:26.000+07:00,
810407,81120,ตำบลเพหลา,Tambon Phela,8104,8.075,99.139,2019-08-09T03:33:09.000+07:00,2025-09-20T06:31:26.000+07:00,
810501,81110,ตำบลอ่าวลึกใต้,Tambon Ao Luek Tai,8105,8.386,98.707,2019-08-09T03:33:09.000+07:00,2025-09-20T06:31:26.000+07:00,
810502,81110,ตำบลแหลมสัก,Tambon Laem Sak,8105,8.292,98.616,2019-08-09T03:33:09.000+07:00,2025-09-20T06:31:26.000+07:00,
810503,81110,ตำบลนาเหนือ,Tambon Na Nuea,8105,8.529,98.736,2019-08-09T03:33:09.000+07:00,2025-09-20T06:31:26.000+07:00,
810504,81110,ตำบลคลองหิน,Tambon Khlong Hin,8105,8.324,98.837,2019-08-09T03:33:09.000+07:00,2025-09-20T06:31:26.000+07:00,
810505,81110,ตำบลอ่าวลึกน้อย,Tambon Ao Luek Noi,8105,8.211,98.687,2019-08-09T03:33:09.000+07:00,2025-09-20T06:31:26.000+07:00,
810506,81110,ตำบลอ่าวลึกเหนือ,Tambon Ao Luek Nuea,8105,8.399,98.825,2019-08-09T03:33:09.000+07:00,2025-09-20T06:31:26.000+07:00,
810507,81110,ตำบลเขาใหญ่,Tambon Khao Yai,8105,8.465,98.719,2019-08-09T03:33:09.000+07:00,2025-09-20T06:31:26.000+07:00,
810508,81110,ตำบลคลองยา,Tambon Khlong Ya,8105,8.379,98.883,2019-08-09T03:33:09.000+07:00,2025-09-20T06:31:26.000+07:00,
810509,81110,ตำบลบ้านกลาง,Tambon Ban Klang,8105,8.352,98.792,2019-08-09T03:33:09.000+07:00,2025-09-20T06:31:26.000+07:00,
810601,81160,ตำบลปลายพระยา,Tambon Plai Phraya,8106,8.564,98.879,2019-08-09T03:33:09.000+07:00,2025-09-20T06:31:26.000+07:00,
810602,81160,ตำบลเขาเขน,Tambon Khao Khen,8106,8.56,98.798,2019-08-09T03:33:09.000+07:00,2025-09-20T06:31:26.000+07:00,
810603,81160,ตำบลเขาต่อ,Tambon Khao To,8106,8.612,98.739,2019-08-09T03:33:09.000+07:00,2025-09-20T06:31:26.000+07:00,
810604,81160,ตำบลคีรีวง,Tambon Khiri Wong,8106,8.445,98.841,2019-08-09T03:33:09.000+07:00,2025-09-20T06:31:26.000+07:00,
810701,81120,ตำบลลำทับ,Tambon Lam Thap,8107,7.96,99.348,2019-08-09T03:33:09.000+07:00,2025-09-20T06:31:26.000+07:00,
810702,81120,ตำบลดินอุดม,Tambon Din Udom,8107,8.1,99.358,2019-08-09T03:33:09.000+07:00,2025-09-20T06:31:26.000+07:00,
810703,81120,ตำบลทุ่งไทรทอง,Tambon Thung Sai Thong,8107,8.004,99.311,2019-08-09T03:33:09.000+07:00,2025-09-20T06:31:26.000+07:00,
810704,81120,ตำบลดินแดง,Tambon Din Daeng,8107,8.011,99.373,2019-08-09T03:33:09.000+07:00,2025-09-20T06:31:26.000+07:00,
810801,81130,ตำบลเหนือคลอง,Tambon Nuea Khlong,8108,8.086,98.99,2019-08-09T03:33:09.000+07:00,2025-09-20T06:31:26.000+07:00,
810802,81130,ตำบลเกาะศรีบอยา,Tambon Ko Si Boya,8108,7.801,98.995,2019-08-09T03:33:09.000+07:00,2025-09-20T06:31:26.000+07:00,
810803,81130,ตำบลคลองขนาน,Tambon Khlong Khanan,8108,7.941,99.072,2019-08-09T03:33:09.000+07:00,2025-09-20T06:31:26.000+07:00,
810804,81130,ตำบลคลองเขม้า,Tambon Khlong Khamao,8108,8.036,98.976,2019-08-09T03:33:09.000+07:00,2025-09-20T06:31:26.000+07:00,
810805,81130,ตำบลโคกยาง,Tambon Khok Yang,8108,8.09,99.087,2019-08-09T03:33:09.000+07:00,2025-09-20T06:31:26.000+07:00,
810806,81130,ตำบลตลิ่งชัน,Tambon Taling Chan,8108,7.963,98.969,2019-08-09T03:33:09.000+07:00,2025-09-20T06:31:26.000+07:00,
810807,81130,ตำบลปกาสัย,Tambon Pakasai,8108,8.015,99.062,2019-08-09T03:33:09.000+07:00,2025-09-20T06:31:26.000+07:00,
810808,81130,ตำบลห้วยยูง,Tambon Huai Yung,8108,8.12,99.026,2019-08-09T03:33:09.000+07:00,2025-09-20T06:31:26.000+07:00,
820101,82000,ตำบลท้ายช้าง,Tambon Thai Chang,8201,8.446,98.524,2019-08-09T03:33:09.000+07:00,2025-09-20T06:31:26.000+07:00,
820102,82000,ตำบลนบปริง,Tambon Nop Pring,8201,8.536,98.514,2019-08-09T03:33:09.000+07:00,2025-09-20T06:31:26.000+07:00,
820103,82000,ตำบลถ้ำน้ำผุด,Tambon Tham Nam Phut,8201,8.427,98.527,2019-08-09T03:33:09.000+07:00,2025-09-20T06:31:26.000+07:00,
820104,82000,ตำบลบางเตย,Tambon Bang Toei,8201,8.407,98.575,2019-08-09T03:33:09.000+07:00,2025-09-20T06:31:26.000+07:00,
820105,82000,ตำบลตากแดด,Tambon Tak Daet,8201,8.433,98.489,2019-08-09T03:33:09.000+07:00,2025-09-20T06:31:26.000+07:00,
820106,82000,ตำบลสองแพรก,Tambon Song Phraek,8201,8.603,98.554,2019-08-09T03:33:09.000+07:00,2025-09-20T06:31:26.000+07:00,
820107,82000,ตำบลทุ่งคาโงก,Tambon Thung Kha Ngok,8201,8.554,98.438,2019-08-09T03:33:09.000+07:00,2025-09-20T06:31:26.000+07:00,
820108,82000,ตำบลเกาะปันหยี,Tambon Ko Panyi,8201,8.317,98.539,2019-08-09T03:33:09.000+07:00,2025-09-20T06:31:26.000+07:00,
820109,82000,ตำบลป่ากอ,Tambon Pa Ko,8201,8.5,98.466,2019-08-09T03:33:09.000+07:00,2025-09-20T06:31:26.000+07:00,
820201,82160,ตำบลเกาะยาวน้อย,Tambon Ko Yao Noi,8202,8.131,98.61,2019-08-09T03:33:09.000+07:00,2025-09-20T06:31:26.000+07:00,
820202,82160,ตำบลเกาะยาวใหญ่,Tambon Ko Yao Yai,8202,8.061,98.567,2019-08-09T03:33:09.000+07:00,2025-09-20T06:31:26.000+07:00,
820203,83000,ตำบลพรุใน,Tambon Pru Nai,8202,7.892,98.581,2019-08-09T03:33:09.000+07:00,2025-09-20T06:31:26.000+07:00,
820301,82170,ตำบลกะปง,Tambon Kapong,8203,8.648,98.468,2019-08-09T03:33:09.000+07:00,2025-09-20T06:31:26.000+07:00,
820302,82170,ตำบลท่านา,Tambon Tha Na,8203,8.713,98.419,2019-08-09T03:33:09.000+07:00,2025-09-20T06:31:26.000+07:00,
820303,82170,ตำบลเหมาะ,Tambon Mo,8203,8.695,98.362,2019-08-09T03:33:09.000+07:00,2025-09-20T06:31:26.000+07:00,
820304,82170,ตำบลเหล,Tambon Le,8203,8.734,98.507,2019-08-09T03:33:09.000+07:00,2025-09-20T06:31:26.000+07:00,
820305,82170,ตำบลรมณีย์,Tambon Rommani,8203,8.829,98.501,2019-08-09T03:33:09.000+07:00,2025-09-20T06:31:26.000+07:00,
820401,82130,ตำบลถ้ำ,Tambon Tham,8204,8.409,98.412,2019-08-09T03:33:09.000+07:00,2025-09-20T06:31:26.000+07:00,
820402,82130,ตำบลกระโสม,Tambon Krasom,8204,8.331,98.483,2019-08-09T03:33:09.000+07:00,2025-09-20T06:31:26.000+07:00,
820403,82130,ตำบลกะไหล,Tambon Kalai,8204,8.285,98.477,2019-08-09T03:33:09.000+07:00,2025-09-20T06:31:26.000+07:00,
820404,82130,ตำบลท่าอยู่,Tambon Tha Yu,8204,8.261,98.398,2019-08-09T03:33:09.000+07:00,2025-09-20T06:31:26.000+07:00,
820405,82140,ตำบลหล่อยูง,Tambon Lo Yung,8204,8.198,98.358,2019-08-09T03:33:09.000+07:00,2025-09-20T06:31:26.000+07:00,
820406,82140,ตำบลโคกกลอย,Tambon Khok Kloi,8204,8.252,98.306,2019-08-09T03:33:09.000+07:00,2025-09-20T06:31:26.000+07:00,
820407,82130,ตำบลคลองเคียน,Tambon Khlong Khian,8204,8.179,98.455,2019-08-09T03:33:09.000+07:00,2025-09-20T06:31:26.000+07:00,
820501,82110,ตำบลตะกั่วป่า,Tambon Takua Pa,8205,8.829,98.362,2019-08-09T03:33:09.000+07:00,2025-09-20T06:31:26.000+07:00,
820502,82110,ตำบลบางนายสี,Tambon Bang Nai Si,8205,8.914,98.324,2019-08-09T03:33:09.000+07:00,2025-09-20T06:31:26.000+07:00,
820503,82110,ตำบลบางไทร,Tambon Bang Sai,8205,8.773,98.312,2019-08-09T03:33:09.000+07:00,2025-09-20T06:31:26.000+07:00,
820504,82110,ตำบลบางม่วง,Tambon Bang Muang,8205,8.819,98.289,2019-08-09T03:33:09.000+07:00,2025-09-20T06:31:26.000+07:00,
820505,82110,ตำบลตำตัว,Tambon Tam Tua,8205,8.784,98.377,2019-08-09T03:33:09.000+07:00,2025-09-20T06:31:26.000+07:00,
820506,82110,ตำบลโคกเคียน,Tambon Khok Khian,8205,8.851,98.388,2019-08-09T03:33:09.000+07:00,2025-09-20T06:31:26.000+07:00,
820507,82190,ตำบลคึกคัก,Tambon Khuekkhak,8205,8.698,98.28,2019-08-09T03:33:09.000+07:00,2025-09-20T06:31:26.000+07:00,
820508,82190,ตำบลเกาะคอเขา,Tambon Ko Kho Khao,8205,8.962,98.284,2019-08-09T03:33:09.000+07:00,2025-09-20T06:31:26.000+07:00,
820601,82150,ตำบลคุระ,Tambon Khura,8206,9.262,98.414,2019-08-09T03:33:09.000+07:00,2025-09-20T06:31:26.000+07:00,
820602,82150,ตำบลบางวัน,Tambon Bang Wan,8206,9.046,98.405,2019-08-09T03:33:09.000+07:00,2025-09-20T06:31:26.000+07:00,
820603,82150,ตำบลเกาะพระทอง,Tambon Ko Phra Thong,8206,9.406,97.901,2019-08-09T03:33:09.000+07:00,2025-09-20T06:31:26.000+07:00,
820605,82150,ตำบลแม่นางขาว,Tambon Mae Nang Khao,8206,9.154,98.404,2019-08-09T03:33:09.000+07:00,2025-09-20T06:31:26.000+07:00,
820701,82180,ตำบลทับปุด,Tambon Thap Put,8207,8.517,98.632,2019-08-09T03:33:09.000+07:00,2025-09-20T06:31:26.000+07:00,
820702,82180,ตำบลมะรุ่ย,Tambon Marui,8207,8.431,98.639,2019-08-09T03:33:09.000+07:00,2025-09-20T06:31:26.000+07:00,
820703,82180,ตำบลบ่อแสน,Tambon Bo Saen,8207,8.472,98.605,2019-08-09T03:33:09.000+07:00,2025-09-20T06:31:26.000+07:00,
820704,82180,ตำบลถ้ำทองหลาง,Tambon Tham Thonglang,8207,8.556,98.598,2019-08-09T03:33:09.000+07:00,2025-09-20T06:31:26.000+07:00,
820705,82180,ตำบลโคกเจริญ,Tambon Khok Charoen,8207,8.543,98.664,2019-08-09T03:33:09.000+07:00,2025-09-20T06:31:26.000+07:00,
820706,82180,ตำบลบางเหรียง,Tambon Bang Riang,8207,8.61,98.654,2019-08-09T03:33:09.000+07:00,2025-09-20T06:31:26.000+07:00,
820801,82120,ตำบลท้ายเหมือง,Tambon Thai Mueang,8208,8.442,98.275,2019-08-09T03:33:09.000+07:00,2025-09-20T06:31:26.000+07:00,
820802,82120,ตำบลนาเตย,Tambon Na Toei,8208,8.344,98.303,2019-08-09T03:33:09.000+07:00,2025-09-20T06:31:26.000+07:00,
820803,82120,ตำบลบางทอง,Tambon Bang Thong,8208,8.418,98.354,2019-08-09T03:33:09.000+07:00,2025-09-20T06:31:26.000+07:00,
820804,82120,ตำบลทุ่งมะพร้าว,Tambon Thung Maphrao,8208,8.536,98.277,2019-08-09T03:33:09.000+07:00,2025-09-20T06:31:26.000+07:00,
820805,82120,ตำบลลำภี,Tambon Lam Phi,8208,8.59,98.36,2019-08-09T03:33:09.000+07:00,2025-09-20T06:31:26.000+07:00,
820806,82120,ตำบลลำแก่น,Tambon Lam Kaen,8208,8.578,98.258,2019-08-09T03:33:09.000+07:00,2025-09-20T06:31:26.000+07:00,
830101,83000,ตำบลตลาดใหญ่,Tambon Talat Yai,8301,7.888,98.394,2019-08-09T03:33:09.000+07:00,2025-09-20T06:31:26.000+07:00,
830102,83000,ตำบลตลาดเหนือ,Tambon Talat Nuea,8301,7.879,98.381,2019-08-09T03:33:09.000+07:00,2025-09-20T06:31:26.000+07:00,
830103,83000,ตำบลเกาะแก้ว,Tambon Ko Kaeo,8301,7.924,98.455,2019-08-09T03:33:09.000+07:00,2025-09-20T06:31:26.000+07:00,
830104,83000,ตำบลรัษฎา,Tambon Ratsada,8301,7.834,98.423,2019-08-09T03:33:09.000+07:00,2025-09-20T06:31:26.000+07:00,
830105,83000,ตำบลวิชิต,Tambon Wichit,8301,,,2019-08-09T03:33:09.000+07:00,2025-09-20T06:31:26.000+07:00,
830106,83130,ตำบลฉลอง,Tambon Chalong,8301,7.843,98.341,2019-08-09T03:33:09.000+07:00,2025-09-20T06:31:26.000+07:00,
830107,83130,ตำบลราไวย์,Tambon Rawai,8301,7.767,98.3,2019-08-09T03:33:09.000+07:00,2025-09-20T06:31:26.000+07:00,
830108,83100,ตำบลกะรน,Tambon Karon,8301,7.821,98.285,2019-08-09T03:33:09.000+07:00,2025-09-20T06:31:26.000+07:00,
830201,83120,ตำบลกะทู้,Tambon Kathu,8302,7.914,98.338,2019-08-09T03:33:09.000+07:00,2025-09-20T06:31:26.000+07:00,
830202,83150,ตำบลป่าตอง,Tambon Pa Tong,8302,7.904,98.308,2019-08-09T03:33:09.000+07:00,2025-09-20T06:31:26.000+07:00,
830203,83150,ตำบลกมลา,Tambon Kamala,8302,7.945,98.289,2019-08-09T03:33:09.000+07:00,2025-09-20T06:31:26.000+07:00,
830301,83110,ตำบลเทพกระษัตรี,Tambon Thep Krasattri,8303,8.116,98.425,2019-08-09T03:33:09.000+07:00,2025-09-20T06:31:26.000+07:00,
830302,83110,ตำบลศรีสุนทร,Tambon Si Sunthon,8303,7.984,98.346,2019-08-09T03:33:09.000+07:00,2025-09-20T06:31:26.000+07:00,
830303,83110,ตำบลเชิงทะเล,Tambon Choeng Thale,8303,7.996,98.309,2019-08-09T03:33:09.000+07:00,2025-09-20T06:31:26.000+07:00,
830304,83110,ตำบลป่าคลอก,Tambon Pa Khlok,8303,8.028,98.461,2019-08-09T03:33:09.000+07:00,2025-09-20T06:31:26.000+07:00,
830305,83110,ตำบลไม้ขาว,Tambon Mai Khao,8303,8.147,98.318,2019-08-09T03:33:09.000+07:00,2025-09-20T06:31:26.000+07:00,
830306,83110,ตำบลสาคู,Tambon Sakhu,8303,8.093,98.315,2019-08-09T03:33:09.000+07:00,2025-09-20T06:31:26.000+07:00,
840101,84000,ตำบลตลาด,Tambon Talat,8401,9.137,99.32,2019-08-09T03:33:09.000+07:00,2025-09-20T06:31:26.000+07:00,
840102,84000,ตำบลมะขามเตี้ย,Tambon Makham Tia,8401,9.112,99.347,2019-08-09T03:33:09.000+07:00,2025-09-20T06:31:26.000+07:00,
840103,84000,ตำบลวัดประดู่,Tambon Wat Pradu,8401,8.979,99.328,2019-08-09T03:33:09.000+07:00,2025-09-20T06:31:26.000+07:00,
840104,84100,ตำบลขุนทะเล,Tambon Khun Thale,8401,9.023,99.353,2019-08-09T03:33:09.000+07:00,2025-09-20T06:31:26.000+07:00,
840105,84000,ตำบลบางใบไม้,Tambon Bang Bai Mai,8401,9.152,99.295,2019-08-09T03:33:09.000+07:00,2025-09-20T06:31:26.000+07:00,
840106,84000,ตำบลบางชนะ,Tambon Bang Chana,8401,9.155,99.311,2019-08-09T03:33:09.000+07:00,2025-09-20T06:31:26.000+07:00,
840107,84000,ตำบลคลองน้อย,Tambon Khlong Noi,8401,9.135,99.251,2019-08-09T03:33:09.000+07:00,2025-09-20T06:31:26.000+07:00,
840108,84000,ตำบลบางไทร,Tambon Bang Sai,8401,9.188,99.3,2019-08-09T03:33:09.000+07:00,2025-09-20T06:31:26.000+07:00,
840109,84000,ตำบลบางโพธิ์,Tambon Bang Pho,8401,9.185,99.278,2019-08-09T03:33:09.000+07:00,2025-09-20T06:31:26.000+07:00,
840110,84000,ตำบลบางกุ้ง,Tambon Bang Kung,8401,9.159,99.36,2019-08-09T03:33:09.000+07:00,2025-09-20T06:31:26.000+07:00,
840111,84000,ตำบลคลองฉนาก,Tambon Khlong Chanak,8401,9.191,99.351,2019-08-09T03:33:09.000+07:00,2025-09-20T06:31:26.000+07:00,
840201,84290,ตำบลท่าทองใหม่,Tambon Tha Thong,8402,9.174,99.396,2019-08-09T03:33:09.000+07:00,2025-09-20T06:31:26.000+07:00,
840202,84160,ตำบลท่าทอง,Tambon Tha Thong Mai,8402,9.255,99.539,2019-08-09T03:33:09.000+07:00,2025-09-20T06:31:26.000+07:00,
840203,84160,ตำบลกะแดะ,Tambon Kadae,8402,9.181,99.465,2019-08-09T03:33:09.000+07:00,2025-09-20T06:31:26.000+07:00,
840204,84290,ตำบลทุ่งกง,Tambon Thung Kong,8402,9.122,99.405,2019-08-09T03:33:09.000+07:00,2025-09-20T06:31:26.000+07:00,
840205,84160,ตำบลกรูด,Tambon Krut,8402,9.103,99.549,2019-08-09T03:33:09.000+07:00,2025-09-20T06:31:26.000+07:00,
840206,84160,ตำบลช้างซ้าย,Tambon Chang Sai,8402,9.02,99.478,2019-08-09T03:33:09.000+07:00,2025-09-20T06:31:26.000+07:00,
840207,84160,ตำบลพลายวาส,Tambon Phlai Wat,8402,9.184,99.518,2019-08-09T03:33:09.000+07:00,2025-09-20T06:31:26.000+07:00,
840208,84160,ตำบลป่าร่อน,Tambon Pa Ron,8402,8.97,99.521,2019-08-09T03:33:09.000+07:00,2025-09-20T06:31:26.000+07:00,
840209,84160,ตำบลตะเคียนทอง,Tambon Takhian Thong,8402,9.176,99.43,2019-08-09T03:33:09.000+07:00,2025-09-20T06:31:26.000+07:00,
840210,84160,ตำบลช้างขวา,Tambon Chang Khwa,8402,9.103,99.442,2019-08-09T03:33:09.000+07:00,2025-09-20T06:31:26.000+07:00,
840211,84160,ตำบลท่าอุแท,Tambon Tha Uthae,8402,9.113,99.639,2019-08-09T03:33:09.000+07:00,2025-09-20T06:31:26.000+07:00,
840212,84290,ตำบลทุ่งรัง,Tambon Thung Rung,8402,9.042,99.403,2019-08-09T03:33:09.000+07:00,2025-09-20T06:31:26.000+07:00,
840213,84160,ตำบลคลองสระ,Tambon Khlong Sa,8402,8.976,99.626,2019-08-09T03:33:09.000+07:00,2025-09-20T06:31:26.000+07:00,
840301,84220,ตำบลดอนสัก,Tambon Don Sak,8403,9.31,99.66,2019-08-09T03:33:09.000+07:00,2025-09-20T06:31:26.000+07:00,
840302,84160,ตำบลชลคราม,Tambon Chonlakhram,8403,9.248,99.605,2019-08-09T03:33:09.000+07:00,2025-09-20T06:31:26.000+07:00,
840303,84220,ตำบลไชยคราม,Tambon Chaiyakhram,8403,9.182,99.653,2019-08-09T03:33:09.000+07:00,2025-09-20T06:31:26.000+07:00,
840304,84340,ตำบลปากแพรก,Tambon Pak Phraek,8403,9.134,99.701,2019-08-09T03:33:09.000+07:00,2025-09-20T06:31:26.000+07:00,
840401,84140,ตำบลอ่างทอง,Tambon Ang Thong,8404,9.708,99.675,2019-08-09T03:33:09.000+07:00,2025-09-20T06:31:26.000+07:00,
840402,84140,ตำบลลิปะน้อย,Tambon Lipa Noi,8404,9.502,99.959,2019-08-09T03:33:09.000+07:00,2025-09-20T06:31:26.000+07:00,
840403,84140,ตำบลตลิ่งงาม,Tambon Taling Ngam,8404,9.31,99.892,2019-08-09T03:33:09.000+07:00,2025-09-20T06:31:26.000+07:00,
840404,84140,ตำบลหน้าเมือง,Tambon Na Mueang,8404,9.461,99.996,2019-08-09T03:33:09.000+07:00,2025-09-20T06:31:26.000+07:00,
840405,84310,ตำบลมะเร็ต,Tambon Maret,8404,9.468,100.032,2019-08-09T03:33:09.000+07:00,2025-09-20T06:31:26.000+07:00,
840406,84320,ตำบลบ่อผุด,Tambon Bo Phut,8404,9.539,100.081,2019-08-09T03:33:09.000+07:00,2025-09-20T06:31:26.000+07:00,
840407,84330,ตำบลแม่น้ำ,Tambon Mae Nam,8404,9.563,99.967,2019-08-09T03:33:09.000+07:00,2025-09-20T06:31:26.000+07:00,
840501,84280,ตำบลเกาะพะงัน,Tambon Ko Pha-ngan,8405,9.802,99.979,2019-08-09T03:33:09.000+07:00,2025-09-20T06:31:26.000+07:00,
840502,84280,ตำบลบ้านใต้,Tambon Ban Tai,8405,9.723,100.062,2019-08-09T03:33:09.000+07:00,2025-09-20T06:31:26.000+07:00,
840503,84280,ตำบลเกาะเต่า,Tambon Koh Tao,8405,,,2019-08-09T03:33:09.000+07:00,2025-09-20T06:31:26.000+07:00,
840601,84110,ตำบลตลาดไชยา,Tambon Talat Chaiya,8406,9.391,99.198,2019-08-09T03:33:09.000+07:00,2025-09-20T06:31:26.000+07:00,
840602,84110,ตำบลพุมเรียง,Tambon Phumriang,8406,9.395,99.261,2019-08-09T03:33:09.000+07:00,2025-09-20T06:31:26.000+07:00,
840603,84110,ตำบลเลม็ด,Tambon Lamet,8406,9.365,99.172,2019-08-09T03:33:09.000+07:00,2025-09-20T06:31:26.000+07:00,
840604,84110,ตำบลเวียง,Tambon Wiang,8406,9.388,99.148,2019-08-09T03:33:09.000+07:00,2025-09-20T06:31:26.000+07:00,
840605,84110,ตำบลทุ่ง,Tambon Thung,8406,9.424,99.215,2019-08-09T03:33:09.000+07:00,2025-09-20T06:31:26.000+07:00,
840606,84110,ตำบลป่าเว,Tambon Pa We,8406,9.447,99.144,2019-08-09T03:33:09.000+07:00,2025-09-20T06:31:26.000+07:00,
840607,84110,ตำบลตะกรบ,Tambon Takrop,8406,9.464,99.229,2019-08-09T03:33:09.000+07:00,2025-09-20T06:31:26.000+07:00,
840608,84110,ตำบลโมถ่าย,Tambon Mo Thai,8406,9.407,99.084,2019-08-09T03:33:09.000+07:00,2025-09-20T06:31:26.000+07:00,
840609,84110,ตำบลปากหมาก,Tambon Pak Mak,8406,9.477,98.948,2019-08-09T03:33:09.000+07:00,2025-09-20T06:31:26.000+07:00,
840701,84170,ตำบลท่าชนะ,Tambon Tha Chana,8407,9.593,99.183,2019-08-09T03:33:09.000+07:00,2025-09-20T06:31:26.000+07:00,
840702,84170,ตำบลสมอทอง,Tambon Samo Thong,8407,9.581,99.053,2019-08-09T03:33:09.000+07:00,2025-09-20T06:31:26.000+07:00,
840703,84170,ตำบลประสงค์,Tambon Prasong,8407,9.586,98.851,2019-08-09T03:33:09.000+07:00,2025-09-20T06:31:26.000+07:00,
840704,84170,ตำบลคันธุลี,Tambon Khan Thuli,8407,9.661,99.088,2019-08-09T03:33:09.000+07:00,2025-09-20T06:31:26.000+07:00,
840705,84170,ตำบลวัง,Tambon Wang,8407,9.52,99.198,2019-08-09T03:33:09.000+07:00,2025-09-20T06:31:26.000+07:00,
840706,84170,ตำบลคลองพา,Tambon Khlong Pha,8407,9.685,98.865,2019-08-09T03:33:09.000+07:00,2025-09-20T06:31:26.000+07:00,
840801,84180,ตำบลท่าขนอน,Tambon Tha Khanon,8408,9.075,98.874,2019-08-09T03:33:09.000+07:00,2025-09-20T06:31:26.000+07:00,
840802,84180,ตำบลบ้านยาง,Tambon Ban Yang,8408,9.051,99.012,2019-08-09T03:33:09.000+07:00,2025-09-20T06:31:26.000+07:00,
840803,84180,ตำบลน้ำหัก,Tambon Nam Hak,8408,9.157,98.824,2019-08-09T03:33:09.000+07:00,2025-09-20T06:31:26.000+07:00,
840806,84180,ตำบลกะเปา,Tambon Kapao,8408,9.011,98.89,2019-08-09T03:33:09.000+07:00,2025-09-20T06:31:26.000+07:00,
840807,84180,ตำบลท่ากระดาน,Tambon Tha Kradan,8408,9.063,99.025,2019-08-09T03:33:09.000+07:00,2025-09-20T06:31:26.000+07:00,
840808,84180,ตำบลย่านยาว,Tambon Yan Yao,8408,8.992,98.977,2019-08-09T03:33:09.000+07:00,2025-09-20T06:31:26.000+07:00,
840809,84180,ตำบลถ้ำสิงขร,Tambon Tham Singkhon,8408,8.993,99.038,2019-08-09T03:33:09.000+07:00,2025-09-20T06:31:26.000+07:00,
840810,84180,ตำบลบ้านทำเนียบ,Tambon Ban Thamniap,8408,8.868,98.968,2019-08-09T03:33:09.000+07:00,2025-09-20T06:31:26.000+07:00,
840901,84230,ตำบลเขาวง,Tambon Khao Wong,8409,8.923,98.929,2019-08-09T03:33:09.000+07:00,2025-09-20T06:31:26.000+07:00,
840902,84230,ตำบลพระแสง,Tambon Phasaeng,8409,,,2019-08-09T03:33:09.000+07:00,2025-09-20T06:31:26.000+07:00,
840903,84230,ตำบลพรุไทย,Tambon Phru Thai,8409,8.949,98.896,2019-08-09T03:33:09.000+07:00,2025-09-20T06:31:26.000+07:00,
840904,84230,ตำบลเขาพัง,Tambon Khao Phang,8409,9.115,98.645,2019-08-09T03:33:09.000+07:00,2025-09-20T06:31:26.000+07:00,
841001,84250,ตำบลพนม,Tambon Phanom,8410,8.828,98.781,2019-08-09T03:33:09.000+07:00,2025-09-20T06:31:26.000+07:00,
841002,84250,ตำบลต้นยวน,Tambon Ton Yuan,8410,8.776,98.9,2019-08-09T03:33:09.000+07:00,2025-09-20T06:31:26.000+07:00,
841003,84250,ตำบลคลองศก,Tambon Khlong Sok,8410,8.857,98.688,2019-08-09T03:33:09.000+07:00,2025-09-20T06:31:26.000+07:00,
841004,84250,ตำบลพลูเถื่อน,Tambon Phlu Thuean,8410,8.735,98.738,2019-08-09T03:33:09.000+07:00,2025-09-20T06:31:26.000+07:00,
841005,84250,ตำบลพังกาญจน์,Tambon Phang Kan,8410,8.878,98.806,2019-08-09T03:33:09.000+07:00,2025-09-20T06:31:26.000+07:00,
841006,84250,ตำบลคลองชะอุ่น,Tambon Khlong Cha-un,8410,8.727,98.865,2019-08-09T03:33:09.000+07:00,2025-09-20T06:31:26.000+07:00,
841101,84150,ตำบลท่าฉาง,Tambon Tha Chang,8411,9.258,99.175,2019-08-09T03:33:09.000+07:00,2025-09-20T06:31:26.000+07:00,
841102,84150,ตำบลท่าเคย,Tambon Tha Khoei,8411,9.228,99.181,2019-08-09T03:33:09.000+07:00,2025-09-20T06:31:26.000+07:00,
841103,84150,ตำบลคลองไทร,Tambon Khlong Sai,8411,9.2,99.165,2019-08-09T03:33:09.000+07:00,2025-09-20T06:31:26.000+07:00,
841104,84150,ตำบลเขาถ่าน,Tambon Khao Than,8411,9.31,99.188,2019-08-09T03:33:09.000+07:00,2025-09-20T06:31:26.000+07:00,
841105,84150,ตำบลเสวียด,Tambon Sawiat,8411,9.311,99.101,2019-08-09T03:33:09.000+07:00,2025-09-20T06:31:26.000+07:00,
841106,84150,ตำบลปากฉลุย,Tambon Pak Chalui,8411,9.442,98.752,2019-08-09T03:33:09.000+07:00,2025-09-20T06:31:26.000+07:00,
841201,84120,ตำบลนาสาร,Tambon Na San,8412,8.812,99.359,2019-08-09T03:33:09.000+07:00,2025-09-20T06:31:26.000+07:00,
841202,84270,ตำบลพรุพี,Tambon Phru Phi,8412,8.707,99.391,2019-08-09T03:33:09.000+07:00,2025-09-20T06:31:26.000+07:00,
841203,84120,ตำบลทุ่งเตา,Tambon Thung Tao,8412,8.917,99.357,2019-08-09T03:33:09.000+07:00,2025-09-20T06:31:26.000+07:00,
841204,84120,ตำบลลำพูน,Tambon Lamphun,8412,8.845,99.461,2019-08-09T03:33:09.000+07:00,2025-09-20T06:31:26.000+07:00,
841205,84120,ตำบลท่าชี,Tambon Tha Chi,8412,8.756,99.275,2019-08-09T03:33:09.000+07:00,2025-09-20T06:31:26.000+07:00,
841206,84270,ตำบลควนศรี,Tambon Khuan Si,8412,8.713,99.303,2019-08-09T03:33:09.000+07:00,2025-09-20T06:31:26.000+07:00,
841207,84120,ตำบลควนสุบรรณ,Tambon Khuan Suban,8412,8.876,99.367,2019-08-09T03:33:09.000+07:00,2025-09-20T06:31:26.000+07:00,
841208,84120,ตำบลคลองปราบ,Tambon Khlong Prap,8412,8.749,99.348,2019-08-09T03:33:09.000+07:00,2025-09-20T06:31:26.000+07:00,
841209,84120,ตำบลน้ำพุ,Tambon Nam Phu,8412,8.781,99.3,2019-08-09T03:33:09.000+07:00,2025-09-20T06:31:26.000+07:00,
841210,84120,ตำบลทุ่งเตาใหม่,Tambon Thung Tao Mai,8412,8.952,99.408,2019-08-09T03:33:09.000+07:00,2025-09-20T06:31:26.000+07:00,
841211,84120,ตำบลเพิ่มพูนทรัพย์,Tambon Phoem Phun Sap,8412,8.746,99.462,2019-08-09T03:33:09.000+07:00,2025-09-20T06:31:26.000+07:00,
841301,84240,ตำบลบ้านนา,Tambon Ban Na,8413,8.856,99.293,2019-08-09T03:33:09.000+07:00,2025-09-20T06:31:26.000+07:00,
841302,84240,ตำบลท่าเรือ,Tambon Tha Ruea,8413,8.947,99.269,2019-08-09T03:33:09.000+07:00,2025-09-20T06:31:26.000+07:00,
841303,84240,ตำบลทรัพย์ทวี,Tambon Sap Thawi,8413,8.914,99.226,2019-08-09T03:33:09.000+07:00,2025-09-20T06:31:26.000+07:00,
841304,84240,ตำบลนาใต้,Tambon Na Tai,8413,8.906,99.324,2019-08-09T03:33:09.000+07:00,2025-09-20T06:31:26.000+07:00,
841401,84260,ตำบลเคียนซา,Tambon Khian Sa,8414,8.817,99.18,2019-08-09T03:33:09.000+07:00,2025-09-20T06:31:26.000+07:00,
841402,84210,ตำบลพ่วงพรมคร,Tambon Phuang Phromkhon,8414,8.665,99.227,2019-08-09T03:33:09.000+07:00,2025-09-20T06:31:26.000+07:00,
841403,84260,ตำบลเขาตอก,Tambon Khao Tok,8414,8.845,99.251,2019-08-09T03:33:09.000+07:00,2025-09-20T06:31:26.000+07:00,
841404,84260,ตำบลอรัญคามวารี,Tambon Aranyakham Wari,8414,8.745,99.19,2019-08-09T03:33:09.000+07:00,2025-09-20T06:31:26.000+07:00,
841405,84260,ตำบลบ้านเสด็จ,Tambon Ban Sadet,8414,8.736,99.024,2019-08-09T03:33:09.000+07:00,2025-09-20T06:31:26.000+07:00,
841501,84190,ตำบลเวียงสระ,Tambon Wiang Sa,8415,8.649,99.342,2019-08-09T03:33:09.000+07:00,2025-09-20T06:31:26.000+07:00,
841502,84190,ตำบลบ้านส้อง,Tambon Ban Song,8415,8.645,99.42,2019-08-09T03:33:09.000+07:00,2025-09-20T06:31:26.000+07:00,
841503,84190,ตำบลคลองฉนวน,Tambon Khlong Chanuan,8415,8.517,99.321,2019-08-09T03:33:09.000+07:00,2025-09-20T06:31:26.000+07:00,
841504,84190,ตำบลทุ่งหลวง,Tambon Thung Luang,8415,8.592,99.298,2019-08-09T03:33:09.000+07:00,2025-09-20T06:31:26.000+07:00,
841505,84190,ตำบลเขานิพันธ์,Tambon *Khao Niphan,8415,8.584,99.348,2019-08-09T03:33:09.000+07:00,2025-09-20T06:31:26.000+07:00,
841601,84210,ตำบลอิปัน,Tambon Ipan,8416,8.584,99.224,2019-08-09T03:33:09.000+07:00,2025-09-20T06:31:26.000+07:00,
841602,84210,ตำบลสินปุน,Tambon Sin Pun,8416,8.514,99.238,2019-08-09T03:33:09.000+07:00,2025-09-20T06:31:26.000+07:00,
841603,84210,ตำบลบางสวรรค์,Tambon Bang Sawan,8416,8.616,98.975,2019-08-09T03:33:09.000+07:00,2025-09-20T06:31:26.000+07:00,
841604,84210,ตำบลไทรขึง,Tambon Sai Khueng,8416,8.538,99.063,2019-08-09T03:33:09.000+07:00,2025-09-20T06:31:26.000+07:00,
841605,84210,ตำบลสินเจริญ,Tambon Sin Charoen,8416,8.339,99.245,2019-08-09T03:33:09.000+07:00,2025-09-20T06:31:26.000+07:00,
841606,84210,ตำบลไทรโสภา,Tambon Sai Sopha,8416,8.597,99.066,2019-08-09T03:33:09.000+07:00,2025-09-20T06:31:26.000+07:00,
841607,84210,ตำบลสาคู,Tambon Sakhu,8416,8.59,99.166,2019-08-09T03:33:09.000+07:00,2025-09-20T06:31:26.000+07:00,
841701,84130,ตำบลท่าข้าม,Tambon Tha Kham,8417,9.062,99.218,2019-08-09T03:33:09.000+07:00,2025-09-20T06:31:26.000+07:00,
841702,84130,ตำบลท่าสะท้อน,Tambon Tha Sathon,8417,8.994,99.227,2019-08-09T03:33:09.000+07:00,2025-09-20T06:31:26.000+07:00,
841703,84130,ตำบลลีเล็ด,Tambon Lilet,8417,9.203,99.242,2019-08-09T03:33:09.000+07:00,2025-09-20T06:31:26.000+07:00,
841704,84130,ตำบลบางมะเดื่อ,Tambon Bang Maduea,8417,9.031,99.123,2019-08-09T03:33:09.000+07:00,2025-09-20T06:31:26.000+07:00,
841705,84130,ตำบลบางเดือน,Tambon Bang Duean,8417,9.026,99.087,2019-08-09T03:33:09.000+07:00,2025-09-20T06:31:26.000+07:00,
841706,84130,ตำบลท่าโรงช้าง,Tambon Tha Rong Chang,8417,9.031,99.175,2019-08-09T03:33:09.000+07:00,2025-09-20T06:31:26.000+07:00,
841707,84130,ตำบลกรูด,Tambon Krut,8417,8.949,99.126,2019-08-09T03:33:09.000+07:00,2025-09-20T06:31:26.000+07:00,
841708,84130,ตำบลพุนพิน,Tambon Phunphin,8417,9.125,99.199,2019-08-09T03:33:09.000+07:00,2025-09-20T06:31:26.000+07:00,
841709,84130,ตำบลบางงอน,Tambon Bang Ngon,8417,9.116,99.06,2019-08-09T03:33:09.000+07:00,2025-09-20T06:31:26.000+07:00,
841710,84130,ตำบลศรีวิชัย,Tambon Si Wichai,8417,9.162,99.213,2019-08-09T03:33:09.000+07:00,2025-09-20T06:31:26.000+07:00,
841711,84130,ตำบลน้ำรอบ,Tambon Nam Rop,8417,9.099,99.112,2019-08-09T03:33:09.000+07:00,2025-09-20T06:31:26.000+07:00,
841712,84130,ตำบลมะลวน,Tambon Maluan,8417,9.166,99.106,2019-08-09T03:33:09.000+07:00,2025-09-20T06:31:26.000+07:00,
841713,84130,ตำบลหัวเตย,Tambon Hua Toei,8417,9.136,99.163,2019-08-09T03:33:09.000+07:00,2025-09-20T06:31:26.000+07:00,
841714,84130,ตำบลหนองไทร,Tambon Nong Sai,8417,9.096,99.159,2019-08-09T03:33:09.000+07:00,2025-09-20T06:31:26.000+07:00,
841715,84130,ตำบลเขาหัวควาย,Tambon Khao Hua Khwai,8417,9.039,99.267,2019-08-09T03:33:09.000+07:00,2025-09-20T06:31:26.000+07:00,
841716,84130,ตำบลตะปาน,Tambon Tapan,8417,8.866,99.087,2019-08-09T03:33:09.000+07:00,2025-09-20T06:31:26.000+07:00,
841801,84350,ตำบลสองแพรก,Tambon Song Phraek,8418,8.483,99.125,2019-08-09T03:33:09.000+07:00,2025-09-20T06:31:26.000+07:00,
841802,84350,ตำบลชัยบุรี,Tambon Chai Buri,8418,8.434,99.071,2019-08-09T03:33:09.000+07:00,2025-09-20T06:31:26.000+07:00,
841803,84350,ตำบลคลองน้อย,Tambon Khlong Noi,8418,8.503,98.997,2019-08-09T03:33:09.000+07:00,2025-09-20T06:31:26.000+07:00,
841804,84350,ตำบลไทรทอง,Tambon Sai Thong,8418,8.389,99.073,2019-08-09T03:33:09.000+07:00,2025-09-20T06:31:26.000+07:00,
841901,84180,ตำบลตะกุกใต้,Tambon Takuk Tai,8419,9.227,98.807,2019-08-09T03:33:09.000+07:00,2025-09-20T06:31:26.000+07:00,
841902,84180,ตำบลตะกุกเหนือ,Tambon Takuk Nuea,8419,9.252,98.909,2019-08-09T03:33:09.000+07:00,2025-09-20T06:31:26.000+07:00,
850101,85000,ตำบลเขานิเวศน์,Tambon Khao Niwet,8501,9.96,98.621,2019-08-09T03:33:09.000+07:00,2025-09-20T06:31:26.000+07:00,
850102,85000,ตำบลราชกรูด,Tambon Ratchakrut,8501,9.721,98.578,2019-08-09T03:33:09.000+07:00,2025-09-20T06:31:26.000+07:00,
850103,85000,ตำบลหงาว,Tambon Ngao,8501,9.767,98.547,2019-08-09T03:33:09.000+07:00,2025-09-20T06:31:26.000+07:00,
850104,85000,ตำบลบางริ้น,Tambon Bang Rin,8501,9.909,98.644,2019-08-09T03:33:09.000+07:00,2025-09-20T06:31:26.000+07:00,
850105,85000,ตำบลปากน้ำ,Tambon Pak Nam,8501,9.914,98.526,2019-08-09T03:33:09.000+07:00,2025-09-20T06:31:26.000+07:00,
850106,85000,ตำบลบางนอน,Tambon Bang Non,8501,10.005,98.647,2019-08-09T03:33:09.000+07:00,2025-09-20T06:31:26.000+07:00,
850107,85000,ตำบลหาดส้มแป้น,Tambon Hat Som Paen,8501,9.916,98.699,2019-08-09T03:33:09.000+07:00,2025-09-20T06:31:26.000+07:00,
850108,85130,ตำบลทรายแดง,Tambon Sai Daeng,8501,10.13,98.68,2019-08-09T03:33:09.000+07:00,2025-09-20T06:31:26.000+07:00,
850109,85000,ตำบลเกาะพยาม,Tambon Ko Phayam,8501,9.877,98.442,2019-08-09T03:33:09.000+07:00,2025-09-20T06:31:26.000+07:00,
850201,85130,ตำบลละอุ่นใต้,Tambon La-un Tai,8502,10.124,98.769,2019-08-09T03:33:09.000+07:00,2025-09-20T06:31:26.000+07:00,
850202,85130,ตำบลละอุ่นเหนือ,Tambon La-un Nuea,8502,10.027,98.806,2019-08-09T03:33:09.000+07:00,2025-09-20T06:31:26.000+07:00,
850203,85130,ตำบลบางพระใต้,Tambon Bang Phra Tai,8502,10.126,98.73,2019-08-09T03:33:09.000+07:00,2025-09-20T06:31:26.000+07:00,
850204,85130,ตำบลบางพระเหนือ,Tambon Bang Phra Nuea,8502,10.022,98.731,2019-08-09T03:33:09.000+07:00,2025-09-20T06:31:26.000+07:00,
850205,85130,ตำบลบางแก้ว,Tambon Bang Kaeo,8502,10.179,98.78,2019-08-09T03:33:09.000+07:00,2025-09-20T06:31:26.000+07:00,
850206,85130,ตำบลในวงเหนือ,Tambon Nai Wong Nuea,8502,10.02,98.842,2019-08-09T03:33:09.000+07:00,2025-09-20T06:31:26.000+07:00,
850207,85130,ตำบลในวงใต้,Tambon Nai Wong Tai,8502,10.029,98.884,2019-08-09T03:33:09.000+07:00,2025-09-20T06:31:26.000+07:00,
850301,85120,ตำบลม่วงกลวง,Tambon Muang Kluang,8503,9.606,98.515,2019-08-09T03:33:09.000+07:00,2025-09-20T06:31:26.000+07:00,
850302,85120,ตำบลกะเปอร์,Tambon Kapoe,8503,9.623,98.621,2019-08-09T03:33:09.000+07:00,2025-09-20T06:31:26.000+07:00,
850303,85120,ตำบลเชี่ยวเหลียง,Tambon Chiao Liang,8503,9.562,98.664,2019-08-09T03:33:09.000+07:00,2025-09-20T06:31:26.000+07:00,
850304,85120,ตำบลบ้านนา,Tambon Ban Na,8503,9.553,98.74,2019-08-09T03:33:09.000+07:00,2025-09-20T06:31:26.000+07:00,
850305,85120,ตำบลบางหิน,Tambon Bang Hin,8503,9.595,98.469,2019-08-09T03:33:09.000+07:00,2025-09-20T06:31:26.000+07:00,
850401,85110,ตำบลน้ำจืด,Tambon Nam Chuet,8504,10.394,98.842,2019-08-09T03:33:09.000+07:00,2025-09-20T06:31:26.000+07:00,
850402,85110,ตำบลน้ำจืดน้อย,Tambon Nam Chuet Noi,8504,10.427,98.793,2019-08-09T03:33:09.000+07:00,2025-09-20T06:31:26.000+07:00,
850403,85110,ตำบลมะมุ,Tambon Mamu,8504,10.457,98.846,2019-08-09T03:33:09.000+07:00,2025-09-20T06:31:26.000+07:00,
850404,85110,ตำบลปากจั่น,Tambon Pak Chan,8504,10.575,98.832,2019-08-09T03:33:09.000+07:00,2025-09-20T06:31:26.000+07:00,
850405,85110,ตำบลลำเลียง,Tambon Lamliang,8504,10.287,98.842,2019-08-09T03:33:09.000+07:00,2025-09-20T06:31:26.000+07:00,
850406,85110,ตำบลจ.ป.ร.,Tambon Choporo,8504,10.648,98.883,2019-08-09T03:33:09.000+07:00,2025-09-20T06:31:26.000+07:00,
850407,85110,ตำบลบางใหญ่,Tambon Bang Yai,8504,10.265,98.757,2019-08-09T03:33:09.000+07:00,2025-09-20T06:31:26.000+07:00,
850501,85120,ตำบลนาคา,Tambon Nakha,8505,9.514,98.36,2019-08-09T03:33:09.000+07:00,2025-09-20T06:31:26.000+07:00,
850502,85120,ตำบลกำพวน,Tambon Kamphuan,8505,9.401,98.392,2019-08-09T03:33:09.000+07:00,2025-09-20T06:31:26.000+07:00,
860101,86000,ตำบลท่าตะเภา,Tambon Tha Taphao,8601,10.498,99.179,2019-08-09T03:33:09.000+07:00,2025-09-20T06:31:26.000+07:00,
860102,86120,ตำบลปากน้ำ,Tambon Pak Nam,8601,10.448,99.253,2019-08-09T03:33:09.000+07:00,2025-09-20T06:31:26.000+07:00,
860103,86000,ตำบลท่ายาง,Tambon Tha Yang,8601,10.434,99.217,2019-08-09T03:33:09.000+07:00,2025-09-20T06:31:26.000+07:00,
860104,86000,ตำบลบางหมาก,Tambon Bang Mak,8601,10.449,99.185,2019-08-09T03:33:09.000+07:00,2025-09-20T06:31:26.000+07:00,
860105,86000,ตำบลนาทุ่ง,Tambon Na Thung,8601,10.5,99.196,2019-08-09T03:33:09.000+07:00,2025-09-20T06:31:26.000+07:00,
860106,86000,ตำบลนาชะอัง,Tambon Na Cha-ang,8601,10.557,99.379,2019-08-09T03:33:09.000+07:00,2025-09-20T06:31:26.000+07:00,
860107,86000,ตำบลตากแดด,Tambon Tak Daet,8601,10.467,99.153,2019-08-09T03:33:09.000+07:00,2025-09-20T06:31:26.000+07:00,
860108,86000,ตำบลบางลึก,Tambon Bang Luek,8601,10.551,99.185,2019-08-09T03:33:09.000+07:00,2025-09-20T06:31:26.000+07:00,
860109,86000,ตำบลหาดพันไกร,Tambon Hat Phan Krai,8601,10.561,99.143,2019-08-09T03:33:09.000+07:00,2025-09-20T06:31:26.000+07:00,
860110,86000,ตำบลวังไผ่,Tambon Wang Phai,8601,10.525,99.123,2019-08-09T03:33:09.000+07:00,2025-09-20T06:31:26.000+07:00,
860111,86190,ตำบลวังใหม่,Tambon Wang Mai,8601,10.523,99.054,2019-08-09T03:33:09.000+07:00,2025-09-20T06:31:26.000+07:00,
860112,86190,ตำบลบ้านนา,Tambon Ban Na,8601,10.437,98.952,2019-08-09T03:33:09.000+07:00,2025-09-20T06:31:26.000+07:00,
860113,86000,ตำบลขุนกระทิง,Tambon Khun Krathing,8601,10.457,99.104,2019-08-09T03:33:09.000+07:00,2025-09-20T06:31:26.000+07:00,
860114,86100,ตำบลทุ่งคา,Tambon Thung Kha,8601,10.398,99.14,2019-08-09T03:33:09.000+07:00,2025-09-20T06:31:26.000+07:00,
860115,86100,ตำบลวิสัยเหนือ,Tambon Wisai Nuea,8601,10.367,99.09,2019-08-09T03:33:09.000+07:00,2025-09-20T06:31:26.000+07:00,
860116,86120,ตำบลหาดทรายรี,Tambon Hat Sai Ri,8601,10.459,99.403,2019-08-09T03:33:09.000+07:00,2025-09-20T06:31:26.000+07:00,
860117,86100,ตำบลถ้ำสิงห์,Tambon Tham Sing,8601,10.418,99.058,2019-08-09T03:33:09.000+07:00,2025-09-20T06:31:26.000+07:00,
860201,86140,ตำบลท่าแซะ,Tambon Tha Sae,8602,10.663,99.166,2019-08-09T03:33:09.000+07:00,2025-09-20T06:31:26.000+07:00,
860202,86140,ตำบลคุริง,Tambon Khuring,8602,10.744,99.118,2019-08-09T03:33:09.000+07:00,2025-09-20T06:31:26.000+07:00,
860203,86140,ตำบลสลุย,Tambon Salui,8602,10.835,99.233,2019-08-09T03:33:09.000+07:00,2025-09-20T06:31:26.000+07:00,
860204,86140,ตำบลนากระตาม,Tambon Na Kratam,8602,10.606,99.184,2019-08-09T03:33:09.000+07:00,2025-09-20T06:31:26.000+07:00,
860205,86190,ตำบลรับร่อ,Tambon Rap Ro,8602,10.768,99.011,2019-08-09T03:33:09.000+07:00,2025-09-20T06:31:26.000+07:00,
860206,86140,ตำบลท่าข้าม,Tambon Tha Kham,8602,10.66,99.105,2019-08-09T03:33:09.000+07:00,2025-09-20T06:31:26.000+07:00,
860207,86140,ตำบลหงษ์เจริญ,Tambon Hong Charoen,8602,10.808,99.134,2019-08-09T03:33:09.000+07:00,2025-09-20T06:31:26.000+07:00,
860208,86190,ตำบลหินแก้ว,Tambon Hin Kaeo,8602,10.622,98.992,2019-08-09T03:33:09.000+07:00,2025-09-20T06:31:26.000+07:00,
860209,86140,ตำบลทรัพย์อนันต์,Tambon Sap Anan,8602,10.713,99.202,2019-08-09T03:33:09.000+07:00,2025-09-20T06:31:26.000+07:00,
860210,86140,ตำบลสองพี่น้อง,Tambon Song Phi Nong,8602,10.949,99.189,2019-08-09T03:33:09.000+07:00,2025-09-20T06:31:26.000+07:00,
860301,86160,ตำบลบางสน,Tambon Bang Song,8603,10.658,99.264,2019-08-09T03:33:09.000+07:00,2025-09-20T06:31:26.000+07:00,
860302,86160,ตำบลทะเลทรัพย์,Tambon Thale Sap,8603,10.727,99.267,2019-08-09T03:33:09.000+07:00,2025-09-20T06:31:26.000+07:00,
860303,86230,ตำบลสะพลี,Tambon Saphli,8603,10.608,99.25,2019-08-09T03:33:09.000+07:00,2025-09-20T06:31:26.000+07:00,
860304,86160,ตำบลชุมโค,Tambon Chum Kho,8603,10.701,99.41,2019-08-09T03:33:09.000+07:00,2025-09-20T06:31:26.000+07:00,
860305,86210,ตำบลดอนยาง,Tambon Don Yang,8603,10.861,99.354,2019-08-09T03:33:09.000+07:00,2025-09-20T06:31:26.000+07:00,
860306,86210,ตำบลปากคลอง,Tambon Pak Khlong,8603,10.862,99.486,2019-08-09T03:33:09.000+07:00,2025-09-20T06:31:26.000+07:00,
860307,86210,ตำบลเขาไชยราช,Tambon Khao Chai Rat,8603,10.939,99.349,2019-08-09T03:33:09.000+07:00,2025-09-20T06:31:26.000+07:00,
860401,86110,ตำบลหลังสวน,Tambon Lang Suan,8604,9.95,99.09,2019-08-09T03:33:09.000+07:00,2025-09-20T06:31:26.000+07:00,
860402,86110,ตำบลขันเงิน,Tambon Khan Ngoen,8604,9.934,99.074,2019-08-09T03:33:09.000+07:00,2025-09-20T06:31:26.000+07:00,
860403,86110,ตำบลท่ามะพลา,Tambon Tha Maphla,8604,9.929,99.045,2019-08-09T03:33:09.000+07:00,2025-09-20T06:31:26.000+07:00,
860404,86110,ตำบลนาขา,Tambon Na Kha,8604,10.009,99.081,2019-08-09T03:33:09.000+07:00,2025-09-20T06:31:26.000+07:00,
860405,86110,ตำบลนาพญา,Tambon Na Phaya,8604,9.872,99.12,2019-08-09T03:33:09.000+07:00,2025-09-20T06:31:26.000+07:00,
860406,86110,ตำบลบ้านควน,Tambon Ban Khuan,8604,9.85,99.028,2019-08-09T03:33:09.000+07:00,2025-09-20T06:31:26.000+07:00,
860407,86110,ตำบลบางมะพร้าว,Tambon Bang Maphrao,8604,9.918,99.147,2019-08-09T03:33:09.000+07:00,2025-09-20T06:31:26.000+07:00,
860408,86150,ตำบลบางน้ำจืด,Tambon Bang Nam Chuet,8604,10.051,99.188,2019-08-09T03:33:09.000+07:00,2025-09-20T06:31:26.000+07:00,
860409,86150,ตำบลปากน้ำ,Tambon Pak Nam,8604,9.955,99.151,2019-08-09T03:33:09.000+07:00,2025-09-20T06:31:26.000+07:00,
860410,86110,ตำบลพ้อแดง,Tambon Pho Daeng,8604,9.926,99.099,2019-08-09T03:33:09.000+07:00,2025-09-20T06:31:26.000+07:00,
860411,86110,ตำบลแหลมทราย,Tambon Laem Sai,8604,9.962,99.118,2019-08-09T03:33:09.000+07:00,2025-09-20T06:31:26.000+07:00,
860412,86110,ตำบลวังตะกอ,Tambon Wang Tako,8604,9.986,98.984,2019-08-09T03:33:09.000+07:00,2025-09-20T06:31:26.000+07:00,
860413,86110,ตำบลหาดยาย,Tambon Hat Yai,8604,9.96,98.956,2019-08-09T03:33:09.000+07:00,2025-09-20T06:31:26.000+07:00,
860501,86170,ตำบลละแม,Tambon Lamae,8605,9.752,98.945,2019-08-09T03:33:09.000+07:00,2025-09-20T06:31:26.000+07:00,
860502,86170,ตำบลทุ่งหลวง,Tambon Thung Luang,8605,9.8,99.065,2019-08-09T03:33:09.000+07:00,2025-09-20T06:31:26.000+07:00,
860503,86170,ตำบลสวนแตง,Tambon Suan Taeng,8605,9.723,99.108,2019-08-09T03:33:09.000+07:00,2025-09-20T06:31:26.000+07:00,
860504,86170,ตำบลทุ่งคาวัด,Tambon Thung Kha Wat,8605,9.748,99.0,2019-08-09T03:33:09.000+07:00,2025-09-20T06:31:26.000+07:00,
860601,86180,ตำบลพะโต๊ะ,Tambon Phato,8606,9.816,98.8,2019-08-09T03:33:09.000+07:00,2025-09-20T06:31:26.000+07:00,
860602,86180,ตำบลปากทรง,Tambon Pak Song,8606,9.741,98.703,2019-08-09T03:33:09.000+07:00,2025-09-20T06:31:26.000+07:00,
860603,86180,ตำบลปังหวาน,Tambon Pang Wan,8606,9.951,98.866,2019-08-09T03:33:09.000+07:00,2025-09-20T06:31:26.000+07:00,
860604,86180,ตำบลพระรักษ์,Tambon Phra Rak,8606,9.852,98.923,2019-08-09T03:33:09.000+07:00,2025-09-20T06:31:26.000+07:00,
860701,86130,ตำบลนาโพธิ์,Tambon Na Pho,8607,10.198,99.107,2019-08-09T03:33:09.000+07:00,2025-09-20T06:31:26.000+07:00,
860702,86130,ตำบลสวี,Tambon Sawi,8607,10.247,99.081,2019-08-09T03:33:09.000+07:00,2025-09-20T06:31:26.000+07:00,
860703,86130,ตำบลทุ่งระยะ,Tambon Thung Raya,8607,10.277,98.945,2019-08-09T03:33:09.000+07:00,2025-09-20T06:31:26.000+07:00,
860704,86130,ตำบลท่าหิน,Tambon Tha Hin,8607,10.213,99.151,2019-08-09T03:33:09.000+07:00,2025-09-20T06:31:26.000+07:00,
860705,86130,ตำบลปากแพรก,Tambon Pak Phraek,8607,10.291,99.148,2019-08-09T03:33:09.000+07:00,2025-09-20T06:31:26.000+07:00,
860706,86130,ตำบลด่านสวี,Tambon Dan Sawi,8607,10.291,99.241,2019-08-09T03:33:09.000+07:00,2025-09-20T06:31:26.000+07:00,
860707,86130,ตำบลครน,Tambon Khron,8607,10.311,99.063,2019-08-09T03:33:09.000+07:00,2025-09-20T06:31:26.000+07:00,
860708,86130,ตำบลวิสัยใต้,Tambon Wisai Tai,8607,10.36,99.04,2019-08-09T03:33:09.000+07:00,2025-09-20T06:31:26.000+07:00,
860709,86130,ตำบลนาสัก,Tambon Na Sak,8607,10.177,99.0,2019-08-09T03:33:09.000+07:00,2025-09-20T06:31:26.000+07:00,
860710,86130,ตำบลเขาทะลุ,Tambon Khao Thalu,8607,10.197,98.915,2019-08-09T03:33:09.000+07:00,2025-09-20T06:31:26.000+07:00,
860711,86130,ตำบลเขาค่าย,Tambon Khao Khai,8607,10.104,98.891,2019-08-09T03:33:09.000+07:00,2025-09-20T06:31:26.000+07:00,
860801,86220,ตำบลปากตะโก,Tambon Pak Tako,8608,10.165,99.176,2019-08-09T03:33:09.000+07:00,2025-09-20T06:31:26.000+07:00,
860802,86220,ตำบลทุ่งตะไคร,Tambon Thung Takhrai,8608,10.131,99.097,2019-08-09T03:33:09.000+07:00,2025-09-20T06:31:26.000+07:00,
860803,86220,ตำบลตะโก,Tambon Tako,8608,10.056,98.974,2019-08-09T03:33:09.000+07:00,2025-09-20T06:31:26.000+07:00,
860804,86220,ตำบลช่องไม้แก้ว,Tambon Chong Mai Kaeo,8608,10.117,99.024,2019-08-09T03:33:09.000+07:00,2025-09-20T06:31:26.000+07:00,
900101,90000,ตำบลบ่อยาง,Tambon Bo Yang,9001,7.198,100.596,2019-08-09T03:33:09.000+07:00,2025-09-20T06:31:26.000+07:00,
900102,90000,ตำบลเขารูปช้าง,Tambon Khao Rup Chang,9001,7.154,100.612,2019-08-09T03:33:09.000+07:00,2025-09-20T06:31:26.000+07:00,
900103,90000,ตำบลเกาะแต้ว,Tambon Ko Taeo,9001,7.112,100.638,2019-08-09T03:33:09.000+07:00,2025-09-20T06:31:26.000+07:00,
900104,90100,ตำบลพะวง,Tambon Phawong,9001,7.105,100.588,2019-08-09T03:33:09.000+07:00,2025-09-20T06:31:26.000+07:00,
900105,90000,ตำบลทุ่งหวัง,Tambon Thung Wang,9001,7.069,100.657,2019-08-09T03:33:09.000+07:00,2025-09-20T06:31:26.000+07:00,
900106,90100,ตำบลเกาะยอ,Tambon Ko Yo,9001,7.163,100.542,2019-08-09T03:33:09.000+07:00,2025-09-20T06:31:26.000+07:00,
900201,90190,ตำบลจะทิ้งพระ,Tambon Chathing Phra,9002,7.469,100.437,2019-08-09T03:33:09.000+07:00,2025-09-20T06:31:26.000+07:00,
900202,90190,ตำบลกระดังงา,Tambon Kradangnga,9002,7.509,100.427,2019-08-09T03:33:09.000+07:00,2025-09-20T06:31:26.000+07:00,
900203,90190,ตำบลสนามชัย,Tambon Sanam Chai,9002,7.547,100.417,2019-08-09T03:33:09.000+07:00,2025-09-20T06:31:26.000+07:00,
900204,90190,ตำบลดีหลวง,Tambon Di Luang,9002,7.58,100.406,2019-08-09T03:33:09.000+07:00,2025-09-20T06:31:26.000+07:00,
900205,90190,ตำบลชุมพล,Tambon Chumphon,9002,7.603,100.385,2019-08-09T03:33:09.000+07:00,2025-09-20T06:31:26.000+07:00,
900206,90190,ตำบลคลองรี,Tambon Khlong Ri,9002,7.542,100.388,2019-08-09T03:33:09.000+07:00,2025-09-20T06:31:26.000+07:00,
900207,90190,ตำบลคูขุด,Tambon Khu Khut,9002,7.458,100.406,2019-08-09T03:33:09.000+07:00,2025-09-20T06:31:26.000+07:00,
900208,90190,ตำบลท่าหิน,Tambon Tha Hin,9002,7.395,100.419,2019-08-09T03:33:09.000+07:00,2025-09-20T06:31:26.000+07:00,
900209,90190,ตำบลวัดจันทร์,Tambon Wat Chan,9002,7.382,100.461,2019-08-09T03:33:09.000+07:00,2025-09-20T06:31:26.000+07:00,
900210,90190,ตำบลบ่อแดง,Tambon Bo Daeng,9002,7.406,100.454,2019-08-09T03:33:09.000+07:00,2025-09-20T06:31:26.000+07:00,
900211,90190,ตำบลบ่อดาน,Tambon Bor Dan,9002,7.435,100.447,2019-08-09T03:33:09.000+07:00,2025-09-20T06:31:26.000+07:00,
900301,90130,ตำบลบ้านนา,Tambon Ban Na,9003,6.901,100.742,2019-08-09T03:33:09.000+07:00,2025-09-20T06:31:26.000+07:00,
900302,90130,ตำบลป่าชิง,Tambon Pa Ching,9003,6.939,100.686,2019-08-09T03:33:09.000+07:00,2025-09-20T06:31:26.000+07:00,
900303,90130,ตำบลสะพานไม้แก่น,Tambon Saphan Mai Kaen,9003,6.826,100.783,2019-08-09T03:33:09.000+07:00,2025-09-20T06:31:26.000+07:00,
900304,90130,ตำบลสะกอม,Tambon Sakom,9003,6.935,100.794,2019-08-09T03:33:09.000+07:00,2025-09-20T06:31:26.000+07:00,
900305,90130,ตำบลนาหว้า,Tambon Na Wa,9003,6.896,100.655,2019-08-09T03:33:09.000+07:00,2025-09-20T06:31:26.000+07:00,
900306,90130,ตำบลนาทับ,Tambon Na Thap,9003,7.035,100.7,2019-08-09T03:33:09.000+07:00,2025-09-20T06:31:26.000+07:00,
900307,90130,ตำบลน้ำขาว,Tambon Nam Khao,9003,6.805,100.609,2019-08-09T03:33:09.000+07:00,2025-09-20T06:31:26.000+07:00,
900308,90130,ตำบลขุนตัดหวาย,Tambon Khun Tat Wai,9003,6.794,100.7,2019-08-09T03:33:09.000+07:00,2025-09-20T06:31:26.000+07:00,
900309,90130,ตำบลท่าหมอไทร,Tambon Tha Mo Sai,9003,6.794,100.751,2019-08-09T03:33:09.000+07:00,2025-09-20T06:31:26.000+07:00,
900310,90130,ตำบลจะโหนง,Tambon Chanong,9003,7.006,100.67,2019-08-09T03:33:09.000+07:00,2025-09-20T06:31:26.000+07:00,
900311,90130,ตำบลคู,Tambon Khu,9003,6.842,100.695,2019-08-09T03:33:09.000+07:00,2025-09-20T06:31:26.000+07:00,
900312,90130,ตำบลแค,Tambon Khae,9003,6.853,100.618,2019-08-09T03:33:09.000+07:00,2025-09-20T06:31:26.000+07:00,
900313,90130,ตำบลคลองเปียะ,Tambon Khlong Pia,9003,6.952,100.632,2019-08-09T03:33:09.000+07:00,2025-09-20T06:31:26.000+07:00,
900314,90130,ตำบลตลิ่งชัน,Tambon Taling Chan,9003,6.969,100.742,2019-08-09T03:33:09.000+07:00,2025-09-20T06:31:26.000+07:00,
900401,90160,ตำบลนาทวี,Tambon Na Thawi,9004,6.693,100.777,2019-08-09T03:33:09.000+07:00,2025-09-20T06:31:26.000+07:00,
900402,90160,ตำบลฉาง,Tambon Chang,9004,6.762,100.709,2019-08-09T03:33:09.000+07:00,2025-09-20T06:31:26.000+07:00,
900403,90160,ตำบลนาหมอศรี,Tambon Na Mo Si,9004,6.781,100.67,2019-08-09T03:33:09.000+07:00,2025-09-20T06:31:26.000+07:00,
900404,90160,ตำบลคลองทราย,Tambon Khlong Sai,9004,6.741,100.603,2019-08-09T03:33:09.000+07:00,2025-09-20T06:31:26.000+07:00,
900405,90160,ตำบลปลักหนู,Tambon Plak Nu,9004,6.676,100.663,2019-08-09T03:33:09.000+07:00,2025-09-20T06:31:26.000+07:00,
900406,90160,ตำบลท่าประดู่,Tambon Tha Pradu,9004,6.681,100.73,2019-08-09T03:33:09.000+07:00,2025-09-20T06:31:26.000+07:00,
900407,90160,ตำบลสะท้อน,Tambon Sathon,9004,6.622,100.673,2019-08-09T03:33:09.000+07:00,2025-09-20T06:31:26.000+07:00,
900408,90160,ตำบลทับช้าง,Tambon Thap Chang,9004,6.586,100.695,2019-08-09T03:33:09.000+07:00,2025-09-20T06:31:26.000+07:00,
900409,90160,ตำบลประกอบ,Tambon Prakop,9004,6.483,100.643,2019-08-09T03:33:09.000+07:00,2025-09-20T06:31:26.000+07:00,
900410,90160,ตำบลคลองกวาง,Tambon Khlong Kwang,9004,6.636,100.61,2019-08-09T03:33:09.000+07:00,2025-09-20T06:31:26.000+07:00,
900501,90150,ตำบลเทพา,Tambon Thepha,9005,6.82,100.94,2019-08-09T03:33:09.000+07:00,2025-09-20T06:31:26.000+07:00,
900502,90150,ตำบลปากบาง,Tambon Pak Bang,9005,6.826,101.009,2019-08-09T03:33:09.000+07:00,2025-09-20T06:31:26.000+07:00,
900503,90150,ตำบลเกาะสะบ้า,Tambon Ko Saba,9005,6.863,100.891,2019-08-09T03:33:09.000+07:00,2025-09-20T06:31:26.000+07:00,
900504,90260,ตำบลลำไพล,Tambon Lam Phlai,9005,6.721,100.93,2019-08-09T03:33:09.000+07:00,2025-09-20T06:31:26.000+07:00,
900505,90260,ตำบลท่าม่วง,Tambon Tha Muang,9005,6.742,101.001,2019-08-09T03:33:09.000+07:00,2025-09-20T06:31:26.000+07:00,
900506,90260,ตำบลวังใหญ่,Tambon Wang Yai,9005,6.763,100.853,2019-08-09T03:33:09.000+07:00,2025-09-20T06:31:26.000+07:00,
900507,90150,ตำบลสะกอม,Tambon Sakom,9005,6.88,100.818,2019-08-09T03:33:09.000+07:00,2025-09-20T06:31:26.000+07:00,
900601,90210,ตำบลสะบ้าย้อย,Tambon Saba Yoi,9006,6.632,100.929,2019-08-09T03:33:09.000+07:00,2025-09-20T06:31:26.000+07:00,
900602,90210,ตำบลทุ่งพอ,Tambon Thung Pho,9006,6.553,100.91,2019-08-09T03:33:09.000+07:00,2025-09-20T06:31:26.000+07:00,
900603,90210,ตำบลเปียน,Tambon Pian,9006,6.634,101.003,2019-08-09T03:33:09.000+07:00,2025-09-20T06:31:26.000+07:00,
900604,90210,ตำบลบ้านโหนด,Tambon Ban Not,9006,6.624,101.057,2019-08-09T03:33:09.000+07:00,2025-09-20T06:31:26.000+07:00,
900605,90210,ตำบลจะแหน,Tambon Chanae,9006,6.517,100.962,2019-08-09T03:33:09.000+07:00,2025-09-20T06:31:26.000+07:00,
900606,90210,ตำบลคูหา,Tambon Khuha,9006,6.61,100.833,2019-08-09T03:33:09.000+07:00,2025-09-20T06:31:26.000+07:00,
900607,90210,ตำบลเขาแดง,Tambon Khao Daeng,9006,6.505,100.802,2019-08-09T03:33:09.000+07:00,2025-09-20T06:31:26.000+07:00,
900608,90210,ตำบลบาโหย,Tambon Ba Hoi,9006,6.396,100.884,2019-08-09T03:33:09.000+07:00,2025-09-20T06:31:26.000+07:00,
900609,90210,ตำบลธารคีรี,Tambon Than Khiri,9006,6.559,101.059,2019-08-09T03:33:09.000+07:00,2025-09-20T06:31:26.000+07:00,
900701,90140,ตำบลระโนด,Tambon Ranot,9007,7.754,100.325,2019-08-09T03:33:09.000+07:00,2025-09-20T06:31:26.000+07:00,
900702,90140,ตำบลคลองแดน,Tambon Khlong Daen,9007,7.912,100.319,2019-08-09T03:33:09.000+07:00,2025-09-20T06:31:26.000+07:00,
900703,90140,ตำบลตะเครียะ,Tambon Takhria,9007,,,2019-08-09T03:33:09.000+07:00,2025-09-20T06:31:26.000+07:00,
900704,90140,ตำบลท่าบอน,Tambon Tha Bon,9007,7.842,100.342,2019-08-09T03:33:09.000+07:00,2025-09-20T06:31:26.000+07:00,
900705,90140,ตำบลบ้านใหม่,Tambon Ban Mai,9007,7.78,100.288,2019-08-09T03:33:09.000+07:00,2025-09-20T06:31:26.000+07:00,
900706,90140,ตำบลบ่อตรุ,Tambon Bo Tru,9007,7.631,100.374,2019-08-09T03:33:09.000+07:00,2025-09-20T06:31:26.000+07:00,
900707,90140,ตำบลปากแตระ,Tambon Pak Trae,9007,7.766,100.358,2019-08-09T03:33:09.000+07:00,2025-09-20T06:31:26.000+07:00,
900708,90140,ตำบลพังยาง,Tambon Phang Yang,9007,7.721,100.354,2019-08-09T03:33:09.000+07:00,2025-09-20T06:31:26.000+07:00,
900709,90140,ตำบลระวะ,Tambon Rawa,9007,7.713,100.378,2019-08-09T03:33:09.000+07:00,2025-09-20T06:31:26.000+07:00,
900710,90140,ตำบลวัดสน,Tambon Wat Son,9007,7.668,100.372,2019-08-09T03:33:09.000+07:00,2025-09-20T06:31:26.000+07:00,
900711,90140,ตำบลบ้านขาว,Tambon Ban Khao,9007,7.761,100.247,2019-08-09T03:33:09.000+07:00,2025-09-20T06:31:26.000+07:00,
900712,90140,ตำบลแดนสงวน,Tambon Daen Sa-nguan,9007,7.878,100.291,2019-08-09T03:33:09.000+07:00,2025-09-20T06:31:26.000+07:00,
900801,90270,ตำบลเกาะใหญ่,Tambon Ko Yai,9008,7.552,100.287,2019-08-09T03:33:09.000+07:00,2025-09-20T06:31:26.000+07:00,
900802,90270,ตำบลโรง,Tambon Rong,9008,7.683,100.338,2019-08-09T03:33:09.000+07:00,2025-09-20T06:31:26.000+07:00,
900803,90270,ตำบลเชิงแส,Tambon Choeng Sae,9008,7.561,100.356,2019-08-09T03:33:09.000+07:00,2025-09-20T06:31:26.000+07:00,
900804,90270,ตำบลกระแสสินธุ์,Tambon Krasae Sin,9008,7.609,100.307,2019-08-09T03:33:09.000+07:00,2025-09-20T06:31:26.000+07:00,
900901,90180,ตำบลกำแพงเพชร,Tambon Kamphaeng Phet,9009,7.087,100.287,2019-08-09T03:33:09.000+07:00,2025-09-20T06:31:26.000+07:00,
900902,90180,ตำบลท่าชะมวง,Tambon Tha Chamuang,9009,7.132,100.106,2019-08-09T03:33:09.000+07:00,2025-09-20T06:31:26.000+07:00,
900903,90180,ตำบลคูหาใต้,Tambon Khuha Tai,9009,7.173,100.263,2019-08-09T03:33:09.000+07:00,2025-09-20T06:31:26.000+07:00,
900904,90180,ตำบลควนรู,Tambon Khuan Ru,9009,7.183,100.313,2019-08-09T03:33:09.000+07:00,2025-09-20T06:31:26.000+07:00,
900909,90180,ตำบลเขาพระ,Tambon Khao Phra,9009,7.011,100.141,2019-08-09T03:33:09.000+07:00,2025-09-20T06:31:26.000+07:00,
901001,90120,ตำบลสะเดา,Tambon Sadao,9010,6.636,100.416,2019-08-09T03:33:09.000+07:00,2025-09-20T06:31:26.000+07:00,
901002,90120,ตำบลปริก,Tambon Prik,9010,6.694,100.473,2019-08-09T03:33:09.000+07:00,2025-09-20T06:31:26.000+07:00,
901003,90170,ตำบลพังลา,Tambon Phang La,9010,6.773,100.464,2019-08-09T03:33:09.000+07:00,2025-09-20T06:31:26.000+07:00,
901004,90120,ตำบลสำนักแต้ว,Tambon Samnak Taeo,9010,6.567,100.516,2019-08-09T03:33:09.000+07:00,2025-09-20T06:31:26.000+07:00,
901005,90240,ตำบลทุ่งหมอ,Tambon Thung Mo,9010,6.745,100.378,2019-08-09T03:33:09.000+07:00,2025-09-20T06:31:26.000+07:00,
901006,90170,ตำบลท่าโพธิ์,Tambon Tha Pho,9010,6.796,100.416,2019-08-09T03:33:09.000+07:00,2025-09-20T06:31:26.000+07:00,
901007,90240,ตำบลปาดังเบซาร์,Tambon Padang Besa,9010,6.74,100.241,2019-08-09T03:33:09.000+07:00,2025-09-20T06:31:26.000+07:00,
901008,90320,ตำบลสำนักขาม,Tambon Samnak Kham,9010,6.584,100.382,2019-08-09T03:33:09.000+07:00,2025-09-20T06:31:26.000+07:00,
901009,90170,ตำบลเขามีเกียรติ,Tambon Khao Mi Kiat,9010,6.774,100.524,2019-08-09T03:33:09.000+07:00,2025-09-20T06:31:26.000+07:00,
901101,90110,ตำบลหาดใหญ่,Tambon Hat Yai,9011,7.01,100.474,2019-08-09T03:33:09.000+07:00,2025-09-20T06:31:26.000+07:00,
901102,90110,ตำบลควนลัง,Tambon Khuan Lang,9011,6.973,100.421,2019-08-09T03:33:09.000+07:00,2025-09-20T06:31:26.000+07:00,
901103,90110,ตำบลคูเต่า,Tambon Khu Tao,9011,7.133,100.481,2019-08-09T03:33:09.000+07:00,2025-09-20T06:31:26.000+07:00,
901104,90110,ตำบลคอหงส์,Tambon Kho Hong,9011,7.006,100.503,2019-08-09T03:33:09.000+07:00,2025-09-20T06:31:26.000+07:00,
901105,90110,ตำบลคลองแห,Tambon Khlong Hae,9011,7.055,100.48,2019-08-09T03:33:09.000+07:00,2025-09-20T06:31:26.000+07:00,
901107,90110,ตำบลคลองอู่ตะเภา,Tambon Khlong U Taphao,9011,7.045,100.446,2019-08-09T03:33:09.000+07:00,2025-09-20T06:31:26.000+07:00,
901108,90110,ตำบลฉลุง,Tambon Chalung,9011,7.007,100.296,2019-08-09T03:33:09.000+07:00,2025-09-20T06:31:26.000+07:00,
901111,90110,ตำบลทุ่งใหญ่,Tambon Thung Yai,9011,7.03,100.537,2019-08-09T03:33:09.000+07:00,2025-09-20T06:31:26.000+07:00,
901112,90110,ตำบลทุ่งตำเสา,Tambon Thung Tamsao,9011,6.9,100.244,2019-08-09T03:33:09.000+07:00,2025-09-20T06:31:26.000+07:00,
901113,90110,ตำบลท่าข้าม,Tambon Tha Kham,9011,7.041,100.574,2019-08-09T03:33:09.000+07:00,2025-09-20T06:31:26.000+07:00,
901114,90110,ตำบลน้ำน้อย,Tambon Nam Noi,9011,7.108,100.53,2019-08-09T03:33:09.000+07:00,2025-09-20T06:31:26.000+07:00,
901116,90250,ตำบลบ้านพรุ,Tambon Ban Phru,9011,6.929,100.49,2019-08-09T03:33:09.000+07:00,2025-09-20T06:31:26.000+07:00,
901118,90230,ตำบลพะตง,Tambon Phatong,9011,6.837,100.558,2019-08-09T03:33:09.000+07:00,2025-09-20T06:31:26.000+07:00,
901201,90310,ตำบลนาหม่อม,Tambon Na Mom,9012,6.965,100.529,2019-08-09T03:33:09.000+07:00,2025-09-20T06:31:26.000+07:00,
901202,90310,ตำบลพิจิตร,Tambon Phichit,9012,6.991,100.561,2019-08-09T03:33:09.000+07:00,2025-09-20T06:31:26.000+07:00,
901203,90310,ตำบลทุ่งขมิ้น,Tambon Thung Khamin,9012,6.916,100.547,2019-08-09T03:33:09.000+07:00,2025-09-20T06:31:26.000+07:00,
901204,90310,ตำบลคลองหรัง,Tambon Khlong Rhang,9012,6.924,100.591,2019-08-09T03:33:09.000+07:00,2025-09-20T06:31:26.000+07:00,
901301,90220,ตำบลรัตภูมิ,Tambon Rattaphum,9013,7.182,100.37,2019-08-09T03:33:09.000+07:00,2025-09-20T06:31:26.000+07:00,
901302,90220,ตำบลควนโส,Tambon Khuan So,9013,7.229,100.402,2019-08-09T03:33:09.000+07:00,2025-09-20T06:31:26.000+07:00,
901303,90220,ตำบลห้วยลึก,Tambon Huai Luek,9013,7.267,100.366,2019-08-09T03:33:09.000+07:00,2025-09-20T06:31:26.000+07:00,
901304,90220,ตำบลบางเหรียง,Tambon Bang Rieang,9013,7.112,100.364,2019-08-09T03:33:09.000+07:00,2025-09-20T06:31:26.000+07:00,
901401,90110,ตำบลบางกล่ำ,Tambon Bang Klam,9014,7.135,100.446,2019-08-09T03:33:09.000+07:00,2025-09-20T06:31:26.000+07:00,
901402,90110,ตำบลท่าช้าง,Tambon Tha Chang,9014,7.048,100.378,2019-08-09T03:33:09.000+07:00,2025-09-20T06:31:26.000+07:00,
901403,90110,ตำบลแม่ทอม,Tambon Mae Thom,9014,7.1,100.456,2019-08-09T03:33:09.000+07:00,2025-09-20T06:31:26.000+07:00,
901404,90110,ตำบลบ้านหาร,Tambon Ban Han,9014,7.075,100.45,2019-08-09T03:33:09.000+07:00,2025-09-20T06:31:26.000+07:00,
901501,90280,ตำบลชิงโค,Tambon Ching Kho,9015,7.266,100.524,2019-08-09T03:33:09.000+07:00,2025-09-20T06:31:26.000+07:00,
901502,90280,ตำบลสทิงหม้อ,Tambon Sathing Mo,9015,7.21,100.524,2019-08-09T03:33:09.000+07:00,2025-09-20T06:31:26.000+07:00,
901503,90280,ตำบลทำนบ,Tambon Thamnop,9015,7.246,100.506,2019-08-09T03:33:09.000+07:00,2025-09-20T06:31:26.000+07:00,
901504,90330,ตำบลรำแดง,Tambon Ram Daeng,9015,7.29,100.486,2019-08-09T03:33:09.000+07:00,2025-09-20T06:31:26.000+07:00,
901505,90330,ตำบลวัดขนุน,Tambon Wat Khanun,9015,7.304,100.497,2019-08-09T03:33:09.000+07:00,2025-09-20T06:31:26.000+07:00,
901506,90330,ตำบลชะแล้,Tambon Chalae,9015,7.308,100.441,2019-08-09T03:33:09.000+07:00,2025-09-20T06:31:26.000+07:00,
901507,90330,ตำบลปากรอ,Tambon Pak Ro,9015,7.277,100.441,2019-08-09T03:33:09.000+07:00,2025-09-20T06:31:26.000+07:00,
901508,90330,ตำบลป่าขาด,Tambon Pa Khat,9015,7.241,100.469,2019-08-09T03:33:09.000+07:00,2025-09-20T06:31:26.000+07:00,
901509,90280,ตำบลหัวเขา,Tambon Hua Khao,9015,7.214,100.567,2019-08-09T03:33:09.000+07:00,2025-09-20T06:31:26.000+07:00,
901510,90330,ตำบลบางเขียด,Tambon Bang Khiat,9015,7.346,100.437,2019-08-09T03:33:09.000+07:00,2025-09-20T06:31:26.000+07:00,
901511,90330,ตำบลม่วงงาม,Tambon Muang Ngam,9015,7.347,100.476,2019-08-09T03:33:09.000+07:00,2025-09-20T06:31:26.000+07:00,
901601,90230,ตำบลคลองหอยโข่ง,Tambon Khlong Hoi Khong,9016,6.83,100.313,2019-08-09T03:33:09.000+07:00,2025-09-20T06:31:26.000+07:00,
901602,90230,ตำบลทุ่งลาน,Tambon Thung Lan,9016,6.886,100.442,2019-08-09T03:33:09.000+07:00,2025-09-20T06:31:26.000+07:00,
901603,90230,ตำบลโคกม่วง,Tambon Khok Muang,9016,6.875,100.406,2019-08-09T03:33:09.000+07:00,2025-09-20T06:31:26.000+07:00,
901604,90115,ตำบลคลองหลา,Tambon Khlong La,9016,6.882,100.31,2019-08-09T03:33:09.000+07:00,2025-09-20T06:31:26.000+07:00,
910101,91000,ตำบลพิมาน,Tambon Phiman,9101,6.615,100.071,2019-08-09T03:33:09.000+07:00,2025-09-20T06:31:26.000+07:00,
910102,91000,ตำบลคลองขุด,Tambon Khlong Khut,9101,6.625,100.12,2019-08-09T03:33:09.000+07:00,2025-09-20T06:31:26.000+07:00,
910103,91000,ตำบลควนขัน,Tambon Khuan Khan,9101,6.633,100.036,2019-08-09T03:33:09.000+07:00,2025-09-20T06:31:26.000+07:00,
910104,91140,ตำบลบ้านควน,Tambon Ban Khuan,9101,6.691,100.049,2019-08-09T03:33:09.000+07:00,2025-09-20T06:31:26.000+07:00,
910105,91140,ตำบลฉลุง,Tambon Chalung,9101,6.725,100.035,2019-08-09T03:33:09.000+07:00,2025-09-20T06:31:26.000+07:00,
910106,91000,ตำบลเกาะสาหร่าย,Tambon Ko Sarai,9101,6.672,99.844,2019-08-09T03:33:09.000+07:00,2025-09-20T06:31:26.000+07:00,
910107,91000,ตำบลตันหยงโป,Tambon Tanyong Po,9101,6.589,99.936,2019-08-09T03:33:09.000+07:00,2025-09-20T06:31:26.000+07:00,
910108,91000,ตำบลเจ๊ะบิลัง,Tambon Che Bilang,9101,6.687,99.965,2019-08-09T03:33:09.000+07:00,2025-09-20T06:31:26.000+07:00,
910109,91000,ตำบลตำมะลัง,Tambon Tam Malang,9101,6.556,100.044,2019-08-09T03:33:09.000+07:00,2025-09-20T06:31:26.000+07:00,
910110,91000,ตำบลปูยู,Tambon Puyu,9101,6.517,100.124,2019-08-09T03:33:09.000+07:00,2025-09-20T06:31:26.000+07:00,
910111,91140,ตำบลควนโพธิ์,Tambon Khuan Pho,9101,6.769,100.018,2019-08-09T03:33:09.000+07:00,2025-09-20T06:31:26.000+07:00,
910112,91140,ตำบลเกตรี,Tambon Ketri,9101,6.702,100.095,2019-08-09T03:33:09.000+07:00,2025-09-20T06:31:26.000+07:00,
910201,91160,ตำบลควนโดน,Tambon Khuan Don,9102,6.814,100.06,2019-08-09T03:33:09.000+07:00,2025-09-20T06:31:26.000+07:00,
910202,91160,ตำบลควนสตอ,Tambon Khuan Sato,9102,6.764,100.101,2019-08-09T03:33:09.000+07:00,2025-09-20T06:31:26.000+07:00,
910203,91160,ตำบลย่านซื่อ,Tambon Yan Sue,9102,6.767,100.065,2019-08-09T03:33:09.000+07:00,2025-09-20T06:31:26.000+07:00,
910204,91160,ตำบลวังประจัน,Tambon Wang Prachan,9102,6.753,100.16,2019-08-09T03:33:09.000+07:00,2025-09-20T06:31:26.000+07:00,
910301,91130,ตำบลทุ่งนุ้ย,Tambon Thung Nui,9103,6.871,100.144,2019-08-09T03:33:09.000+07:00,2025-09-20T06:31:26.000+07:00,
910302,91130,ตำบลควนกาหลง,Tambon Khuan Kalong,9103,6.953,100.03,2019-08-09T03:33:09.000+07:00,2025-09-20T06:31:26.000+07:00,
910303,91130,ตำบลอุใดเจริญ,Tambon Udai Charoen,9103,,,2019-08-09T03:33:09.000+07:00,2025-09-20T06:31:26.000+07:00,
910401,91150,ตำบลท่าแพ,Tambon Tha Phae,9104,6.791,99.964,2019-08-09T03:33:09.000+07:00,2025-09-20T06:31:26.000+07:00,
910402,91150,ตำบลแป-ระ,Tambon Paera,9104,6.855,99.927,2019-08-09T03:33:09.000+07:00,2025-09-20T06:31:26.000+07:00,
910403,91150,ตำบลสาคร,Tambon Sakhon,9104,6.787,99.865,2019-08-09T03:33:09.000+07:00,2025-09-20T06:31:26.000+07:00,
910404,91150,ตำบลท่าเรือ,Tambon Tha Rua,9104,6.803,99.917,2019-08-09T03:33:09.000+07:00,2025-09-20T06:31:26.000+07:00,
910501,91110,ตำบลกำแพง,Tambon Kamphaeng,9105,6.933,99.777,2019-08-09T03:33:09.000+07:00,2025-09-20T06:31:26.000+07:00,
910502,91110,ตำบลละงู,Tambon La-ngu,9105,6.842,99.826,2019-08-09T03:33:09.000+07:00,2025-09-20T06:31:26.000+07:00,
910503,91110,ตำบลเขาขาว,Tambon Khao Khao,9105,6.923,99.848,2019-08-09T03:33:09.000+07:00,2025-09-20T06:31:26.000+07:00,
910504,91110,ตำบลปากน้ำ,Tambon Pak Nam,9105,6.834,99.691,2019-08-09T03:33:09.000+07:00,2025-09-20T06:31:26.000+07:00,
910505,91110,ตำบลน้ำผุด,Tambon Nam Phut,9105,6.973,99.85,2019-08-09T03:33:09.000+07:00,2025-09-20T06:31:26.000+07:00,
910506,91110,ตำบลแหลมสน,Tambon Laem Son,9105,6.946,99.713,2019-08-09T03:33:09.000+07:00,2025-09-20T06:31:26.000+07:00,
910601,91120,ตำบลทุ่งหว้า,Tambon Thung Wa,9106,7.108,99.807,2019-08-09T03:33:09.000+07:00,2025-09-20T06:31:26.000+07:00,
910602,91120,ตำบลนาทอน,Tambon Na Thon,9106,7.032,99.743,2019-08-09T03:33:09.000+07:00,2025-09-20T06:31:26.000+07:00,
910603,91120,ตำบลขอนคลาน,Tambon Khon Khlan,9106,6.998,99.691,2019-08-09T03:33:09.000+07:00,2025-09-20T06:31:26.000+07:00,
910604,91120,ตำบลทุ่งบุหลัง,Tambon Thung Bulang,9106,7.047,99.692,2019-08-09T03:33:09.000+07:00,2025-09-20T06:31:26.000+07:00,
910605,91120,ตำบลป่าแก่บ่อหิน,Tambon Pa Kae Bo Hin,9106,7.048,99.817,2019-08-09T03:33:09.000+07:00,2025-09-20T06:31:26.000+07:00,
910701,91130,ตำบลปาล์มพัฒนา,Tambon Palm Phatthana,9107,7.038,99.934,2019-08-09T03:33:09.000+07:00,2025-09-20T06:31:26.000+07:00,
910702,91130,ตำบลนิคมพัฒนา,Tambon Nikhom Phatthana,9107,6.95,99.931,2019-08-09T03:33:09.000+07:00,2025-09-20T06:31:26.000+07:00,
920101,92000,ตำบลทับเที่ยง,Tambon Thap Thiang,9201,7.559,99.616,2019-08-09T03:33:09.000+07:00,2025-09-20T06:31:26.000+07:00,
920104,92000,ตำบลนาพละ,Tambon Na Phala,9201,7.599,99.664,2019-08-09T03:33:09.000+07:00,2025-09-20T06:31:26.000+07:00,
920105,92000,ตำบลบ้านควน,Tambon Ban Khuan,9201,7.529,99.636,2019-08-09T03:33:09.000+07:00,2025-09-20T06:31:26.000+07:00,
920106,92000,ตำบลนาบินหลา,Tambon Na Bin La,9201,7.541,99.662,2019-08-09T03:33:09.000+07:00,2025-09-20T06:31:26.000+07:00,
920107,92000,ตำบลควนปริง,Tambon Khuan Pring,9201,7.521,99.596,2019-08-09T03:33:09.000+07:00,2025-09-20T06:31:26.000+07:00,
920108,92170,ตำบลนาโยงใต้,Tambon Na Yong Tai,9201,7.571,99.669,2019-08-09T03:33:09.000+07:00,2025-09-20T06:31:26.000+07:00,
920109,92000,ตำบลบางรัก,Tambon Bang Rak,9201,7.558,99.577,2019-08-09T03:33:09.000+07:00,2025-09-20T06:31:26.000+07:00,
920110,92000,ตำบลโคกหล่อ,Tambon Khok Lo,9201,7.524,99.615,2019-08-09T03:33:09.000+07:00,2025-09-20T06:31:26.000+07:00,
920113,92000,ตำบลนาโต๊ะหมิง,Tambon Na To Ming,9201,7.556,99.527,2019-08-09T03:33:09.000+07:00,2025-09-20T06:31:26.000+07:00,
920114,92000,ตำบลหนองตรุด,Tambon Nong Trut,9201,7.594,99.523,2019-08-09T03:33:09.000+07:00,2025-09-20T06:31:26.000+07:00,
920115,92000,ตำบลน้ำผุด,Tambon Nam Phut,9201,7.673,99.726,2019-08-09T03:33:09.000+07:00,2025-09-20T06:31:26.000+07:00,
920117,92000,ตำบลนาตาล่วง,Tambon Na Ta Luang,9201,7.584,99.596,2019-08-09T03:33:09.000+07:00,2025-09-20T06:31:26.000+07:00,
920118,92000,ตำบลบ้านโพธิ์,Tambon Ban Pho,9201,7.604,99.627,2019-08-09T03:33:09.000+07:00,2025-09-20T06:31:26.000+07:00,
920119,92190,ตำบลนาท่ามเหนือ,Tambon Na Tham Nuea,9201,7.652,99.613,2019-08-09T03:33:09.000+07:00,2025-09-20T06:31:26.000+07:00,
920120,92190,ตำบลนาท่ามใต้,Tambon Na Tham Tai,9201,7.635,99.551,2019-08-09T03:33:09.000+07:00,2025-09-20T06:31:26.000+07:00,
920201,92110,ตำบลกันตัง,Tambon Kantang,9202,7.41,99.519,2019-08-09T03:33:09.000+07:00,2025-09-20T06:31:26.000+07:00,
920202,92110,ตำบลควนธานี,Tambon Khuan Thani,9202,7.512,99.563,2019-08-09T03:33:09.000+07:00,2025-09-20T06:31:26.000+07:00,
920203,92110,ตำบลบางหมาก,Tambon Bang Mak,9202,7.465,99.554,2019-08-09T03:33:09.000+07:00,2025-09-20T06:31:26.000+07:00,
920204,92110,ตำบลบางเป้า,Tambon Bang Pao,9202,7.402,99.549,2019-08-09T03:33:09.000+07:00,2025-09-20T06:31:26.000+07:00,
920205,92110,ตำบลวังวน,Tambon Wang Won,9202,7.358,99.558,2019-08-09T03:33:09.000+07:00,2025-09-20T06:31:26.000+07:00,
920206,92110,ตำบลกันตังใต้,Tambon Kantang Tai,9202,7.338,99.515,2019-08-09T03:33:09.000+07:00,2025-09-20T06:31:26.000+07:00,
920207,92110,ตำบลโคกยาง,Tambon Khok Yang,9202,7.509,99.48,2019-08-09T03:33:09.000+07:00,2025-09-20T06:31:26.000+07:00,
920208,92110,ตำบลคลองลุ,Tambon Khlong Lu,9202,7.482,99.495,2019-08-09T03:33:09.000+07:00,2025-09-20T06:31:26.000+07:00,
920209,92110,ตำบลย่านซื่อ,Tambon Yan Sue,9202,7.473,99.541,2019-08-09T03:33:09.000+07:00,2025-09-20T06:31:26.000+07:00,
920210,92110,ตำบลบ่อน้ำร้อน,Tambon Bo Nam Ron,9202,7.425,99.474,2019-08-09T03:33:09.000+07:00,2025-09-20T06:31:26.000+07:00,
920211,92110,ตำบลบางสัก,Tambon Bang Sak,9202,7.397,99.383,2019-08-09T03:33:09.000+07:00,2025-09-20T06:31:26.000+07:00,
920212,92110,ตำบลนาเกลือ,Tambon Na Kluea,9202,7.326,99.466,2019-08-09T03:33:09.000+07:00,2025-09-20T06:31:26.000+07:00,
920213,92110,ตำบลเกาะลิบง,Tambon Ko Libong,9202,7.303,99.394,2019-08-09T03:33:09.000+07:00,2025-09-20T06:31:26.000+07:00,
920214,92110,ตำบลคลองชีล้อม,Tambon Khlong Chi Lom,9202,7.433,99.587,2019-08-09T03:33:09.000+07:00,2025-09-20T06:31:26.000+07:00,
920301,92140,ตำบลย่านตาขาว,Tambon Yan Ta Khao,9203,7.406,99.674,2019-08-09T03:33:09.000+07:00,2025-09-20T06:31:26.000+07:00,
920302,92140,ตำบลหนองบ่อ,Tambon Nong Bo,9203,7.416,99.718,2019-08-09T03:33:09.000+07:00,2025-09-20T06:31:26.000+07:00,
920303,92140,ตำบลนาชุมเห็ด,Tambon Na Chum Het,9203,7.477,99.822,2019-08-09T03:33:09.000+07:00,2025-09-20T06:31:26.000+07:00,
920304,92140,ตำบลในควน,Tambon Nai Khuan,9203,7.376,99.768,2019-08-09T03:33:09.000+07:00,2025-09-20T06:31:26.000+07:00,
920305,92140,ตำบลโพรงจระเข้,Tambon Phrong Chorakhe,9203,,,2019-08-09T03:33:09.000+07:00,2025-09-20T06:31:26.000+07:00,
920306,92140,ตำบลทุ่งกระบือ,Tambon Thung Krabue,9203,7.404,99.626,2019-08-09T03:33:09.000+07:00,2025-09-20T06:31:26.000+07:00,
920307,92140,ตำบลทุ่งค่าย,Tambon Thung Khai,9203,7.474,99.648,2019-08-09T03:33:09.000+07:00,2025-09-20T06:31:26.000+07:00,
920308,92140,ตำบลเกาะเปียะ,Tambon Ko Pia,9203,7.453,99.701,2019-08-09T03:33:09.000+07:00,2025-09-20T06:31:26.000+07:00,
920401,92120,ตำบลท่าข้าม,Tambon Tha Kham,9204,7.127,99.699,2019-08-09T03:33:09.000+07:00,2025-09-20T06:31:26.000+07:00,
920402,92180,ตำบลทุ่งยาว,Tambon Thung Yao,9204,7.241,99.753,2019-08-09T03:33:09.000+07:00,2025-09-20T06:31:26.000+07:00,
920403,92180,ตำบลปะเหลียน,Tambon Palian,9204,7.288,99.862,2019-08-09T03:33:09.000+07:00,2025-09-20T06:31:26.000+07:00,
920404,92140,ตำบลบางด้วน,Tambon Bang Duan,9204,7.35,99.699,2019-08-09T03:33:09.000+07:00,2025-09-20T06:31:26.000+07:00,
920407,92140,ตำบลบ้านนา,Tambon Ban Na,9204,7.302,99.699,2019-08-09T03:33:09.000+07:00,2025-09-20T06:31:26.000+07:00,
920409,92120,ตำบลสุโสะ,Tambon Suso,9204,7.236,99.673,2019-08-09T03:33:09.000+07:00,2025-09-20T06:31:26.000+07:00,
920410,92180,ตำบลลิพัง,Tambon Liphang,9204,7.184,99.81,2019-08-09T03:33:09.000+07:00,2025-09-20T06:31:26.000+07:00,
920411,92120,ตำบลเกาะสุกร,Tambon Ko Sukon,9204,7.101,99.581,2019-08-09T03:33:09.000+07:00,2025-09-20T06:31:26.000+07:00,
920412,92140,ตำบลท่าพญา,Tambon Tha Phaya,9204,7.354,99.674,2019-08-09T03:33:09.000+07:00,2025-09-20T06:31:26.000+07:00,
920413,92180,ตำบลแหลมสอม,Tambon Laem Som,9204,7.287,99.763,2019-08-09T03:33:09.000+07:00,2025-09-20T06:31:26.000+07:00,
920501,92150,ตำบลบ่อหิน,Tambon Bo Hin,9205,7.549,99.283,2019-08-09T03:33:09.000+07:00,2025-09-20T06:31:26.000+07:00,
920502,92150,ตำบลเขาไม้แก้ว,Tambon Khao Mai Kaeo,9205,7.645,99.306,2019-08-09T03:33:09.000+07:00,2025-09-20T06:31:26.000+07:00,
920503,92150,ตำบลกะลาเส,Tambon Kalase,9205,7.744,99.326,2019-08-09T03:33:09.000+07:00,2025-09-20T06:31:26.000+07:00,
920504,92150,ตำบลไม้ฝาด,Tambon Mai Fat,9205,7.47,99.32,2019-08-09T03:33:09.000+07:00,2025-09-20T06:31:26.000+07:00,
920505,92000,ตำบลนาเมืองเพชร,Tambon Na Mueang Phet,9205,7.559,99.465,2019-08-09T03:33:09.000+07:00,2025-09-20T06:31:26.000+07:00,
920601,92130,ตำบลห้วยยอด,Tambon Huai Yot,9206,7.776,99.632,2019-08-09T03:33:09.000+07:00,2025-09-20T06:31:26.000+07:00,
920602,92130,ตำบลหนองช้างแล่น,Tambon Nong Chang Laen,9206,7.84,99.585,2019-08-09T03:33:09.000+07:00,2025-09-20T06:31:26.000+07:00,
920605,92210,ตำบลบางดี,Tambon Bang Di,9206,7.841,99.494,2019-08-09T03:33:09.000+07:00,2025-09-20T06:31:26.000+07:00,
920606,92210,ตำบลบางกุ้ง,Tambon Bang Kung,9206,7.762,99.457,2019-08-09T03:33:09.000+07:00,2025-09-20T06:31:26.000+07:00,
920607,92130,ตำบลเขากอบ,Tambon Khao Kop,9206,7.798,99.563,2019-08-09T03:33:09.000+07:00,2025-09-20T06:31:26.000+07:00,
920608,92130,ตำบลเขาขาว,Tambon Khao Khao,9206,7.811,99.618,2019-08-09T03:33:09.000+07:00,2025-09-20T06:31:26.000+07:00,
920609,92130,ตำบลเขาปูน,Tambon Khao Pun,9206,7.803,99.668,2019-08-09T03:33:09.000+07:00,2025-09-20T06:31:26.000+07:00,
920610,92190,ตำบลปากแจ่ม,Tambon Pak Chaem,9206,7.737,99.724,2019-08-09T03:33:09.000+07:00,2025-09-20T06:31:26.000+07:00,
920611,92130,ตำบลปากคม,Tambon Pak Khom,9206,7.732,99.607,2019-08-09T03:33:09.000+07:00,2025-09-20T06:31:26.000+07:00,
920614,92130,ตำบลท่างิ้ว,Tambon Tha Ngio,9206,7.845,99.651,2019-08-09T03:33:09.000+07:00,2025-09-20T06:31:26.000+07:00,
920615,92190,ตำบลลำภูรา,Tambon Lamphu Ra,9206,7.698,99.583,2019-08-09T03:33:09.000+07:00,2025-09-20T06:31:26.000+07:00,
920616,92210,ตำบลนาวง,Tambon Na Wong,9206,7.74,99.511,2019-08-09T03:33:09.000+07:00,2025-09-20T06:31:26.000+07:00,
920617,92130,ตำบลห้วยนาง,Tambon Huai Nang,9206,7.893,99.576,2019-08-09T03:33:09.000+07:00,2025-09-20T06:31:26.000+07:00,
920619,92130,ตำบลในเตา,Tambon Nai Tao,9206,7.86,99.727,2019-08-09T03:33:09.000+07:00,2025-09-20T06:31:26.000+07:00,
920620,92130,ตำบลทุ่งต่อ,Tambon Thung To,9206,7.759,99.575,2019-08-09T03:33:09.000+07:00,2025-09-20T06:31:26.000+07:00,
920621,92210,ตำบลวังคีรี,Tambon Wang Khiri,9206,7.79,99.472,2019-08-09T03:33:09.000+07:00,2025-09-20T06:31:26.000+07:00,
920701,92220,ตำบลเขาวิเศษ,Tambon Khao Wiset,9207,7.651,99.459,2019-08-09T03:33:09.000+07:00,2025-09-20T06:31:26.000+07:00,
920702,92220,ตำบลวังมะปราง,Tambon Wang Maprang,9207,7.656,99.382,2019-08-09T03:33:09.000+07:00,2025-09-20T06:31:26.000+07:00,
920703,92220,ตำบลอ่าวตง,Tambon Ao Tong,9207,7.862,99.365,2019-08-09T03:33:09.000+07:00,2025-09-20T06:31:26.000+07:00,
920704,92000,ตำบลท่าสะบ้า,Tambon Tha Saba,9207,7.69,99.523,2019-08-09T03:33:09.000+07:00,2025-09-20T06:31:26.000+07:00,
920705,92220,ตำบลวังมะปรางเหนือ,Tambon Wang Maprang Nuea,9207,7.746,99.398,2019-08-09T03:33:09.000+07:00,2025-09-20T06:31:26.000+07:00,
920801,92170,ตำบลนาโยงเหนือ,Tambon Na Yong Nuea,9208,7.566,99.699,2019-08-09T03:33:09.000+07:00,2025-09-20T06:31:26.000+07:00,
920802,92170,ตำบลช่อง,Tambon Chong,9208,7.546,99.793,2019-08-09T03:33:09.000+07:00,2025-09-20T06:31:26.000+07:00,
920803,92170,ตำบลละมอ,Tambon Lamo,9208,7.597,99.753,2019-08-09T03:33:09.000+07:00,2025-09-20T06:31:26.000+07:00,
920804,92170,ตำบลโคกสะบ้า,Tambon Khok Saba,9208,7.49,99.714,2019-08-09T03:33:09.000+07:00,2025-09-20T06:31:26.000+07:00,
920805,92170,ตำบลนาหมื่นศรี,Tambon Na Muen Si,9208,7.609,99.699,2019-08-09T03:33:09.000+07:00,2025-09-20T06:31:26.000+07:00,
920806,92170,ตำบลนาข้าวเสีย,Tambon Na Khao Sia,9208,7.532,99.71,2019-08-09T03:33:09.000+07:00,2025-09-20T06:31:26.000+07:00,
920901,92160,ตำบลควนเมา,Tambon Khuan Mao,9209,7.938,99.596,2019-08-09T03:33:09.000+07:00,2025-09-20T06:31:26.000+07:00,
920902,92160,ตำบลคลองปาง,Tambon Khlong Pang,9209,7.987,99.645,2019-08-09T03:33:09.000+07:00,2025-09-20T06:31:26.000+07:00,
920903,92160,ตำบลหนองบัว,Tambon Nong Bua,9209,,,2019-08-09T03:33:09.000+07:00,2025-09-20T06:31:26.000+07:00,
920904,92130,ตำบลหนองปรือ,Tambon Nong Prue,9209,7.9,99.669,2019-08-09T03:33:09.000+07:00,2025-09-20T06:31:26.000+07:00,
920905,92160,ตำบลเขาไพร,Tambon Khao Phrai,9209,7.96,99.661,2019-08-09T03:33:09.000+07:00,2025-09-20T06:31:26.000+07:00,
921001,92120,ตำบลหาดสำราญ,Tambon Hat Samran,9210,7.256,99.552,2019-08-09T03:33:09.000+07:00,2025-09-20T06:31:26.000+07:00,
921002,92120,ตำบลบ้าหวี,Tambon Ba Wi,9210,7.283,99.597,2019-08-09T03:33:09.000+07:00,2025-09-20T06:31:26.000+07:00,
921003,92120,ตำบลตะเสะ,Tambon Ta Se,9210,7.033,99.449,2019-08-09T03:33:09.000+07:00,2025-09-20T06:31:26.000+07:00,
930101,93000,ตำบลคูหาสวรรค์,Tambon Khuha Sawan,9301,7.625,100.085,2019-08-09T03:33:09.000+07:00,2025-09-20T06:31:26.000+07:00,
930103,93000,ตำบลเขาเจียก,Tambon Khao Chiak,9301,7.624,100.039,2019-08-09T03:33:09.000+07:00,2025-09-20T06:31:26.000+07:00,
930104,93000,ตำบลท่ามิหรำ,Tambon Tha Miram,9301,7.589,100.05,2019-08-09T03:33:09.000+07:00,2025-09-20T06:31:26.000+07:00,
930105,93000,ตำบลโคกชะงาย,Tambon Khok Cha-ngai,9301,7.615,100.003,2019-08-09T03:33:09.000+07:00,2025-09-20T06:31:26.000+07:00,
930106,93000,ตำบลนาท่อม,Tambon Na Thom,9301,7.585,100.002,2019-08-09T03:33:09.000+07:00,2025-09-20T06:31:26.000+07:00,
930107,93000,ตำบลปรางหมู่,Tambon Prang Mu,9301,7.647,100.068,2019-08-09T03:33:09.000+07:00,2025-09-20T06:31:26.000+07:00,
930108,93000,ตำบลท่าแค,Tambon Tha Khae,9301,7.545,100.05,2019-08-09T03:33:09.000+07:00,2025-09-20T06:31:26.000+07:00,
930109,93000,ตำบลลำปำ,Tambon Lampam,9301,7.651,100.141,2019-08-09T03:33:09.000+07:00,2025-09-20T06:31:26.000+07:00,
930110,93000,ตำบลตำนาน,Tambon Tamnan,9301,7.572,100.083,2019-08-09T03:33:09.000+07:00,2025-09-20T06:31:26.000+07:00,
930111,93000,ตำบลควนมะพร้าว,Tambon Khuan Maphrao,9301,7.588,100.124,2019-08-09T03:33:09.000+07:00,2025-09-20T06:31:26.000+07:00,
930112,93000,ตำบลร่มเมือง,Tambon Rom Mueang,9301,7.556,100.008,2019-08-09T03:33:09.000+07:00,2025-09-20T06:31:26.000+07:00,
930113,93000,ตำบลชัยบุรี,Tambon Chai Buri,9301,7.697,100.093,2019-08-09T03:33:09.000+07:00,2025-09-20T06:31:26.000+07:00,
930114,93000,ตำบลนาโหนด,Tambon Na Not,9301,7.507,100.061,2019-08-09T03:33:09.000+07:00,2025-09-20T06:31:26.000+07:00,
930115,93000,ตำบลพญาขัน,Tambon Phaya Khan,9301,7.652,100.107,2019-08-09T03:33:09.000+07:00,2025-09-20T06:31:26.000+07:00,
930201,93180,ตำบลกงหรา,Tambon Kong Ra,9302,7.463,99.877,2019-08-09T03:33:09.000+07:00,2025-09-20T06:31:26.000+07:00,
930202,93000,ตำบลชะรัด,Tambon Charat,9302,7.473,99.989,2019-08-09T03:33:09.000+07:00,2025-09-20T06:31:26.000+07:00,
930203,93180,ตำบลคลองเฉลิม,Tambon Khlong Chaloem,9302,7.349,99.958,2019-08-09T03:33:09.000+07:00,2025-09-20T06:31:26.000+07:00,
930204,93180,ตำบลคลองทรายขาว,Tambon Khlong Sai Khao,9302,7.423,99.921,2019-08-09T03:33:09.000+07:00,2025-09-20T06:31:26.000+07:00,
930205,93000,ตำบลสมหวัง,Tambon Som Wang,9302,7.509,99.99,2019-08-09T03:33:09.000+07:00,2025-09-20T06:31:26.000+07:00,
930301,93130,ตำบลเขาชัยสน,Tambon Khao Chaison,9303,7.433,100.111,2019-08-09T03:33:09.000+07:00,2025-09-20T06:31:26.000+07:00,
930302,93130,ตำบลควนขนุน,Tambon Khuan Khanun,9303,7.491,100.095,2019-08-09T03:33:09.000+07:00,2025-09-20T06:31:26.000+07:00,
930305,93130,ตำบลจองถนน,Tambon Chong Thanon,9303,7.489,100.194,2019-08-09T03:33:09.000+07:00,2025-09-20T06:31:26.000+07:00,
930306,93130,ตำบลหานโพธิ์,Tambon Han Pho,9303,7.525,100.145,2019-08-09T03:33:09.000+07:00,2025-09-20T06:31:26.000+07:00,
930307,93130,ตำบลโคกม่วง,Tambon Khok Muang,9303,7.389,100.067,2019-08-09T03:33:09.000+07:00,2025-09-20T06:31:26.000+07:00,
930401,93160,ตำบลแม่ขรี,Tambon Mae Khari,9304,7.338,100.097,2019-08-09T03:33:09.000+07:00,2025-09-20T06:31:26.000+07:00,
930402,93160,ตำบลตะโหมด,Tambon Tamod,9304,7.278,100.007,2019-08-09T03:33:09.000+07:00,2025-09-20T06:31:26.000+07:00,
930403,93160,ตำบลคลองใหญ่,Tambon Khlong Yai,9304,7.26,100.074,2019-08-09T03:33:09.000+07:00,2025-09-20T06:31:26.000+07:00,
930501,93110,ตำบลควนขนุน,Tambon Khuan Khanun,9305,7.756,100.003,2019-08-09T03:33:09.000+07:00,2025-09-20T06:31:26.000+07:00,
930502,93150,ตำบลทะเลน้อย,Tambon Thale Noi,9305,7.824,100.145,2019-08-09T03:33:09.000+07:00,2025-09-20T06:31:26.000+07:00,
930504,93110,ตำบลนาขยาด,Tambon Na Khayat,9305,7.687,99.948,2019-08-09T03:33:09.000+07:00,2025-09-20T06:31:26.000+07:00,
930505,93110,ตำบลพนมวังก์,Tambon Phanom Wang,9305,7.684,100.023,2019-08-09T03:33:09.000+07:00,2025-09-20T06:31:26.000+07:00,
930506,93110,ตำบลแหลมโตนด,Tambon Laem Tanot,9305,7.826,100.03,2019-08-09T03:33:09.000+07:00,2025-09-20T06:31:26.000+07:00,
930508,93110,ตำบลปันแต,Tambon Pan Tae,9305,7.783,100.051,2019-08-09T03:33:09.000+07:00,2025-09-20T06:31:26.000+07:00,
930509,93110,ตำบลโตนดด้วน,Tambon Tanot Duan,9305,7.718,100.036,2019-08-09T03:33:09.000+07:00,2025-09-20T06:31:26.000+07:00,
930510,93110,ตำบลดอนทราย,Tambon Don Sai,9305,7.716,99.975,2019-08-09T03:33:09.000+07:00,2025-09-20T06:31:26.000+07:00,
930511,93150,ตำบลมะกอกเหนือ,Tambon Makok Nuea,9305,7.746,100.073,2019-08-09T03:33:09.000+07:00,2025-09-20T06:31:26.000+07:00,
930512,93150,ตำบลพนางตุง,Tambon Phanang Tung,9305,7.759,100.14,2019-08-09T03:33:09.000+07:00,2025-09-20T06:31:26.000+07:00,
930513,93110,ตำบลชะมวง,Tambon Chamuang,9305,7.765,99.956,2019-08-09T03:33:09.000+07:00,2025-09-20T06:31:26.000+07:00,
930516,93110,ตำบลแพรกหา,Tambon Phraek Ha,9305,7.654,100.01,2019-08-09T03:33:09.000+07:00,2025-09-20T06:31:26.000+07:00,
930601,93120,ตำบลปากพะยูน,Tambon Pak Phayun,9306,7.33,100.336,2019-08-09T03:33:09.000+07:00,2025-09-20T06:31:26.000+07:00,
930602,93120,ตำบลดอนประดู่,Tambon Don Pradu,9306,7.279,100.318,2019-08-09T03:33:09.000+07:00,2025-09-20T06:31:26.000+07:00,
930603,93120,ตำบลเกาะนางคำ,Tambon Ko Nang Kham,9306,7.343,100.389,2019-08-09T03:33:09.000+07:00,2025-09-20T06:31:26.000+07:00,
930604,93120,ตำบลเกาะหมาก,Tambon Ko Mak,9306,7.435,100.329,2019-08-09T03:33:09.000+07:00,2025-09-20T06:31:26.000+07:00,
930605,93120,ตำบลฝาละมี,Tambon Falami,9306,7.371,100.261,2019-08-09T03:33:09.000+07:00,2025-09-20T06:31:26.000+07:00,
930606,93120,ตำบลหารเทา,Tambon Han Thao,9306,7.288,100.267,2019-08-09T03:33:09.000+07:00,2025-09-20T06:31:26.000+07:00,
930607,93120,ตำบลดอนทราย,Tambon Don Sai,9306,7.244,100.321,2019-08-09T03:33:09.000+07:00,2025-09-20T06:31:26.000+07:00,
930701,93190,ตำบลเขาย่า,Tambon Khao Ya,9307,7.746,99.864,2019-08-09T03:33:09.000+07:00,2025-09-20T06:31:26.000+07:00,
930702,93190,ตำบลเขาปู่,Tambon Khao Pu,9307,7.701,99.833,2019-08-09T03:33:09.000+07:00,2025-09-20T06:31:26.000+07:00,
930703,93190,ตำบลตะแพน,Tambon Taphaen,9307,7.645,99.878,2019-08-09T03:33:09.000+07:00,2025-09-20T06:31:26.000+07:00,
930801,93170,ตำบลป่าบอน,Tambon Pa Bon,9308,7.337,100.171,2019-08-09T03:33:09.000+07:00,2025-09-20T06:31:26.000+07:00,
930802,93170,ตำบลโคกทราย,Tambon Khok Sai,9308,7.229,100.229,2019-08-09T03:33:09.000+07:00,2025-09-20T06:31:26.000+07:00,
930803,93170,ตำบลหนองธง,Tambon Nong Thong,9308,7.162,100.008,2019-08-09T03:33:09.000+07:00,2025-09-20T06:31:26.000+07:00,
930804,93170,ตำบลทุ่งนารี,Tambon Thung Nari,9308,7.191,100.13,2019-08-09T03:33:09.000+07:00,2025-09-20T06:31:26.000+07:00,
930806,93170,ตำบลวังใหม่,Tambon Wang Mai,9308,7.318,100.23,2019-08-09T03:33:09.000+07:00,2025-09-20T06:31:26.000+07:00,
930901,93140,ตำบลท่ามะเดื่อ,Tambon Tha Maduea,9309,7.451,100.157,2019-08-09T03:33:09.000+07:00,2025-09-20T06:31:26.000+07:00,
930902,93140,ตำบลนาปะขอ,Tambon Na Pakho,9309,7.435,100.197,2019-08-09T03:33:09.000+07:00,2025-09-20T06:31:26.000+07:00,
930903,93140,ตำบลโคกสัก,Tambon Khok Sak,9309,7.39,100.145,2019-08-09T03:33:09.000+07:00,2025-09-20T06:31:26.000+07:00,
931001,93110,ตำบลป่าพะยอม,Tambon Pa Phayom,9310,,,2019-08-09T03:33:09.000+07:00,2025-09-20T06:31:26.000+07:00,
931002,93110,ตำบลลานข่อย,Tambon Lan Khoi,9310,,,2019-08-09T03:33:09.000+07:00,2025-09-20T06:31:26.000+07:00,
931003,93110,ตำบลเกาะเต่า,Tambon Ko Tao,9310,,,2019-08-09T03:33:09.000+07:00,2025-09-20T06:31:26.000+07:00,
931004,93110,ตำบลบ้านพร้าว,Tambon Ban Phrao,9310,,,2019-08-09T03:33:09.000+07:00,2025-09-20T06:31:26.000+07:00,
931101,93000,ตำบลชุมพล,Tambon Chumphon,9311,7.608,99.948,2019-08-09T03:33:09.000+07:00,2025-09-20T06:31:26.000+07:00,
931102,93000,ตำบลบ้านนา,Tambon Ban Na,9311,7.559,99.868,2019-08-09T03:33:09.000+07:00,2025-09-20T06:31:26.000+07:00,
931103,93000,ตำบลอ่างทอง,Tambon Ang Thong,9311,7.554,99.971,2019-08-09T03:33:09.000+07:00,2025-09-20T06:31:26.000+07:00,
931104,93000,ตำบลลำสินธุ์,Tambon Lam Sin,9311,7.495,99.875,2019-08-09T03:33:09.000+07:00,2025-09-20T06:31:26.000+07:00,
940101,94000,ตำบลสะบารัง,Tambon Sabarang,9401,6.876,101.251,2019-08-09T03:33:09.000+07:00,2025-09-20T06:31:26.000+07:00,
940102,94000,ตำบลอาเนาะรู,Tambon Ano Ru,9401,6.87,101.256,2019-08-09T03:33:09.000+07:00,2025-09-20T06:31:26.000+07:00,
940103,94000,ตำบลจะบังติกอ,Tambon Chabang Tiko,9401,6.857,101.251,2019-08-09T03:33:09.000+07:00,2025-09-20T06:31:26.000+07:00,
940104,94000,ตำบลบานา,Tambon Bana,9401,6.866,101.289,2019-08-09T03:33:09.000+07:00,2025-09-20T06:31:26.000+07:00,
940105,94000,ตำบลตันหยงลุโละ,Tambon Tanyong Lulo,9401,6.877,101.305,2019-08-09T03:33:09.000+07:00,2025-09-20T06:31:26.000+07:00,
940106,94000,ตำบลคลองมานิง,Tambon Khlong Maning,9401,6.845,101.293,2019-08-09T03:33:09.000+07:00,2025-09-20T06:31:26.000+07:00,
940107,94000,ตำบลกะมิยอ,Tambon Kamiyo,9401,6.854,101.318,2019-08-09T03:33:09.000+07:00,2025-09-20T06:31:26.000+07:00,
940108,94000,ตำบลบาราโหม,Tambon Barahom,9401,6.873,101.317,2019-08-09T03:33:09.000+07:00,2025-09-20T06:31:26.000+07:00,
940109,94000,ตำบลปะกาฮะรัง,Tambon Paka Harang,9401,6.833,101.232,2019-08-09T03:33:09.000+07:00,2025-09-20T06:31:26.000+07:00,
940110,94000,ตำบลรูสะมิแล,Tambon Ru Samilae,9401,6.864,101.207,2019-08-09T03:33:09.000+07:00,2025-09-20T06:31:26.000+07:00,
940111,94000,ตำบลตะลุโบะ,Tambon Talubo,9401,6.853,101.267,2019-08-09T03:33:09.000+07:00,2025-09-20T06:31:26.000+07:00,
940112,94000,ตำบลบาราเฮาะ,Tambon Baraho,9401,6.829,101.267,2019-08-09T03:33:09.000+07:00,2025-09-20T06:31:26.000+07:00,
940113,94000,ตำบลปุยุด,Tambon Puyut,9401,6.811,101.268,2019-08-09T03:33:09.000+07:00,2025-09-20T06:31:26.000+07:00,
940201,94120,ตำบลโคกโพธิ์,Tambon Khok Pho,9402,6.732,101.061,2019-08-09T03:33:09.000+07:00,2025-09-20T06:31:26.000+07:00,
940202,94120,ตำบลมะกรูด,Tambon Makrut,9402,6.738,101.119,2019-08-09T03:33:09.000+07:00,2025-09-20T06:31:26.000+07:00,
940203,94120,ตำบลบางโกระ,Tambon Bang Kro,9402,6.76,101.108,2019-08-09T03:33:09.000+07:00,2025-09-20T06:31:26.000+07:00,
940204,94120,ตำบลป่าบอน,Tambon Pa Bon,9402,6.701,101.116,2019-08-09T03:33:09.000+07:00,2025-09-20T06:31:26.000+07:00,
940205,94120,ตำบลทรายขาว,Tambon Sai Khao,9402,6.665,101.096,2019-08-09T03:33:09.000+07:00,2025-09-20T06:31:26.000+07:00,
940206,94180,ตำบลนาประดู่,Tambon Na Pradu,9402,6.689,101.142,2019-08-09T03:33:09.000+07:00,2025-09-20T06:31:26.000+07:00,
940207,94180,ตำบลปากล่อ,Tambon Pak Lo,9402,6.62,101.187,2019-08-09T03:33:09.000+07:00,2025-09-20T06:31:26.000+07:00,
940208,94180,ตำบลทุ่งพลา,Tambon Thung Phala,9402,6.641,101.152,2019-08-09T03:33:09.000+07:00,2025-09-20T06:31:26.000+07:00,
940211,94120,ตำบลท่าเรือ,Tambon Tha Ruea,9402,6.78,101.053,2019-08-09T03:33:09.000+07:00,2025-09-20T06:31:26.000+07:00,
940213,94120,ตำบลนาเกตุ,Tambon Na Ket,9402,6.744,101.155,2019-08-09T03:33:09.000+07:00,2025-09-20T06:31:26.000+07:00,
940214,94180,ตำบลควนโนรี,Tambon Khuan Nori,9402,6.719,101.199,2019-08-09T03:33:09.000+07:00,2025-09-20T06:31:26.000+07:00,
940215,94120,ตำบลช้างให้ตก,Tambon Chang Hai Tok,9402,6.672,101.062,2019-08-09T03:33:09.000+07:00,2025-09-20T06:31:26.000+07:00,
940301,94170,ตำบลเกาะเปาะ,Tambon Ko Po,9403,6.815,101.201,2019-08-09T03:33:09.000+07:00,2025-09-20T06:31:26.000+07:00,
940302,94170,ตำบลคอลอตันหยง,Tambon Kholo Tanyong,9403,6.744,101.222,2019-08-09T03:33:09.000+07:00,2025-09-20T06:31:26.000+07:00,
940303,94170,ตำบลดอนรัก,Tambon Don Rak,9403,6.848,101.22,2019-08-09T03:33:09.000+07:00,2025-09-20T06:31:26.000+07:00,
940304,94170,ตำบลดาโต๊ะ,Tambon Dato,9403,6.717,101.244,2019-08-09T03:33:09.000+07:00,2025-09-20T06:31:26.000+07:00,
940305,94170,ตำบลตุยง,Tambon Tuyong,9403,6.832,101.178,2019-08-09T03:33:09.000+07:00,2025-09-20T06:31:26.000+07:00,
940306,94170,ตำบลท่ากำชำ,Tambon Tha Kamcham,9403,6.826,101.072,2019-08-09T03:33:09.000+07:00,2025-09-20T06:31:26.000+07:00,
940307,94170,ตำบลบ่อทอง,Tambon Bo Thong,9403,6.789,101.135,2019-08-09T03:33:09.000+07:00,2025-09-20T06:31:26.000+07:00,
940308,94170,ตำบลบางเขา,Tambon Bang Khao,9403,6.834,101.13,2019-08-09T03:33:09.000+07:00,2025-09-20T06:31:26.000+07:00,
940309,94170,ตำบลบางตาวา,Tambon Bang Tawa,9403,6.858,101.158,2019-08-09T03:33:09.000+07:00,2025-09-20T06:31:26.000+07:00,
940310,94170,ตำบลปุโละปุโย,Tambon Pulo Puyo,9403,6.774,101.194,2019-08-09T03:33:09.000+07:00,2025-09-20T06:31:26.000+07:00,
940311,94170,ตำบลยาบี,Tambon Yabi,9403,6.782,101.246,2019-08-09T03:33:09.000+07:00,2025-09-20T06:31:26.000+07:00,
940312,94170,ตำบลลิปะสะโง,Tambon Lipa Sa-ngo,9403,6.805,101.231,2019-08-09T03:33:09.000+07:00,2025-09-20T06:31:26.000+07:00,
940401,94130,ตำบลปะนาเระ,Tambon Panare,9404,6.86,101.484,2019-08-09T03:33:09.000+07:00,2025-09-20T06:31:26.000+07:00,
940402,94130,ตำบลท่าข้าม,Tambon Tha Kham,9404,6.838,101.477,2019-08-09T03:33:09.000+07:00,2025-09-20T06:31:26.000+07:00,
940403,94130,ตำบลบ้านนอก,Tambon Ban Nok,9404,6.812,101.479,2019-08-09T03:33:09.000+07:00,2025-09-20T06:31:26.000+07:00,
940404,94130,ตำบลดอน,Tambon Don,9404,6.786,101.482,2019-08-09T03:33:09.000+07:00,2025-09-20T06:31:26.000+07:00,
940405,94190,ตำบลควน,Tambon Khuan,9404,6.762,101.493,2019-08-09T03:33:09.000+07:00,2025-09-20T06:31:26.000+07:00,
940406,94130,ตำบลท่าน้ำ,Tambon Tha Nam,9404,6.771,101.515,2019-08-09T03:33:09.000+07:00,2025-09-20T06:31:26.000+07:00,
940407,94130,ตำบลคอกกระบือ,Tambon Khok Krabue,9404,6.8,101.52,2019-08-09T03:33:09.000+07:00,2025-09-20T06:31:26.000+07:00,
940408,94130,ตำบลพ่อมิ่ง,Tambon Pho Ming,9404,6.786,101.554,2019-08-09T03:33:09.000+07:00,2025-09-20T06:31:26.000+07:00,
940409,94130,ตำบลบ้านกลาง,Tambon Ban Klang,9404,6.839,101.521,2019-08-09T03:33:09.000+07:00,2025-09-20T06:31:26.000+07:00,
940410,94130,ตำบลบ้านน้ำบ่อ,Tambon Ban Nam Bo,9404,6.817,101.563,2019-08-09T03:33:09.000+07:00,2025-09-20T06:31:26.000+07:00,
940501,94140,ตำบลมายอ,Tambon Mayo,9405,6.71,101.425,2019-08-09T03:33:09.000+07:00,2025-09-20T06:31:26.000+07:00,
940502,94140,ตำบลถนน,Tambon Thanon,9405,6.75,101.419,2019-08-09T03:33:09.000+07:00,2025-09-20T06:31:26.000+07:00,
940503,94140,ตำบลตรัง,Tambon Trang,9405,6.693,101.375,2019-08-09T03:33:09.000+07:00,2025-09-20T06:31:26.000+07:00,
940504,94140,ตำบลกระหวะ,Tambon Krawa,9405,6.759,101.441,2019-08-09T03:33:09.000+07:00,2025-09-20T06:31:26.000+07:00,
940505,94140,ตำบลลุโบะยิไร,Tambon Lubo Yirai,9405,6.666,101.417,2019-08-09T03:33:09.000+07:00,2025-09-20T06:31:26.000+07:00,
940506,94190,ตำบลลางา,Tambon La-nga,9405,6.735,101.478,2019-08-09T03:33:09.000+07:00,2025-09-20T06:31:26.000+07:00,
940507,94140,ตำบลกระเสาะ,Tambon Kra So,9405,6.749,101.397,2019-08-09T03:33:09.000+07:00,2025-09-20T06:31:26.000+07:00,
940508,94140,ตำบลเกาะจัน,Tambon Ko Chan,9405,6.723,101.382,2019-08-09T03:33:09.000+07:00,2025-09-20T06:31:26.000+07:00,
940509,94140,ตำบลปะโด,Tambon Pado,9405,6.666,101.359,2019-08-09T03:33:09.000+07:00,2025-09-20T06:31:26.000+07:00,
940510,94140,ตำบลสาคอบน,Tambon Sakho Bon,9405,6.73,101.352,2019-08-09T03:33:09.000+07:00,2025-09-20T06:31:26.000+07:00,
940511,94140,ตำบลสาคอใต้,Tambon Sakho Tai,9405,6.749,101.357,2019-08-09T03:33:09.000+07:00,2025-09-20T06:31:26.000+07:00,
940512,94140,ตำบลสะกำ,Tambon Sakam,9405,6.72,101.462,2019-08-09T03:33:09.000+07:00,2025-09-20T06:31:26.000+07:00,
940513,94140,ตำบลปานัน,Tambon Panan,9405,6.721,101.334,2019-08-09T03:33:09.000+07:00,2025-09-20T06:31:26.000+07:00,
940601,94140,ตำบลตะโละแมะนา,Tambon Talo Mae Na,9406,6.604,101.401,2019-08-09T03:33:09.000+07:00,2025-09-20T06:31:26.000+07:00,
940602,94140,ตำบลพิเทน,Tambon Phithen,9406,6.679,101.467,2019-08-09T03:33:09.000+07:00,2025-09-20T06:31:26.000+07:00,
940603,94140,ตำบลน้ำดำ,Tambon Nam Dam,9406,6.605,101.448,2019-08-09T03:33:09.000+07:00,2025-09-20T06:31:26.000+07:00,
940604,94140,ตำบลปากู,Tambon Paku,9406,6.624,101.474,2019-08-09T03:33:09.000+07:00,2025-09-20T06:31:26.000+07:00,
940701,94110,ตำบลตะลุบัน,Tambon Taluban,9407,,,2019-08-09T03:33:09.000+07:00,2025-09-20T06:31:26.000+07:00,
940702,94110,ตำบลตะบิ้ง,Tambon Tabing,9407,6.681,101.589,2019-08-09T03:33:09.000+07:00,2025-09-20T06:31:26.000+07:00,
940703,94110,ตำบลปะเสยะวอ,Tambon Pase Yawo,9407,6.733,101.606,2019-08-09T03:33:09.000+07:00,2025-09-20T06:31:26.000+07:00,
940704,94110,ตำบลบางเก่า,Tambon Bang Kao,9407,6.764,101.591,2019-08-09T03:33:09.000+07:00,2025-09-20T06:31:26.000+07:00,
940705,94110,ตำบลบือเระ,Tambon Bue Re,9407,6.704,101.584,2019-08-09T03:33:09.000+07:00,2025-09-20T06:31:26.000+07:00,
940706,94110,ตำบลเตราะบอน,Tambon Tro Bon,9407,6.688,101.543,2019-08-09T03:33:09.000+07:00,2025-09-20T06:31:26.000+07:00,
940707,94110,ตำบลกะดุนง,Tambon Kadunong,9407,6.646,101.554,2019-08-09T03:33:09.000+07:00,2025-09-20T06:31:26.000+07:00,
940708,94110,ตำบลละหาร,Tambon Lahan,9407,6.659,101.627,2019-08-09T03:33:09.000+07:00,2025-09-20T06:31:26.000+07:00,
940709,94110,ตำบลมะนังดาลำ,Tambon Manang Dalam,9407,6.649,101.599,2019-08-09T03:33:09.000+07:00,2025-09-20T06:31:26.000+07:00,
940710,94110,ตำบลแป้น,Tambon Paen,9407,6.747,101.553,2019-08-09T03:33:09.000+07:00,2025-09-20T06:31:26.000+07:00,
940711,94190,ตำบลทุ่งคล้า,Tambon Thung Khla,9407,6.718,101.528,2019-08-09T03:33:09.000+07:00,2025-09-20T06:31:26.000+07:00,
940801,94220,ตำบลไทรทอง,Tambon Sai Thong,9408,6.604,101.673,2019-08-09T03:33:09.000+07:00,2025-09-20T06:31:26.000+07:00,
940802,94220,ตำบลไม้แก่น,Tambon Mai Kaen,9408,6.647,101.669,2019-08-09T03:33:09.000+07:00,2025-09-20T06:31:26.000+07:00,
940803,94220,ตำบลตะโละไกรทอง,Tambon Talo Krai Thong,9408,6.627,101.64,2019-08-09T03:33:09.000+07:00,2025-09-20T06:31:26.000+07:00,
940804,94220,ตำบลดอนทราย,Tambon Don Sai,9408,,,2019-08-09T03:33:09.000+07:00,2025-09-20T06:31:26.000+07:00,
940901,94150,ตำบลตะโละ,Tambon Talo,9409,6.782,101.353,2019-08-09T03:33:09.000+07:00,2025-09-20T06:31:26.000+07:00,
940902,94150,ตำบลตะโละกาโปร์,Tambon Talo Kapo,9409,6.872,101.43,2019-08-09T03:33:09.000+07:00,2025-09-20T06:31:26.000+07:00,
940903,94150,ตำบลตันหยงดาลอ,Tambon Tanyong Dalo,9409,6.808,101.423,2019-08-09T03:33:09.000+07:00,2025-09-20T06:31:26.000+07:00,
940904,94190,ตำบลตันหยงจึงงา,Tambon Tanyong Chueng-nga,9409,6.787,101.458,2019-08-09T03:33:09.000+07:00,2025-09-20T06:31:26.000+07:00,
940905,94150,ตำบลตอหลัง,Tambon Tolang,9409,6.802,101.448,2019-08-09T03:33:09.000+07:00,2025-09-20T06:31:26.000+07:00,
940906,94150,ตำบลตาแกะ,Tambon Ta Kae,9409,6.844,101.336,2019-08-09T03:33:09.000+07:00,2025-09-20T06:31:26.000+07:00,
940907,94150,ตำบลตาลีอายร์,Tambon Tali-ai,9409,6.789,101.389,2019-08-09T03:33:09.000+07:00,2025-09-20T06:31:26.000+07:00,
940908,94150,ตำบลยามู,Tambon Yamu,9409,6.855,101.372,2019-08-09T03:33:09.000+07:00,2025-09-20T06:31:26.000+07:00,
940909,94150,ตำบลบางปู,Tambon Bang Pu,9409,6.868,101.335,2019-08-09T03:33:09.000+07:00,2025-09-20T06:31:26.000+07:00,
940910,94150,ตำบลหนองแรต,Tambon Nong Raet,9409,6.849,101.403,2019-08-09T03:33:09.000+07:00,2025-09-20T06:31:26.000+07:00,
940911,94150,ตำบลปิยามุมัง,Tambon Piya Mumang,9409,6.823,101.376,2019-08-09T03:33:09.000+07:00,2025-09-20T06:31:26.000+07:00,
940912,94150,ตำบลปุลากง,Tambon Pula Kong,9409,6.769,101.391,2019-08-09T03:33:09.000+07:00,2025-09-20T06:31:26.000+07:00,
940913,94190,ตำบลบาโลย,Tambon Baloi,9409,6.781,101.439,2019-08-09T03:33:09.000+07:00,2025-09-20T06:31:26.000+07:00,
940914,94150,ตำบลสาบัน,Tambon Saban,9409,6.82,101.439,2019-08-09T03:33:09.000+07:00,2025-09-20T06:31:26.000+07:00,
940915,94150,ตำบลมะนังยง,Tambon Manang Yong,9409,6.813,101.402,2019-08-09T03:33:09.000+07:00,2025-09-20T06:31:26.000+07:00,
940916,94150,ตำบลราตาปันยัง,Tambon Rata Panyang,9409,6.822,101.353,2019-08-09T03:33:09.000+07:00,2025-09-20T06:31:26.000+07:00,
940917,94150,ตำบลจะรัง,Tambon Charang,9409,6.843,101.45,2019-08-09T03:33:09.000+07:00,2025-09-20T06:31:26.000+07:00,
940918,94150,ตำบลแหลมโพธิ์,Tambon Laem Pho,9409,6.942,101.296,2019-08-09T03:33:09.000+07:00,2025-09-20T06:31:26.000+07:00,
941001,94160,ตำบลยะรัง,Tambon Yarang,9410,6.769,101.299,2019-08-09T03:33:09.000+07:00,2025-09-20T06:31:26.000+07:00,
941002,94160,ตำบลสะดาวา,Tambon Sadawa,9410,6.821,101.311,2019-08-09T03:33:09.000+07:00,2025-09-20T06:31:26.000+07:00,
941003,94160,ตำบลประจัน,Tambon Prachan,9410,6.797,101.289,2019-08-09T03:33:09.000+07:00,2025-09-20T06:31:26.000+07:00,
941004,94160,ตำบลสะนอ,Tambon Sano,9410,6.789,101.323,2019-08-09T03:33:09.000+07:00,2025-09-20T06:31:26.000+07:00,
941005,94160,ตำบลระแว้ง,Tambon Rawaeng,9410,6.755,101.324,2019-08-09T03:33:09.000+07:00,2025-09-20T06:31:26.000+07:00,
941006,94160,ตำบลปิตูมุดี,Tambon Pitu Mudi,9410,6.743,101.284,2019-08-09T03:33:09.000+07:00,2025-09-20T06:31:26.000+07:00,
941007,94160,ตำบลวัด,Tambon Wat,9410,6.735,101.308,2019-08-09T03:33:09.000+07:00,2025-09-20T06:31:26.000+07:00,
941008,94160,ตำบลกระโด,Tambon Krado,9410,6.717,101.299,2019-08-09T03:33:09.000+07:00,2025-09-20T06:31:26.000+07:00,
941009,94160,ตำบลคลองใหม่,Tambon Khlong Mai,9410,6.735,101.262,2019-08-09T03:33:09.000+07:00,2025-09-20T06:31:26.000+07:00,
941010,94160,ตำบลเมาะมาวี,Tambon Mo Mawi,9410,6.67,101.303,2019-08-09T03:33:09.000+07:00,2025-09-20T06:31:26.000+07:00,
941011,94160,ตำบลกอลำ,Tambon Kolam,9410,6.673,101.329,2019-08-09T03:33:09.000+07:00,2025-09-20T06:31:26.000+07:00,
941012,94160,ตำบลเขาตูม,Tambon Khao Tum,9410,6.603,101.314,2019-08-09T03:33:09.000+07:00,2025-09-20T06:31:26.000+07:00,
941101,94230,ตำบลกะรุบี,Tambon Karubi,9411,6.57,101.556,2019-08-09T03:33:09.000+07:00,2025-09-20T06:31:26.000+07:00,
941102,94230,ตำบลตะโละดือรามัน,Tambon Talo Due Raman,9411,6.603,101.554,2019-08-09T03:33:09.000+07:00,2025-09-20T06:31:26.000+07:00,
941103,94230,ตำบลปล่องหอย,Tambon Plong Hoi,9411,6.638,101.509,2019-08-09T03:33:09.000+07:00,2025-09-20T06:31:26.000+07:00,
941201,94180,ตำบลแม่ลาน,Tambon Mae Lan,9412,6.647,101.231,2019-08-09T03:33:09.000+07:00,2025-09-20T06:31:26.000+07:00,
941202,94180,ตำบลม่วงเตี้ย,Tambon Muang Tia,9412,6.677,101.266,2019-08-09T03:33:09.000+07:00,2025-09-20T06:31:26.000+07:00,
941203,94180,ตำบลป่าไร่,Tambon Pa Rai,9412,6.685,101.214,2019-08-09T03:33:09.000+07:00,2025-09-20T06:31:26.000+07:00,
950101,95000,ตำบลสะเตง,Tambon Sateng,9501,6.547,101.28,2019-08-09T03:33:09.000+07:00,2025-09-20T06:31:26.000+07:00,
950102,95000,ตำบลบุดี,Tambon Budi,9501,6.487,101.305,2019-08-09T03:33:09.000+07:00,2025-09-20T06:31:26.000+07:00,
950103,95000,ตำบลยุโป,Tambon Yopo,9501,6.597,101.283,2019-08-09T03:33:09.000+07:00,2025-09-20T06:31:26.000+07:00,
950104,95160,ตำบลลิดล,Tambon Lidon,9501,6.551,101.166,2019-08-09T03:33:09.000+07:00,2025-09-20T06:31:26.000+07:00,
950106,95000,ตำบลยะลา,Tambon Yala,9501,6.523,101.181,2019-08-09T03:33:09.000+07:00,2025-09-20T06:31:26.000+07:00,
950108,95000,ตำบลท่าสาป,Tambon Tha Sap,9501,6.538,101.235,2019-08-09T03:33:09.000+07:00,2025-09-20T06:31:26.000+07:00,
950109,95160,ตำบลลำใหม่,Tambon Lam Mai,9501,6.583,101.205,2019-08-09T03:33:09.000+07:00,2025-09-20T06:31:26.000+07:00,
950110,95000,ตำบลหน้าถ้ำ,Tambon Na Tham,9501,6.525,101.225,2019-08-09T03:33:09.000+07:00,2025-09-20T06:31:26.000+07:00,
950111,95160,ตำบลลำพะยา,Tambon Lam Phaya,9501,6.584,101.162,2019-08-09T03:33:09.000+07:00,2025-09-20T06:31:26.000+07:00,
950112,95000,ตำบลเปาะเส้ง,Tambon Po Seng,9501,6.511,101.201,2019-08-09T03:33:09.000+07:00,2025-09-20T06:31:26.000+07:00,
950114,95160,ตำบลพร่อน,Tambon Phron,9501,6.563,101.229,2019-08-09T03:33:09.000+07:00,2025-09-20T06:31:26.000+07:00,
950115,95000,ตำบลบันนังสาเรง,Tambon Bannang Sareng,9501,6.48,101.258,2019-08-09T03:33:09.000+07:00,2025-09-20T06:31:26.000+07:00,
950116,95000,ตำบลสะเตงนอก,Tambon Sateng Nok,9501,6.552,101.324,2019-08-09T03:33:09.000+07:00,2025-09-20T06:31:26.000+07:00,
950118,95000,ตำบลตาเซะ,Tambon Ta Se,9501,6.62,101.253,2019-08-09T03:33:09.000+07:00,2025-09-20T06:31:26.000+07:00,
950201,95110,ตำบลเบตง,Tambon Betong,9502,5.803,101.009,2019-08-09T03:33:09.000+07:00,2025-09-20T06:31:26.000+07:00,
950202,95110,ตำบลยะรม,Tambon Yarom,9502,5.771,101.203,2019-08-09T03:33:09.000+07:00,2025-09-20T06:31:26.000+07:00,
950203,95110,ตำบลตาเนาะแมเราะ,Tambon Tano Maero,9502,5.853,101.099,2019-08-09T03:33:09.000+07:00,2025-09-20T06:31:26.000+07:00,
950204,95110,ตำบลอัยเยอร์เวง,Tambon Aiyoe Weng,9502,5.963,101.398,2019-08-09T03:33:09.000+07:00,2025-09-20T06:31:26.000+07:00,
950205,95110,ตำบลธารน้ำทิพย์,Tambon Than Nam Thip,9502,5.686,101.141,2019-08-09T03:33:09.000+07:00,2025-09-20T06:31:26.000+07:00,
950301,95130,ตำบลบันนังสตา,Tambon Bannang Sata,9503,6.25,101.233,2019-08-09T03:33:09.000+07:00,2025-09-20T06:31:26.000+07:00,
950302,95130,ตำบลบาเจาะ,Tambon Bacho,9503,6.212,101.291,2019-08-09T03:33:09.000+07:00,2025-09-20T06:31:26.000+07:00,
950303,95130,ตำบลตาเนาะปูเต๊ะ,Tambon Tano Pute,9503,6.355,101.327,2019-08-09T03:33:09.000+07:00,2025-09-20T06:31:26.000+07:00,
950304,95130,ตำบลถ้ำทะลุ,Tambon Tham Thalu,9503,6.238,101.147,2019-08-09T03:33:09.000+07:00,2025-09-20T06:31:26.000+07:00,
950305,95130,ตำบลตลิ่งชัน,Tambon Taling Chan,9503,6.271,101.352,2019-08-09T03:33:09.000+07:00,2025-09-20T06:31:26.000+07:00,
950306,95130,ตำบลเขื่อนบางลาง,Tambon Khuean Bang Lang,9503,6.142,101.309,2019-08-09T03:33:09.000+07:00,2025-09-20T06:31:26.000+07:00,
950401,95150,ตำบลธารโต,Tambon Than To,9504,6.167,101.187,2019-08-09T03:33:09.000+07:00,2025-09-20T06:31:26.000+07:00,
950402,95150,ตำบลบ้านแหร,Tambon Ban Rae,9504,6.105,101.204,2019-08-09T03:33:09.000+07:00,2025-09-20T06:31:26.000+07:00,
950403,95170,ตำบลแม่หวาด,Tambon Mae Wat,9504,6.102,101.384,2019-08-09T03:33:09.000+07:00,2025-09-20T06:31:26.000+07:00,
950404,95150,ตำบลคีรีเขต,Tambon Khiri Khet,9504,6.153,101.116,2019-08-09T03:33:09.000+07:00,2025-09-20T06:31:26.000+07:00,
950501,95120,ตำบลยะหา,Tambon Yaha,9505,6.504,101.125,2019-08-09T03:33:09.000+07:00,2025-09-20T06:31:26.000+07:00,
950502,95120,ตำบลละแอ,Tambon La-ae,9505,6.466,101.186,2019-08-09T03:33:09.000+07:00,2025-09-20T06:31:26.000+07:00,
950503,95120,ตำบลปะแต,Tambon Patae,9505,6.344,101.139,2019-08-09T03:33:09.000+07:00,2025-09-20T06:31:26.000+07:00,
950504,95120,ตำบลบาโร๊ะ,Tambon Baro,9505,6.457,101.133,2019-08-09T03:33:09.000+07:00,2025-09-20T06:31:26.000+07:00,
950506,95120,ตำบลตาชี,Tambon Ta Chi,9505,6.563,101.115,2019-08-09T03:33:09.000+07:00,2025-09-20T06:31:26.000+07:00,
950507,95120,ตำบลบาโงยซิแน,Tambon Ba-ngoi Sinae,9505,6.527,101.153,2019-08-09T03:33:09.000+07:00,2025-09-20T06:31:26.000+07:00,
950508,95120,ตำบลกาตอง,Tambon Ka Tong,9505,6.502,101.063,2019-08-09T03:33:09.000+07:00,2025-09-20T06:31:26.000+07:00,
950601,95140,ตำบลกายูบอเกาะ,Tambon Kayu Boko,9506,6.476,101.413,2019-08-09T03:33:09.000+07:00,2025-09-20T06:31:26.000+07:00,
950602,95140,ตำบลกาลูปัง,Tambon Kalupang,9506,6.464,101.374,2019-08-09T03:33:09.000+07:00,2025-09-20T06:31:26.000+07:00,
950603,95140,ตำบลกาลอ,Tambon Kalo,9506,6.378,101.383,2019-08-09T03:33:09.000+07:00,2025-09-20T06:31:26.000+07:00,
950604,95140,ตำบลกอตอตือร๊ะ,Tambon Koto Tuera,9506,6.5,101.389,2019-08-09T03:33:09.000+07:00,2025-09-20T06:31:26.000+07:00,
950605,95140,ตำบลโกตาบารู,Tambon Kota Baru,9506,6.452,101.345,2019-08-09T03:33:09.000+07:00,2025-09-20T06:31:26.000+07:00,
950606,95140,ตำบลเกะรอ,Tambon Kero,9506,6.535,101.576,2019-08-09T03:33:09.000+07:00,2025-09-20T06:31:26.000+07:00,
950607,95140,ตำบลจะกว๊ะ,Tambon Cha-kwa,9506,6.498,101.536,2019-08-09T03:33:09.000+07:00,2025-09-20T06:31:26.000+07:00,
950608,95140,ตำบลท่าธง,Tambon Tha Thong,9506,6.565,101.458,2019-08-09T03:33:09.000+07:00,2025-09-20T06:31:26.000+07:00,
950609,95140,ตำบลเนินงาม,Tambon Noen Ngam,9506,6.508,101.347,2019-08-09T03:33:09.000+07:00,2025-09-20T06:31:26.000+07:00,
950610,95140,ตำบลบาลอ,Tambon Balo,9506,6.448,101.445,2019-08-09T03:33:09.000+07:00,2025-09-20T06:31:26.000+07:00,
950611,95140,ตำบลบาโงย,Tambon Ba-ngoi,9506,6.473,101.349,2019-08-09T03:33:09.000+07:00,2025-09-20T06:31:26.000+07:00,
950612,95140,ตำบลบือมัง,Tambon Buemang,9506,6.411,101.336,2019-08-09T03:33:09.000+07:00,2025-09-20T06:31:26.000+07:00,
950613,95140,ตำบลยะต๊ะ,Tambon Yata,9506,6.426,101.407,2019-08-09T03:33:09.000+07:00,2025-09-20T06:31:26.000+07:00,
950614,95140,ตำบลวังพญา,Tambon Wang Phaya,9506,6.544,101.375,2019-08-09T03:33:09.000+07:00,2025-09-20T06:31:26.000+07:00,
950615,95140,ตำบลอาซ่อง,Tambon Asong,9506,6.52,101.451,2019-08-09T03:33:09.000+07:00,2025-09-20T06:31:26.000+07:00,
950616,95140,ตำบลตะโล๊ะหะลอ,Tambon Talo Halo,9506,6.479,101.485,2019-08-09T03:33:09.000+07:00,2025-09-20T06:31:26.000+07:00,
950701,95120,ตำบลกาบัง,Tambon Kabang,9507,6.449,101.0,2019-08-09T03:33:09.000+07:00,2025-09-20T06:31:26.000+07:00,
950702,95120,ตำบลบาละ,Tambon Bala,9507,6.33,101.023,2019-08-09T03:33:09.000+07:00,2025-09-20T06:31:26.000+07:00,
950801,95000,ตำบลกรงปินัง,Tambon Krong Pinang,9508,,,2019-08-09T03:33:09.000+07:00,2025-09-20T06:31:26.000+07:00,
950802,95000,ตำบลสะเอะ,Tambon Sa-e,9508,,,2019-08-09T03:33:09.000+07:00,2025-09-20T06:31:26.000+07:00,
950803,95000,ตำบลห้วยกระทิง,Tambon Huai Krathing,9508,,,2019-08-09T03:33:09.000+07:00,2025-09-20T06:31:26.000+07:00,
950804,95000,ตำบลปุโรง,Tambon Purong,9508,,,2019-08-09T03:33:09.000+07:00,2025-09-20T06:31:26.000+07:00,
960101,96000,ตำบลบางนาค,Tambon Bang Nak,9601,6.424,101.82,2019-08-09T03:33:09.000+07:00,2025-09-20T06:31:26.000+07:00,
960102,96000,ตำบลลำภู,Tambon Lam Phu,9601,6.379,101.819,2019-08-09T03:33:09.000+07:00,2025-09-20T06:31:26.000+07:00,
960103,96000,ตำบลมะนังตายอ,Tambon Manang Tayo,9601,6.354,101.76,2019-08-09T03:33:09.000+07:00,2025-09-20T06:31:26.000+07:00,
960104,96000,ตำบลบางปอ,Tambon Bang Po,9601,6.33,101.804,2019-08-09T03:33:09.000+07:00,2025-09-20T06:31:26.000+07:00,
960105,96000,ตำบลกะลุวอ,Tambon Kaluwo,9601,6.342,101.874,2019-08-09T03:33:09.000+07:00,2025-09-20T06:31:26.000+07:00,
960106,96000,ตำบลกะลุวอเหนือ,Tambon Kaluwo Nuea,9601,6.404,101.862,2019-08-09T03:33:09.000+07:00,2025-09-20T06:31:26.000+07:00,
960107,96000,ตำบลโคกเคียน,Tambon Khok Khian,9601,6.482,101.763,2019-08-09T03:33:09.000+07:00,2025-09-20T06:31:26.000+07:00,
960201,96110,ตำบลเจ๊ะเห,Tambon Chehe,9602,6.257,102.051,2019-08-09T03:33:09.000+07:00,2025-09-20T06:31:26.000+07:00,
960202,96110,ตำบลไพรวัน,Tambon Phrai Wan,9602,6.3,101.958,2019-08-09T03:33:09.000+07:00,2025-09-20T06:31:26.000+07:00,
960203,96110,ตำบลพร่อน,Tambon Phron,9602,6.202,102.014,2019-08-09T03:33:09.000+07:00,2025-09-20T06:31:26.000+07:00,
960204,96110,ตำบลศาลาใหม่,Tambon Sala Mai,9602,6.282,102.008,2019-08-09T03:33:09.000+07:00,2025-09-20T06:31:26.000+07:00,
960205,96110,ตำบลบางขุนทอง,Tambon Bang Khun Thong,9602,6.234,101.967,2019-08-09T03:33:09.000+07:00,2025-09-20T06:31:26.000+07:00,
960206,96110,ตำบลเกาะสะท้อน,Tambon Ko Sathon,9602,6.22,102.059,2019-08-09T03:33:09.000+07:00,2025-09-20T06:31:26.000+07:00,
960207,96110,ตำบลนานาค,Tambon Na Nak,9602,6.142,102.07,2019-08-09T03:33:09.000+07:00,2025-09-20T06:31:26.000+07:00,
960208,96110,ตำบลโฆษิต,Tambon Khosit,9602,6.175,102.052,2019-08-09T03:33:09.000+07:00,2025-09-20T06:31:26.000+07:00,
960301,96170,ตำบลบาเจาะ,Tambon Bacho,9603,6.514,101.636,2019-08-09T03:33:09.000+07:00,2025-09-20T06:31:26.000+07:00,
960302,96170,ตำบลลุโบะสาวอ,Tambon Lubo Sawo,9603,6.486,101.667,2019-08-09T03:33:09.000+07:00,2025-09-20T06:31:26.000+07:00,
960303,96170,ตำบลกาเยาะมาตี,Tambon Kayo Mati,9603,6.545,101.625,2019-08-09T03:33:09.000+07:00,2025-09-20T06:31:26.000+07:00,
960304,96170,ตำบลปะลุกาสาเมาะ,Tambon Paluka Samo,9603,6.608,101.609,2019-08-09T03:33:09.000+07:00,2025-09-20T06:31:26.000+07:00,
960305,96170,ตำบลบาเระเหนือ,Tambon Bare Nuea,9603,6.571,101.613,2019-08-09T03:33:09.000+07:00,2025-09-20T06:31:26.000+07:00,
960306,96170,ตำบลบาเระใต้,Tambon Ba Re Tai,9603,6.539,101.693,2019-08-09T03:33:09.000+07:00,2025-09-20T06:31:26.000+07:00,
960401,96180,ตำบลยี่งอ,Tambon Yi-ngo,9604,6.382,101.703,2019-08-09T03:33:09.000+07:00,2025-09-20T06:31:26.000+07:00,
960402,96180,ตำบลละหาร,Tambon Lahan,9604,6.396,101.745,2019-08-09T03:33:09.000+07:00,2025-09-20T06:31:26.000+07:00,
960403,96180,ตำบลจอเบาะ,Tambon Chobo,9604,6.382,101.66,2019-08-09T03:33:09.000+07:00,2025-09-20T06:31:26.000+07:00,
960404,96180,ตำบลลุโบะบายะ,Tambon Lubo Baya,9604,6.422,101.663,2019-08-09T03:33:09.000+07:00,2025-09-20T06:31:26.000+07:00,
960405,96180,ตำบลลุโบะบือซา,Tambon Lubo Buesa,9604,6.43,101.725,2019-08-09T03:33:09.000+07:00,2025-09-20T06:31:26.000+07:00,
960406,96180,ตำบลตะปอเยาะ,Tambon Tapoyo,9604,6.457,101.663,2019-08-09T03:33:09.000+07:00,2025-09-20T06:31:26.000+07:00,
960501,96130,ตำบลตันหยงมัส,Tambon Tanyong Mat,9605,6.311,101.724,2019-08-09T03:33:09.000+07:00,2025-09-20T06:31:26.000+07:00,
960502,96130,ตำบลตันหยงลิมอ,Tambon Tanyong Limo,9605,6.283,101.775,2019-08-09T03:33:09.000+07:00,2025-09-20T06:31:26.000+07:00,
960506,96220,ตำบลบองอ,Tambon Bo-ngo,9605,6.172,101.753,2019-08-09T03:33:09.000+07:00,2025-09-20T06:31:26.000+07:00,
960507,96130,ตำบลกาลิซา,Tambon Kalisa,9605,,,2019-08-09T03:33:09.000+07:00,2025-09-20T06:31:26.000+07:00,
960508,96130,ตำบลบาโงสะโต,Tambon Ba-ngo Sato,9605,6.277,101.691,2019-08-09T03:33:09.000+07:00,2025-09-20T06:31:26.000+07:00,
960509,96130,ตำบลเฉลิม,Tambon Chaloem,9605,6.291,101.641,2019-08-09T03:33:09.000+07:00,2025-09-20T06:31:26.000+07:00,
960510,96130,ตำบลมะรือโบตก,Tambon Maruebo Tok,9605,6.337,101.66,2019-08-09T03:33:09.000+07:00,2025-09-20T06:31:26.000+07:00,
960601,96150,ตำบลรือเสาะ,Tambon Rueso,9606,6.369,101.508,2019-08-09T03:33:09.000+07:00,2025-09-20T06:31:26.000+07:00,
960602,96150,ตำบลสาวอ,Tambon Sawo,9606,6.434,101.507,2019-08-09T03:33:09.000+07:00,2025-09-20T06:31:26.000+07:00,
960603,96150,ตำบลเรียง,Tambon Riang,9606,6.398,101.445,2019-08-09T03:33:09.000+07:00,2025-09-20T06:31:26.000+07:00,
960604,96150,ตำบลสามัคคี,Tambon Samakkhi,9606,6.423,101.587,2019-08-09T03:33:09.000+07:00,2025-09-20T06:31:26.000+07:00,
960605,96150,ตำบลบาตง,Tambon Batong,9606,6.336,101.445,2019-08-09T03:33:09.000+07:00,2025-09-20T06:31:26.000+07:00,
960606,96150,ตำบลลาโละ,Tambon Lalo,9606,6.343,101.59,2019-08-09T03:33:09.000+07:00,2025-09-20T06:31:26.000+07:00,
960607,96150,ตำบลรือเสาะออก,Tambon Rueso Ok,9606,6.394,101.554,2019-08-09T03:33:09.000+07:00,2025-09-20T06:31:26.000+07:00,
960608,96150,ตำบลโคกสะตอ,Tambon Khok Sato,9606,6.282,101.449,2019-08-09T03:33:09.000+07:00,2025-09-20T06:31:26.000+07:00,
960609,96150,ตำบลสุวารี,Tambon Suwari,9606,6.458,101.611,2019-08-09T03:33:09.000+07:00,2025-09-20T06:31:26.000+07:00,
960701,96210,ตำบลซากอ,Tambon Sako,9607,6.23,101.522,2019-08-09T03:33:09.000+07:00,2025-09-20T06:31:26.000+07:00,
960702,96210,ตำบลตะมะยูง,Tambon Tamayung,9607,6.282,101.515,2019-08-09T03:33:09.000+07:00,2025-09-20T06:31:26.000+07:00,
960703,96210,ตำบลศรีสาคร,Tambon Si Sakhon,9607,6.152,101.492,2019-08-09T03:33:09.000+07:00,2025-09-20T06:31:26.000+07:00,
960704,96210,ตำบลเชิงคีรี,Tambon Choeng Khiri,9607,6.27,101.57,2019-08-09T03:33:09.000+07:00,2025-09-20T06:31:26.000+07:00,
960705,96210,ตำบลกาหลง,Tambon Kalong,9607,6.213,101.414,2019-08-09T03:33:09.000+07:00,2025-09-20T06:31:26.000+07:00,
960706,96210,ตำบลศรีบรรพต,Tambon Si Banphot,9607,6.152,101.574,2019-08-09T03:33:09.000+07:00,2025-09-20T06:31:26.000+07:00,
960801,96160,ตำบลแว้ง,Tambon Waeng,9608,5.936,101.835,2019-08-09T03:33:09.000+07:00,2025-09-20T06:31:26.000+07:00,
960802,96160,ตำบลกายูคละ,Tambon Kayu Khla,9608,5.974,101.911,2019-08-09T03:33:09.000+07:00,2025-09-20T06:31:26.000+07:00,
960803,96160,ตำบลฆอเลาะ,Tambon Kholo,9608,5.906,101.912,2019-08-09T03:33:09.000+07:00,2025-09-20T06:31:26.000+07:00,
960804,96160,ตำบลโละจูด,Tambon Lochut,9608,5.831,101.834,2019-08-09T03:33:09.000+07:00,2025-09-20T06:31:26.000+07:00,
960805,96160,ตำบลแม่ดง,Tambon Mae Dong,9608,5.892,101.82,2019-08-09T03:33:09.000+07:00,2025-09-20T06:31:26.000+07:00,
960806,96160,ตำบลเอราวัณ,Tambon Erawan,9608,5.973,101.842,2019-08-09T03:33:09.000+07:00,2025-09-20T06:31:26.000+07:00,
960901,96190,ตำบลมาโมง,Tambon Mamong,9609,5.876,101.764,2019-08-09T03:33:09.000+07:00,2025-09-20T06:31:26.000+07:00,
960902,96190,ตำบลสุคิริน,Tambon Sukhirin,9609,5.951,101.697,2019-08-09T03:33:09.000+07:00,2025-09-20T06:31:26.000+07:00,
960903,96190,ตำบลเกียร์,Tambon Kia,9609,5.984,101.775,2019-08-09T03:33:09.000+07:00,2025-09-20T06:31:26.000+07:00,
960904,96190,ตำบลภูเขาทอง,Tambon Phukhao Thong,9609,5.796,101.7,2019-08-09T03:33:09.000+07:00,2025-09-20T06:31:26.000+07:00,
960905,96190,ตำบลร่มไทร,Tambon Rom Sai,9609,6.048,101.759,2019-08-09T03:33:09.000+07:00,2025-09-20T06:31:26.000+07:00,
961001,96120,ตำบลสุไหงโก-ลก,Tambon Su-ngai Kolok,9610,,,2019-08-09T03:33:09.000+07:00,2025-09-20T06:31:26.000+07:00,
961002,96120,ตำบลปาเสมัส,Tambon Pase Mat,9610,6.054,101.975,2019-08-09T03:33:09.000+07:00,2025-09-20T06:31:26.000+07:00,
961003,96120,ตำบลมูโนะ,Tambon Muno,9610,6.108,102.052,2019-08-09T03:33:09.000+07:00,2025-09-20T06:31:26.000+07:00,
961004,96120,ตำบลปูโยะ,Tambon Puyo,9610,6.109,101.993,2019-08-09T03:33:09.000+07:00,2025-09-20T06:31:26.000+07:00,
961101,96140,ตำบลปะลุรู,Tambon Paluru,9611,6.073,101.905,2019-08-09T03:33:09.000+07:00,2025-09-20T06:31:26.000+07:00,
961102,96140,ตำบลสุไหงปาดี,Tambon Su-ngai Padi,9611,6.161,101.931,2019-08-09T03:33:09.000+07:00,2025-09-20T06:31:26.000+07:00,
961103,96140,ตำบลโต๊ะเด็ง,Tambon To Deng,9611,6.116,101.849,2019-08-09T03:33:09.000+07:00,2025-09-20T06:31:26.000+07:00,
961104,96140,ตำบลสากอ,Tambon Sako,9611,6.008,101.849,2019-08-09T03:33:09.000+07:00,2025-09-20T06:31:26.000+07:00,
961105,96140,ตำบลริโก๋,Tambon Riko,9611,6.057,101.845,2019-08-09T03:33:09.000+07:00,2025-09-20T06:31:26.000+07:00,
961106,96140,ตำบลกาวะ,Tambon Ka Wa,9611,6.02,101.889,2019-08-09T03:33:09.000+07:00,2025-09-20T06:31:26.000+07:00,
961201,96220,ตำบลจะแนะ,Tambon Chanae,9612,6.077,101.693,2019-08-09T03:33:09.000+07:00,2025-09-20T06:31:26.000+07:00,
961202,96220,ตำบลดุซงญอ,Tambon Dusong Yo,9612,6.123,101.643,2019-08-09T03:33:09.000+07:00,2025-09-20T06:31:26.000+07:00,
961203,96220,ตำบลผดุงมาตร,Tambon Phadung Mat,9612,6.132,101.728,2019-08-09T03:33:09.000+07:00,2025-09-20T06:31:26.000+07:00,
961204,96220,ตำบลช้างเผือก,Tambon Chang Phueak,9612,5.997,101.573,2019-08-09T03:33:09.000+07:00,2025-09-20T06:31:26.000+07:00,
961301,96130,ตำบลจวบ,Tambon Chuap,9613,6.256,101.817,2019-08-09T03:33:09.000+07:00,2025-09-20T06:31:26.000+07:00,
961302,96130,ตำบลบูกิต,Tambon Bukit,9613,6.182,101.828,2019-08-09T03:33:09.000+07:00,2025-09-20T06:31:26.000+07:00,
961303,96130,ตำบลมะรือโบออก,Tambon Maruebo Ok,9613,6.249,101.875,2019-08-09T03:33:09.000+07:00,2025-09-20T06:31:26.000+07:00,
